interval_start_local,interval_start_utc,interval_end_local,interval_end_utc,location,spp
2025-07-06T00:00:00-05:00,2025-07-06 05:00:00+00:00,2025-07-06T00:15:00-05:00,2025-07-06 05:15:00+00:00,SBEAN_BESS,69.82
2025-07-06T00:15:00-05:00,2025-07-06 05:15:00+00:00,2025-07-06T00:30:00-05:00,2025-07-06 05:30:00+00:00,SBEAN_BESS,70.68
2025-07-06T00:30:00-05:00,2025-07-06 05:30:00+00:00,2025-07-06T00:45:00-05:00,2025-07-06 05:45:00+00:00,SBEAN_BESS,73.39
2025-07-06T00:45:00-05:00,2025-07-06 05:45:00+00:00,2025-07-06T01:00:00-05:00,2025-07-06 06:00:00+00:00,SBEAN_BESS,79.38
2025-07-06T01:00:00-05:00,2025-07-06 06:00:00+00:00,2025-07-06T01:15:00-05:00,2025-07-06 06:15:00+00:00,SBEAN_BESS,92.89
2025-07-06T01:15:00-05:00,2025-07-06 06:15:00+00:00,2025-07-06T01:30:00-05:00,2025-07-06 06:30:00+00:00,SBEAN_BESS,88.89
2025-07-06T01:30:00-05:00,2025-07-06 06:30:00+00:00,2025-07-06T01:45:00-05:00,2025-07-06 06:45:00+00:00,SBEAN_BESS,89.45
2025-07-06T01:45:00-05:00,2025-07-06 06:45:00+00:00,2025-07-06T02:00:00-05:00,2025-07-06 07:00:00+00:00,SBEAN_BESS,93.32
2025-07-06T02:00:00-05:00,2025-07-06 07:00:00+00:00,2025-07-06T02:15:00-05:00,2025-07-06 07:15:00+00:00,SBEAN_BESS,111.03
2025-07-06T02:15:00-05:00,2025-07-06 07:15:00+00:00,2025-07-06T02:30:00-05:00,2025-07-06 07:30:00+00:00,SBEAN_BESS,64.7
2025-07-06T02:30:00-05:00,2025-07-06 07:30:00+00:00,2025-07-06T02:45:00-05:00,2025-07-06 07:45:00+00:00,SBEAN_BESS,92.13
2025-07-06T02:45:00-05:00,2025-07-06 07:45:00+00:00,2025-07-06T03:00:00-05:00,2025-07-06 08:00:00+00:00,SBEAN_BESS,95.07
2025-07-06T03:00:00-05:00,2025-07-06 08:00:00+00:00,2025-07-06T03:15:00-05:00,2025-07-06 08:15:00+00:00,SBEAN_BESS,99.24
2025-07-06T03:15:00-05:00,2025-07-06 08:15:00+00:00,2025-07-06T03:30:00-05:00,2025-07-06 08:30:00+00:00,SBEAN_BESS,99.5
2025-07-06T03:30:00-05:00,2025-07-06 08:30:00+00:00,2025-07-06T03:45:00-05:00,2025-07-06 08:45:00+00:00,SBEAN_BESS,102.17
2025-07-06T03:45:00-05:00,2025-07-06 08:45:00+00:00,2025-07-06T04:00:00-05:00,2025-07-06 09:00:00+00:00,SBEAN_BESS,99.73
2025-07-06T04:00:00-05:00,2025-07-06 09:00:00+00:00,2025-07-06T04:15:00-05:00,2025-07-06 09:15:00+00:00,SBEAN_BESS,99.12
2025-07-06T04:15:00-05:00,2025-07-06 09:15:00+00:00,2025-07-06T04:30:00-05:00,2025-07-06 09:30:00+00:00,SBEAN_BESS,117.93
2025-07-06T04:30:00-05:00,2025-07-06 09:30:00+00:00,2025-07-06T04:45:00-05:00,2025-07-06 09:45:00+00:00,SBEAN_BESS,54.65
2025-07-06T04:45:00-05:00,2025-07-06 09:45:00+00:00,2025-07-06T05:00:00-05:00,2025-07-06 10:00:00+00:00,SBEAN_BESS,85.95
2025-07-06T05:00:00-05:00,2025-07-06 10:00:00+00:00,2025-07-06T05:15:00-05:00,2025-07-06 10:15:00+00:00,SBEAN_BESS,131.83
2025-07-06T05:15:00-05:00,2025-07-06 10:15:00+00:00,2025-07-06T05:30:00-05:00,2025-07-06 10:30:00+00:00,SBEAN_BESS,88.55
2025-07-06T05:30:00-05:00,2025-07-06 10:30:00+00:00,2025-07-06T05:45:00-05:00,2025-07-06 10:45:00+00:00,SBEAN_BESS,56.84
2025-07-06T05:45:00-05:00,2025-07-06 10:45:00+00:00,2025-07-06T06:00:00-05:00,2025-07-06 11:00:00+00:00,SBEAN_BESS,150.58
2025-07-06T06:00:00-05:00,2025-07-06 11:00:00+00:00,2025-07-06T06:15:00-05:00,2025-07-06 11:15:00+00:00,SBEAN_BESS,55.85
2025-07-06T06:15:00-05:00,2025-07-06 11:15:00+00:00,2025-07-06T06:30:00-05:00,2025-07-06 11:30:00+00:00,SBEAN_BESS,86.0
2025-07-06T06:30:00-05:00,2025-07-06 11:30:00+00:00,2025-07-06T06:45:00-05:00,2025-07-06 11:45:00+00:00,SBEAN_BESS,191.7
2025-07-06T06:45:00-05:00,2025-07-06 11:45:00+00:00,2025-07-06T07:00:00-05:00,2025-07-06 12:00:00+00:00,SBEAN_BESS,60.24
2025-07-06T07:00:00-05:00,2025-07-06 12:00:00+00:00,2025-07-06T07:15:00-05:00,2025-07-06 12:15:00+00:00,SBEAN_BESS,51.13
2025-07-06T07:15:00-05:00,2025-07-06 12:15:00+00:00,2025-07-06T07:30:00-05:00,2025-07-06 12:30:00+00:00,SBEAN_BESS,57.77
2025-07-06T07:30:00-05:00,2025-07-06 12:30:00+00:00,2025-07-06T07:45:00-05:00,2025-07-06 12:45:00+00:00,SBEAN_BESS,39.71
2025-07-06T07:45:00-05:00,2025-07-06 12:45:00+00:00,2025-07-06T08:00:00-05:00,2025-07-06 13:00:00+00:00,SBEAN_BESS,26.31
2025-07-06T08:00:00-05:00,2025-07-06 13:00:00+00:00,2025-07-06T08:15:00-05:00,2025-07-06 13:15:00+00:00,SBEAN_BESS,27.37
2025-07-06T08:15:00-05:00,2025-07-06 13:15:00+00:00,2025-07-06T08:30:00-05:00,2025-07-06 13:30:00+00:00,SBEAN_BESS,23.88
2025-07-06T08:30:00-05:00,2025-07-06 13:30:00+00:00,2025-07-06T08:45:00-05:00,2025-07-06 13:45:00+00:00,SBEAN_BESS,22.18
2025-07-06T08:45:00-05:00,2025-07-06 13:45:00+00:00,2025-07-06T09:00:00-05:00,2025-07-06 14:00:00+00:00,SBEAN_BESS,22.36
2025-07-06T09:00:00-05:00,2025-07-06 14:00:00+00:00,2025-07-06T09:15:00-05:00,2025-07-06 14:15:00+00:00,SBEAN_BESS,23.15
2025-07-06T09:15:00-05:00,2025-07-06 14:15:00+00:00,2025-07-06T09:30:00-05:00,2025-07-06 14:30:00+00:00,SBEAN_BESS,23.82
2025-07-06T09:30:00-05:00,2025-07-06 14:30:00+00:00,2025-07-06T09:45:00-05:00,2025-07-06 14:45:00+00:00,SBEAN_BESS,23.95
2025-07-06T09:45:00-05:00,2025-07-06 14:45:00+00:00,2025-07-06T10:00:00-05:00,2025-07-06 15:00:00+00:00,SBEAN_BESS,23.59
2025-07-06T10:00:00-05:00,2025-07-06 15:00:00+00:00,2025-07-06T10:15:00-05:00,2025-07-06 15:15:00+00:00,SBEAN_BESS,23.42
2025-07-06T10:15:00-05:00,2025-07-06 15:15:00+00:00,2025-07-06T10:30:00-05:00,2025-07-06 15:30:00+00:00,SBEAN_BESS,23.72
2025-07-06T10:30:00-05:00,2025-07-06 15:30:00+00:00,2025-07-06T10:45:00-05:00,2025-07-06 15:45:00+00:00,SBEAN_BESS,22.86
2025-07-06T10:45:00-05:00,2025-07-06 15:45:00+00:00,2025-07-06T11:00:00-05:00,2025-07-06 16:00:00+00:00,SBEAN_BESS,22.58
2025-07-06T11:00:00-05:00,2025-07-06 16:00:00+00:00,2025-07-06T11:15:00-05:00,2025-07-06 16:15:00+00:00,SBEAN_BESS,23.28
2025-07-06T11:15:00-05:00,2025-07-06 16:15:00+00:00,2025-07-06T11:30:00-05:00,2025-07-06 16:30:00+00:00,SBEAN_BESS,22.22
2025-07-06T11:30:00-05:00,2025-07-06 16:30:00+00:00,2025-07-06T11:45:00-05:00,2025-07-06 16:45:00+00:00,SBEAN_BESS,22.74
2025-07-06T11:45:00-05:00,2025-07-06 16:45:00+00:00,2025-07-06T12:00:00-05:00,2025-07-06 17:00:00+00:00,SBEAN_BESS,22.44
2025-07-06T12:00:00-05:00,2025-07-06 17:00:00+00:00,2025-07-06T12:15:00-05:00,2025-07-06 17:15:00+00:00,SBEAN_BESS,21.68
2025-07-06T12:15:00-05:00,2025-07-06 17:15:00+00:00,2025-07-06T12:30:00-05:00,2025-07-06 17:30:00+00:00,SBEAN_BESS,21.17
2025-07-06T12:30:00-05:00,2025-07-06 17:30:00+00:00,2025-07-06T12:45:00-05:00,2025-07-06 17:45:00+00:00,SBEAN_BESS,21.38
2025-07-06T12:45:00-05:00,2025-07-06 17:45:00+00:00,2025-07-06T13:00:00-05:00,2025-07-06 18:00:00+00:00,SBEAN_BESS,21.12
2025-07-06T13:00:00-05:00,2025-07-06 18:00:00+00:00,2025-07-06T13:15:00-05:00,2025-07-06 18:15:00+00:00,SBEAN_BESS,22.82
2025-07-06T13:15:00-05:00,2025-07-06 18:15:00+00:00,2025-07-06T13:30:00-05:00,2025-07-06 18:30:00+00:00,SBEAN_BESS,23.17
2025-07-06T13:30:00-05:00,2025-07-06 18:30:00+00:00,2025-07-06T13:45:00-05:00,2025-07-06 18:45:00+00:00,SBEAN_BESS,22.01
2025-07-06T13:45:00-05:00,2025-07-06 18:45:00+00:00,2025-07-06T14:00:00-05:00,2025-07-06 19:00:00+00:00,SBEAN_BESS,21.0
2025-07-06T14:00:00-05:00,2025-07-06 19:00:00+00:00,2025-07-06T14:15:00-05:00,2025-07-06 19:15:00+00:00,SBEAN_BESS,20.24
2025-07-06T14:15:00-05:00,2025-07-06 19:15:00+00:00,2025-07-06T14:30:00-05:00,2025-07-06 19:30:00+00:00,SBEAN_BESS,20.36
2025-07-06T14:30:00-05:00,2025-07-06 19:30:00+00:00,2025-07-06T14:45:00-05:00,2025-07-06 19:45:00+00:00,SBEAN_BESS,22.77
2025-07-06T14:45:00-05:00,2025-07-06 19:45:00+00:00,2025-07-06T15:00:00-05:00,2025-07-06 20:00:00+00:00,SBEAN_BESS,21.84
2025-07-06T15:00:00-05:00,2025-07-06 20:00:00+00:00,2025-07-06T15:15:00-05:00,2025-07-06 20:15:00+00:00,SBEAN_BESS,21.47
2025-07-06T15:15:00-05:00,2025-07-06 20:15:00+00:00,2025-07-06T15:30:00-05:00,2025-07-06 20:30:00+00:00,SBEAN_BESS,20.55
2025-07-06T15:30:00-05:00,2025-07-06 20:30:00+00:00,2025-07-06T15:45:00-05:00,2025-07-06 20:45:00+00:00,SBEAN_BESS,21.29
2025-07-06T15:45:00-05:00,2025-07-06 20:45:00+00:00,2025-07-06T16:00:00-05:00,2025-07-06 21:00:00+00:00,SBEAN_BESS,21.04
2025-07-06T16:00:00-05:00,2025-07-06 21:00:00+00:00,2025-07-06T16:15:00-05:00,2025-07-06 21:15:00+00:00,SBEAN_BESS,20.66
2025-07-06T16:15:00-05:00,2025-07-06 21:15:00+00:00,2025-07-06T16:30:00-05:00,2025-07-06 21:30:00+00:00,SBEAN_BESS,21.23
2025-07-06T16:30:00-05:00,2025-07-06 21:30:00+00:00,2025-07-06T16:45:00-05:00,2025-07-06 21:45:00+00:00,SBEAN_BESS,21.47
2025-07-06T16:45:00-05:00,2025-07-06 21:45:00+00:00,2025-07-06T17:00:00-05:00,2025-07-06 22:00:00+00:00,SBEAN_BESS,23.89
2025-07-06T17:00:00-05:00,2025-07-06 22:00:00+00:00,2025-07-06T17:15:00-05:00,2025-07-06 22:15:00+00:00,SBEAN_BESS,24.07
2025-07-06T17:15:00-05:00,2025-07-06 22:15:00+00:00,2025-07-06T17:30:00-05:00,2025-07-06 22:30:00+00:00,SBEAN_BESS,24.68
2025-07-06T17:30:00-05:00,2025-07-06 22:30:00+00:00,2025-07-06T17:45:00-05:00,2025-07-06 22:45:00+00:00,SBEAN_BESS,22.9
2025-07-06T17:45:00-05:00,2025-07-06 22:45:00+00:00,2025-07-06T18:00:00-05:00,2025-07-06 23:00:00+00:00,SBEAN_BESS,23.98
2025-07-06T18:00:00-05:00,2025-07-06 23:00:00+00:00,2025-07-06T18:15:00-05:00,2025-07-06 23:15:00+00:00,SBEAN_BESS,22.86
2025-07-06T18:15:00-05:00,2025-07-06 23:15:00+00:00,2025-07-06T18:30:00-05:00,2025-07-06 23:30:00+00:00,SBEAN_BESS,26.07
2025-07-06T18:30:00-05:00,2025-07-06 23:30:00+00:00,2025-07-06T18:45:00-05:00,2025-07-06 23:45:00+00:00,SBEAN_BESS,31.63
2025-07-06T18:45:00-05:00,2025-07-06 23:45:00+00:00,2025-07-06T19:00:00-05:00,2025-07-07 00:00:00+00:00,SBEAN_BESS,32.75
2025-07-06T19:00:00-05:00,2025-07-07 00:00:00+00:00,2025-07-06T19:15:00-05:00,2025-07-07 00:15:00+00:00,SBEAN_BESS,31.57
2025-07-06T19:15:00-05:00,2025-07-07 00:15:00+00:00,2025-07-06T19:30:00-05:00,2025-07-07 00:30:00+00:00,SBEAN_BESS,41.82
2025-07-06T19:30:00-05:00,2025-07-07 00:30:00+00:00,2025-07-06T19:45:00-05:00,2025-07-07 00:45:00+00:00,SBEAN_BESS,49.12
2025-07-06T19:45:00-05:00,2025-07-07 00:45:00+00:00,2025-07-06T20:00:00-05:00,2025-07-07 01:00:00+00:00,SBEAN_BESS,53.66
2025-07-06T20:00:00-05:00,2025-07-07 01:00:00+00:00,2025-07-06T20:15:00-05:00,2025-07-07 01:15:00+00:00,SBEAN_BESS,59.01
2025-07-06T20:15:00-05:00,2025-07-07 01:15:00+00:00,2025-07-06T20:30:00-05:00,2025-07-07 01:30:00+00:00,SBEAN_BESS,92.82
2025-07-06T20:30:00-05:00,2025-07-07 01:30:00+00:00,2025-07-06T20:45:00-05:00,2025-07-07 01:45:00+00:00,SBEAN_BESS,98.87
2025-07-06T20:45:00-05:00,2025-07-07 01:45:00+00:00,2025-07-06T21:00:00-05:00,2025-07-07 02:00:00+00:00,SBEAN_BESS,69.29
2025-07-06T21:00:00-05:00,2025-07-07 02:00:00+00:00,2025-07-06T21:15:00-05:00,2025-07-07 02:15:00+00:00,SBEAN_BESS,83.6
2025-07-06T21:15:00-05:00,2025-07-07 02:15:00+00:00,2025-07-06T21:30:00-05:00,2025-07-07 02:30:00+00:00,SBEAN_BESS,82.13
2025-07-06T21:30:00-05:00,2025-07-07 02:30:00+00:00,2025-07-06T21:45:00-05:00,2025-07-07 02:45:00+00:00,SBEAN_BESS,75.17
2025-07-06T21:45:00-05:00,2025-07-07 02:45:00+00:00,2025-07-06T22:00:00-05:00,2025-07-07 03:00:00+00:00,SBEAN_BESS,75.0
2025-07-06T22:00:00-05:00,2025-07-07 03:00:00+00:00,2025-07-06T22:15:00-05:00,2025-07-07 03:15:00+00:00,SBEAN_BESS,75.03
2025-07-06T22:15:00-05:00,2025-07-07 03:15:00+00:00,2025-07-06T22:30:00-05:00,2025-07-07 03:30:00+00:00,SBEAN_BESS,67.79
2025-07-06T22:30:00-05:00,2025-07-07 03:30:00+00:00,2025-07-06T22:45:00-05:00,2025-07-07 03:45:00+00:00,SBEAN_BESS,55.85
2025-07-06T22:45:00-05:00,2025-07-07 03:45:00+00:00,2025-07-06T23:00:00-05:00,2025-07-07 04:00:00+00:00,SBEAN_BESS,56.33
2025-07-06T23:00:00-05:00,2025-07-07 04:00:00+00:00,2025-07-06T23:15:00-05:00,2025-07-07 04:15:00+00:00,SBEAN_BESS,57.36
2025-07-06T23:15:00-05:00,2025-07-07 04:15:00+00:00,2025-07-06T23:30:00-05:00,2025-07-07 04:30:00+00:00,SBEAN_BESS,66.62
2025-07-06T23:30:00-05:00,2025-07-07 04:30:00+00:00,2025-07-06T23:45:00-05:00,2025-07-07 04:45:00+00:00,SBEAN_BESS,65.18
2025-07-06T23:45:00-05:00,2025-07-07 04:45:00+00:00,2025-07-07T00:00:00-05:00,2025-07-07 05:00:00+00:00,SBEAN_BESS,55.69
2025-07-07T00:00:00-05:00,2025-07-07 05:00:00+00:00,2025-07-07T00:15:00-05:00,2025-07-07 05:15:00+00:00,SBEAN_BESS,45.35
2025-07-07T00:15:00-05:00,2025-07-07 05:15:00+00:00,2025-07-07T00:30:00-05:00,2025-07-07 05:30:00+00:00,SBEAN_BESS,48.03
2025-07-07T00:30:00-05:00,2025-07-07 05:30:00+00:00,2025-07-07T00:45:00-05:00,2025-07-07 05:45:00+00:00,SBEAN_BESS,45.9
2025-07-07T00:45:00-05:00,2025-07-07 05:45:00+00:00,2025-07-07T01:00:00-05:00,2025-07-07 06:00:00+00:00,SBEAN_BESS,48.63
2025-07-07T01:00:00-05:00,2025-07-07 06:00:00+00:00,2025-07-07T01:15:00-05:00,2025-07-07 06:15:00+00:00,SBEAN_BESS,44.15
2025-07-07T01:15:00-05:00,2025-07-07 06:15:00+00:00,2025-07-07T01:30:00-05:00,2025-07-07 06:30:00+00:00,SBEAN_BESS,44.09
2025-07-07T01:30:00-05:00,2025-07-07 06:30:00+00:00,2025-07-07T01:45:00-05:00,2025-07-07 06:45:00+00:00,SBEAN_BESS,32.77
2025-07-07T01:45:00-05:00,2025-07-07 06:45:00+00:00,2025-07-07T02:00:00-05:00,2025-07-07 07:00:00+00:00,SBEAN_BESS,38.59
2025-07-07T02:00:00-05:00,2025-07-07 07:00:00+00:00,2025-07-07T02:15:00-05:00,2025-07-07 07:15:00+00:00,SBEAN_BESS,30.1
2025-07-07T02:15:00-05:00,2025-07-07 07:15:00+00:00,2025-07-07T02:30:00-05:00,2025-07-07 07:30:00+00:00,SBEAN_BESS,36.55
2025-07-07T02:30:00-05:00,2025-07-07 07:30:00+00:00,2025-07-07T02:45:00-05:00,2025-07-07 07:45:00+00:00,SBEAN_BESS,39.07
2025-07-07T02:45:00-05:00,2025-07-07 07:45:00+00:00,2025-07-07T03:00:00-05:00,2025-07-07 08:00:00+00:00,SBEAN_BESS,38.55
2025-07-07T03:00:00-05:00,2025-07-07 08:00:00+00:00,2025-07-07T03:15:00-05:00,2025-07-07 08:15:00+00:00,SBEAN_BESS,42.34
2025-07-07T03:15:00-05:00,2025-07-07 08:15:00+00:00,2025-07-07T03:30:00-05:00,2025-07-07 08:30:00+00:00,SBEAN_BESS,45.04
2025-07-07T03:30:00-05:00,2025-07-07 08:30:00+00:00,2025-07-07T03:45:00-05:00,2025-07-07 08:45:00+00:00,SBEAN_BESS,33.87
2025-07-07T03:45:00-05:00,2025-07-07 08:45:00+00:00,2025-07-07T04:00:00-05:00,2025-07-07 09:00:00+00:00,SBEAN_BESS,47.62
2025-07-07T04:00:00-05:00,2025-07-07 09:00:00+00:00,2025-07-07T04:15:00-05:00,2025-07-07 09:15:00+00:00,SBEAN_BESS,62.87
2025-07-07T04:15:00-05:00,2025-07-07 09:15:00+00:00,2025-07-07T04:30:00-05:00,2025-07-07 09:30:00+00:00,SBEAN_BESS,63.65
2025-07-07T04:30:00-05:00,2025-07-07 09:30:00+00:00,2025-07-07T04:45:00-05:00,2025-07-07 09:45:00+00:00,SBEAN_BESS,63.48
2025-07-07T04:45:00-05:00,2025-07-07 09:45:00+00:00,2025-07-07T05:00:00-05:00,2025-07-07 10:00:00+00:00,SBEAN_BESS,63.96
2025-07-07T05:00:00-05:00,2025-07-07 10:00:00+00:00,2025-07-07T05:15:00-05:00,2025-07-07 10:15:00+00:00,SBEAN_BESS,63.0
2025-07-07T05:15:00-05:00,2025-07-07 10:15:00+00:00,2025-07-07T05:30:00-05:00,2025-07-07 10:30:00+00:00,SBEAN_BESS,51.5
2025-07-07T05:30:00-05:00,2025-07-07 10:30:00+00:00,2025-07-07T05:45:00-05:00,2025-07-07 10:45:00+00:00,SBEAN_BESS,47.07
2025-07-07T05:45:00-05:00,2025-07-07 10:45:00+00:00,2025-07-07T06:00:00-05:00,2025-07-07 11:00:00+00:00,SBEAN_BESS,45.76
2025-07-07T06:00:00-05:00,2025-07-07 11:00:00+00:00,2025-07-07T06:15:00-05:00,2025-07-07 11:15:00+00:00,SBEAN_BESS,42.23
2025-07-07T06:15:00-05:00,2025-07-07 11:15:00+00:00,2025-07-07T06:30:00-05:00,2025-07-07 11:30:00+00:00,SBEAN_BESS,41.23
2025-07-07T06:30:00-05:00,2025-07-07 11:30:00+00:00,2025-07-07T06:45:00-05:00,2025-07-07 11:45:00+00:00,SBEAN_BESS,37.74
2025-07-07T06:45:00-05:00,2025-07-07 11:45:00+00:00,2025-07-07T07:00:00-05:00,2025-07-07 12:00:00+00:00,SBEAN_BESS,35.05
2025-07-07T07:00:00-05:00,2025-07-07 12:00:00+00:00,2025-07-07T07:15:00-05:00,2025-07-07 12:15:00+00:00,SBEAN_BESS,34.72
2025-07-07T07:15:00-05:00,2025-07-07 12:15:00+00:00,2025-07-07T07:30:00-05:00,2025-07-07 12:30:00+00:00,SBEAN_BESS,32.59
2025-07-07T07:30:00-05:00,2025-07-07 12:30:00+00:00,2025-07-07T07:45:00-05:00,2025-07-07 12:45:00+00:00,SBEAN_BESS,28.35
2025-07-07T07:45:00-05:00,2025-07-07 12:45:00+00:00,2025-07-07T08:00:00-05:00,2025-07-07 13:00:00+00:00,SBEAN_BESS,27.14
2025-07-07T08:00:00-05:00,2025-07-07 13:00:00+00:00,2025-07-07T08:15:00-05:00,2025-07-07 13:15:00+00:00,SBEAN_BESS,24.51
2025-07-07T08:15:00-05:00,2025-07-07 13:15:00+00:00,2025-07-07T08:30:00-05:00,2025-07-07 13:30:00+00:00,SBEAN_BESS,23.33
2025-07-07T08:30:00-05:00,2025-07-07 13:30:00+00:00,2025-07-07T08:45:00-05:00,2025-07-07 13:45:00+00:00,SBEAN_BESS,22.73
2025-07-07T08:45:00-05:00,2025-07-07 13:45:00+00:00,2025-07-07T09:00:00-05:00,2025-07-07 14:00:00+00:00,SBEAN_BESS,21.99
2025-07-07T09:00:00-05:00,2025-07-07 14:00:00+00:00,2025-07-07T09:15:00-05:00,2025-07-07 14:15:00+00:00,SBEAN_BESS,22.75
2025-07-07T09:15:00-05:00,2025-07-07 14:15:00+00:00,2025-07-07T09:30:00-05:00,2025-07-07 14:30:00+00:00,SBEAN_BESS,23.22
2025-07-07T09:30:00-05:00,2025-07-07 14:30:00+00:00,2025-07-07T09:45:00-05:00,2025-07-07 14:45:00+00:00,SBEAN_BESS,22.7
2025-07-07T09:45:00-05:00,2025-07-07 14:45:00+00:00,2025-07-07T10:00:00-05:00,2025-07-07 15:00:00+00:00,SBEAN_BESS,22.15
2025-07-07T10:00:00-05:00,2025-07-07 15:00:00+00:00,2025-07-07T10:15:00-05:00,2025-07-07 15:15:00+00:00,SBEAN_BESS,22.49
2025-07-07T10:15:00-05:00,2025-07-07 15:15:00+00:00,2025-07-07T10:30:00-05:00,2025-07-07 15:30:00+00:00,SBEAN_BESS,22.74
2025-07-07T10:30:00-05:00,2025-07-07 15:30:00+00:00,2025-07-07T10:45:00-05:00,2025-07-07 15:45:00+00:00,SBEAN_BESS,23.35
2025-07-07T10:45:00-05:00,2025-07-07 15:45:00+00:00,2025-07-07T11:00:00-05:00,2025-07-07 16:00:00+00:00,SBEAN_BESS,23.1
2025-07-07T11:00:00-05:00,2025-07-07 16:00:00+00:00,2025-07-07T11:15:00-05:00,2025-07-07 16:15:00+00:00,SBEAN_BESS,23.59
2025-07-07T11:15:00-05:00,2025-07-07 16:15:00+00:00,2025-07-07T11:30:00-05:00,2025-07-07 16:30:00+00:00,SBEAN_BESS,23.31
2025-07-07T11:30:00-05:00,2025-07-07 16:30:00+00:00,2025-07-07T11:45:00-05:00,2025-07-07 16:45:00+00:00,SBEAN_BESS,22.94
2025-07-07T11:45:00-05:00,2025-07-07 16:45:00+00:00,2025-07-07T12:00:00-05:00,2025-07-07 17:00:00+00:00,SBEAN_BESS,23.08
2025-07-07T12:00:00-05:00,2025-07-07 17:00:00+00:00,2025-07-07T12:15:00-05:00,2025-07-07 17:15:00+00:00,SBEAN_BESS,23.26
2025-07-07T12:15:00-05:00,2025-07-07 17:15:00+00:00,2025-07-07T12:30:00-05:00,2025-07-07 17:30:00+00:00,SBEAN_BESS,24.8
2025-07-07T12:30:00-05:00,2025-07-07 17:30:00+00:00,2025-07-07T12:45:00-05:00,2025-07-07 17:45:00+00:00,SBEAN_BESS,23.85
2025-07-07T12:45:00-05:00,2025-07-07 17:45:00+00:00,2025-07-07T13:00:00-05:00,2025-07-07 18:00:00+00:00,SBEAN_BESS,25.95
2025-07-07T13:00:00-05:00,2025-07-07 18:00:00+00:00,2025-07-07T13:15:00-05:00,2025-07-07 18:15:00+00:00,SBEAN_BESS,24.91
2025-07-07T13:15:00-05:00,2025-07-07 18:15:00+00:00,2025-07-07T13:30:00-05:00,2025-07-07 18:30:00+00:00,SBEAN_BESS,25.69
2025-07-07T13:30:00-05:00,2025-07-07 18:30:00+00:00,2025-07-07T13:45:00-05:00,2025-07-07 18:45:00+00:00,SBEAN_BESS,29.47
2025-07-07T13:45:00-05:00,2025-07-07 18:45:00+00:00,2025-07-07T14:00:00-05:00,2025-07-07 19:00:00+00:00,SBEAN_BESS,30.05
2025-07-07T14:00:00-05:00,2025-07-07 19:00:00+00:00,2025-07-07T14:15:00-05:00,2025-07-07 19:15:00+00:00,SBEAN_BESS,37.03
2025-07-07T14:15:00-05:00,2025-07-07 19:15:00+00:00,2025-07-07T14:30:00-05:00,2025-07-07 19:30:00+00:00,SBEAN_BESS,27.55
2025-07-07T14:30:00-05:00,2025-07-07 19:30:00+00:00,2025-07-07T14:45:00-05:00,2025-07-07 19:45:00+00:00,SBEAN_BESS,27.35
2025-07-07T14:45:00-05:00,2025-07-07 19:45:00+00:00,2025-07-07T15:00:00-05:00,2025-07-07 20:00:00+00:00,SBEAN_BESS,27.3
2025-07-07T15:00:00-05:00,2025-07-07 20:00:00+00:00,2025-07-07T15:15:00-05:00,2025-07-07 20:15:00+00:00,SBEAN_BESS,23.7
2025-07-07T15:15:00-05:00,2025-07-07 20:15:00+00:00,2025-07-07T15:30:00-05:00,2025-07-07 20:30:00+00:00,SBEAN_BESS,21.7
2025-07-07T15:30:00-05:00,2025-07-07 20:30:00+00:00,2025-07-07T15:45:00-05:00,2025-07-07 20:45:00+00:00,SBEAN_BESS,25.26
2025-07-07T15:45:00-05:00,2025-07-07 20:45:00+00:00,2025-07-07T16:00:00-05:00,2025-07-07 21:00:00+00:00,SBEAN_BESS,32.73
2025-07-07T16:00:00-05:00,2025-07-07 21:00:00+00:00,2025-07-07T16:15:00-05:00,2025-07-07 21:15:00+00:00,SBEAN_BESS,37.51
2025-07-07T16:15:00-05:00,2025-07-07 21:15:00+00:00,2025-07-07T16:30:00-05:00,2025-07-07 21:30:00+00:00,SBEAN_BESS,41.84
2025-07-07T16:30:00-05:00,2025-07-07 21:30:00+00:00,2025-07-07T16:45:00-05:00,2025-07-07 21:45:00+00:00,SBEAN_BESS,48.39
2025-07-07T16:45:00-05:00,2025-07-07 21:45:00+00:00,2025-07-07T17:00:00-05:00,2025-07-07 22:00:00+00:00,SBEAN_BESS,30.11
2025-07-07T17:00:00-05:00,2025-07-07 22:00:00+00:00,2025-07-07T17:15:00-05:00,2025-07-07 22:15:00+00:00,SBEAN_BESS,25.8
2025-07-07T17:15:00-05:00,2025-07-07 22:15:00+00:00,2025-07-07T17:30:00-05:00,2025-07-07 22:30:00+00:00,SBEAN_BESS,35.79
2025-07-07T17:30:00-05:00,2025-07-07 22:30:00+00:00,2025-07-07T17:45:00-05:00,2025-07-07 22:45:00+00:00,SBEAN_BESS,32.2
2025-07-07T17:45:00-05:00,2025-07-07 22:45:00+00:00,2025-07-07T18:00:00-05:00,2025-07-07 23:00:00+00:00,SBEAN_BESS,29.77
2025-07-07T18:00:00-05:00,2025-07-07 23:00:00+00:00,2025-07-07T18:15:00-05:00,2025-07-07 23:15:00+00:00,SBEAN_BESS,29.5
2025-07-07T18:15:00-05:00,2025-07-07 23:15:00+00:00,2025-07-07T18:30:00-05:00,2025-07-07 23:30:00+00:00,SBEAN_BESS,33.03
2025-07-07T18:30:00-05:00,2025-07-07 23:30:00+00:00,2025-07-07T18:45:00-05:00,2025-07-07 23:45:00+00:00,SBEAN_BESS,39.55
2025-07-07T18:45:00-05:00,2025-07-07 23:45:00+00:00,2025-07-07T19:00:00-05:00,2025-07-08 00:00:00+00:00,SBEAN_BESS,45.55
2025-07-07T19:00:00-05:00,2025-07-08 00:00:00+00:00,2025-07-07T19:15:00-05:00,2025-07-08 00:15:00+00:00,SBEAN_BESS,47.26
2025-07-07T19:15:00-05:00,2025-07-08 00:15:00+00:00,2025-07-07T19:30:00-05:00,2025-07-08 00:30:00+00:00,SBEAN_BESS,62.29
2025-07-07T19:30:00-05:00,2025-07-08 00:30:00+00:00,2025-07-07T19:45:00-05:00,2025-07-08 00:45:00+00:00,SBEAN_BESS,82.39
2025-07-07T19:45:00-05:00,2025-07-08 00:45:00+00:00,2025-07-07T20:00:00-05:00,2025-07-08 01:00:00+00:00,SBEAN_BESS,96.1
2025-07-07T20:00:00-05:00,2025-07-08 01:00:00+00:00,2025-07-07T20:15:00-05:00,2025-07-08 01:15:00+00:00,SBEAN_BESS,74.78
2025-07-07T20:15:00-05:00,2025-07-08 01:15:00+00:00,2025-07-07T20:30:00-05:00,2025-07-08 01:30:00+00:00,SBEAN_BESS,62.95
2025-07-07T20:30:00-05:00,2025-07-08 01:30:00+00:00,2025-07-07T20:45:00-05:00,2025-07-08 01:45:00+00:00,SBEAN_BESS,53.2
2025-07-07T20:45:00-05:00,2025-07-08 01:45:00+00:00,2025-07-07T21:00:00-05:00,2025-07-08 02:00:00+00:00,SBEAN_BESS,50.7
2025-07-07T21:00:00-05:00,2025-07-08 02:00:00+00:00,2025-07-07T21:15:00-05:00,2025-07-08 02:15:00+00:00,SBEAN_BESS,68.79
2025-07-07T21:15:00-05:00,2025-07-08 02:15:00+00:00,2025-07-07T21:30:00-05:00,2025-07-08 02:30:00+00:00,SBEAN_BESS,79.67
2025-07-07T21:30:00-05:00,2025-07-08 02:30:00+00:00,2025-07-07T21:45:00-05:00,2025-07-08 02:45:00+00:00,SBEAN_BESS,77.18
2025-07-07T21:45:00-05:00,2025-07-08 02:45:00+00:00,2025-07-07T22:00:00-05:00,2025-07-08 03:00:00+00:00,SBEAN_BESS,78.25
2025-07-07T22:00:00-05:00,2025-07-08 03:00:00+00:00,2025-07-07T22:15:00-05:00,2025-07-08 03:15:00+00:00,SBEAN_BESS,85.42
2025-07-07T22:15:00-05:00,2025-07-08 03:15:00+00:00,2025-07-07T22:30:00-05:00,2025-07-08 03:30:00+00:00,SBEAN_BESS,82.34
2025-07-07T22:30:00-05:00,2025-07-08 03:30:00+00:00,2025-07-07T22:45:00-05:00,2025-07-08 03:45:00+00:00,SBEAN_BESS,80.59
2025-07-07T22:45:00-05:00,2025-07-08 03:45:00+00:00,2025-07-07T23:00:00-05:00,2025-07-08 04:00:00+00:00,SBEAN_BESS,77.83
2025-07-07T23:00:00-05:00,2025-07-08 04:00:00+00:00,2025-07-07T23:15:00-05:00,2025-07-08 04:15:00+00:00,SBEAN_BESS,73.39
2025-07-07T23:15:00-05:00,2025-07-08 04:15:00+00:00,2025-07-07T23:30:00-05:00,2025-07-08 04:30:00+00:00,SBEAN_BESS,69.23
2025-07-07T23:30:00-05:00,2025-07-08 04:30:00+00:00,2025-07-07T23:45:00-05:00,2025-07-08 04:45:00+00:00,SBEAN_BESS,57.32
2025-07-07T23:45:00-05:00,2025-07-08 04:45:00+00:00,2025-07-08T00:00:00-05:00,2025-07-08 05:00:00+00:00,SBEAN_BESS,57.42
2025-07-08T00:00:00-05:00,2025-07-08 05:00:00+00:00,2025-07-08T00:15:00-05:00,2025-07-08 05:15:00+00:00,SBEAN_BESS,59.62
2025-07-08T00:15:00-05:00,2025-07-08 05:15:00+00:00,2025-07-08T00:30:00-05:00,2025-07-08 05:30:00+00:00,SBEAN_BESS,58.87
2025-07-08T00:30:00-05:00,2025-07-08 05:30:00+00:00,2025-07-08T00:45:00-05:00,2025-07-08 05:45:00+00:00,SBEAN_BESS,57.85
2025-07-08T00:45:00-05:00,2025-07-08 05:45:00+00:00,2025-07-08T01:00:00-05:00,2025-07-08 06:00:00+00:00,SBEAN_BESS,67.0
2025-07-08T01:00:00-05:00,2025-07-08 06:00:00+00:00,2025-07-08T01:15:00-05:00,2025-07-08 06:15:00+00:00,SBEAN_BESS,73.5
2025-07-08T01:15:00-05:00,2025-07-08 06:15:00+00:00,2025-07-08T01:30:00-05:00,2025-07-08 06:30:00+00:00,SBEAN_BESS,71.57
2025-07-08T01:30:00-05:00,2025-07-08 06:30:00+00:00,2025-07-08T01:45:00-05:00,2025-07-08 06:45:00+00:00,SBEAN_BESS,84.49
2025-07-08T01:45:00-05:00,2025-07-08 06:45:00+00:00,2025-07-08T02:00:00-05:00,2025-07-08 07:00:00+00:00,SBEAN_BESS,86.79
2025-07-08T02:00:00-05:00,2025-07-08 07:00:00+00:00,2025-07-08T02:15:00-05:00,2025-07-08 07:15:00+00:00,SBEAN_BESS,102.37
2025-07-08T02:15:00-05:00,2025-07-08 07:15:00+00:00,2025-07-08T02:30:00-05:00,2025-07-08 07:30:00+00:00,SBEAN_BESS,90.3
2025-07-08T02:30:00-05:00,2025-07-08 07:30:00+00:00,2025-07-08T02:45:00-05:00,2025-07-08 07:45:00+00:00,SBEAN_BESS,60.03
2025-07-08T02:45:00-05:00,2025-07-08 07:45:00+00:00,2025-07-08T03:00:00-05:00,2025-07-08 08:00:00+00:00,SBEAN_BESS,60.17
2025-07-08T03:00:00-05:00,2025-07-08 08:00:00+00:00,2025-07-08T03:15:00-05:00,2025-07-08 08:15:00+00:00,SBEAN_BESS,63.24
2025-07-08T03:15:00-05:00,2025-07-08 08:15:00+00:00,2025-07-08T03:30:00-05:00,2025-07-08 08:30:00+00:00,SBEAN_BESS,66.72
2025-07-08T03:30:00-05:00,2025-07-08 08:30:00+00:00,2025-07-08T03:45:00-05:00,2025-07-08 08:45:00+00:00,SBEAN_BESS,88.96
2025-07-08T03:45:00-05:00,2025-07-08 08:45:00+00:00,2025-07-08T04:00:00-05:00,2025-07-08 09:00:00+00:00,SBEAN_BESS,103.27
2025-07-08T04:00:00-05:00,2025-07-08 09:00:00+00:00,2025-07-08T04:15:00-05:00,2025-07-08 09:15:00+00:00,SBEAN_BESS,60.53
2025-07-08T04:15:00-05:00,2025-07-08 09:15:00+00:00,2025-07-08T04:30:00-05:00,2025-07-08 09:30:00+00:00,SBEAN_BESS,46.99
2025-07-08T04:30:00-05:00,2025-07-08 09:30:00+00:00,2025-07-08T04:45:00-05:00,2025-07-08 09:45:00+00:00,SBEAN_BESS,95.04
2025-07-08T04:45:00-05:00,2025-07-08 09:45:00+00:00,2025-07-08T05:00:00-05:00,2025-07-08 10:00:00+00:00,SBEAN_BESS,53.06
2025-07-08T05:00:00-05:00,2025-07-08 10:00:00+00:00,2025-07-08T05:15:00-05:00,2025-07-08 10:15:00+00:00,SBEAN_BESS,41.78
2025-07-08T05:15:00-05:00,2025-07-08 10:15:00+00:00,2025-07-08T05:30:00-05:00,2025-07-08 10:30:00+00:00,SBEAN_BESS,65.76
2025-07-08T05:30:00-05:00,2025-07-08 10:30:00+00:00,2025-07-08T05:45:00-05:00,2025-07-08 10:45:00+00:00,SBEAN_BESS,81.25
2025-07-08T05:45:00-05:00,2025-07-08 10:45:00+00:00,2025-07-08T06:00:00-05:00,2025-07-08 11:00:00+00:00,SBEAN_BESS,80.83
2025-07-08T06:00:00-05:00,2025-07-08 11:00:00+00:00,2025-07-08T06:15:00-05:00,2025-07-08 11:15:00+00:00,SBEAN_BESS,88.69
2025-07-08T06:15:00-05:00,2025-07-08 11:15:00+00:00,2025-07-08T06:30:00-05:00,2025-07-08 11:30:00+00:00,SBEAN_BESS,82.64
2025-07-08T06:30:00-05:00,2025-07-08 11:30:00+00:00,2025-07-08T06:45:00-05:00,2025-07-08 11:45:00+00:00,SBEAN_BESS,92.02
2025-07-08T06:45:00-05:00,2025-07-08 11:45:00+00:00,2025-07-08T07:00:00-05:00,2025-07-08 12:00:00+00:00,SBEAN_BESS,61.51
2025-07-08T07:00:00-05:00,2025-07-08 12:00:00+00:00,2025-07-08T07:15:00-05:00,2025-07-08 12:15:00+00:00,SBEAN_BESS,25.08
2025-07-08T07:15:00-05:00,2025-07-08 12:15:00+00:00,2025-07-08T07:30:00-05:00,2025-07-08 12:30:00+00:00,SBEAN_BESS,24.8
2025-07-08T07:30:00-05:00,2025-07-08 12:30:00+00:00,2025-07-08T07:45:00-05:00,2025-07-08 12:45:00+00:00,SBEAN_BESS,25.1
2025-07-08T07:45:00-05:00,2025-07-08 12:45:00+00:00,2025-07-08T08:00:00-05:00,2025-07-08 13:00:00+00:00,SBEAN_BESS,24.03
2025-07-08T08:00:00-05:00,2025-07-08 13:00:00+00:00,2025-07-08T08:15:00-05:00,2025-07-08 13:15:00+00:00,SBEAN_BESS,27.16
2025-07-08T08:15:00-05:00,2025-07-08 13:15:00+00:00,2025-07-08T08:30:00-05:00,2025-07-08 13:30:00+00:00,SBEAN_BESS,23.98
2025-07-08T08:30:00-05:00,2025-07-08 13:30:00+00:00,2025-07-08T08:45:00-05:00,2025-07-08 13:45:00+00:00,SBEAN_BESS,22.99
2025-07-08T08:45:00-05:00,2025-07-08 13:45:00+00:00,2025-07-08T09:00:00-05:00,2025-07-08 14:00:00+00:00,SBEAN_BESS,22.71
2025-07-08T09:00:00-05:00,2025-07-08 14:00:00+00:00,2025-07-08T09:15:00-05:00,2025-07-08 14:15:00+00:00,SBEAN_BESS,22.97
2025-07-08T09:15:00-05:00,2025-07-08 14:15:00+00:00,2025-07-08T09:30:00-05:00,2025-07-08 14:30:00+00:00,SBEAN_BESS,22.73
2025-07-08T09:30:00-05:00,2025-07-08 14:30:00+00:00,2025-07-08T09:45:00-05:00,2025-07-08 14:45:00+00:00,SBEAN_BESS,22.54
2025-07-08T09:45:00-05:00,2025-07-08 14:45:00+00:00,2025-07-08T10:00:00-05:00,2025-07-08 15:00:00+00:00,SBEAN_BESS,22.63
2025-07-08T10:00:00-05:00,2025-07-08 15:00:00+00:00,2025-07-08T10:15:00-05:00,2025-07-08 15:15:00+00:00,SBEAN_BESS,21.32
2025-07-08T10:15:00-05:00,2025-07-08 15:15:00+00:00,2025-07-08T10:30:00-05:00,2025-07-08 15:30:00+00:00,SBEAN_BESS,22.23
2025-07-08T10:30:00-05:00,2025-07-08 15:30:00+00:00,2025-07-08T10:45:00-05:00,2025-07-08 15:45:00+00:00,SBEAN_BESS,22.53
2025-07-08T10:45:00-05:00,2025-07-08 15:45:00+00:00,2025-07-08T11:00:00-05:00,2025-07-08 16:00:00+00:00,SBEAN_BESS,23.1
2025-07-08T11:00:00-05:00,2025-07-08 16:00:00+00:00,2025-07-08T11:15:00-05:00,2025-07-08 16:15:00+00:00,SBEAN_BESS,23.48
2025-07-08T11:15:00-05:00,2025-07-08 16:15:00+00:00,2025-07-08T11:30:00-05:00,2025-07-08 16:30:00+00:00,SBEAN_BESS,24.43
2025-07-08T11:30:00-05:00,2025-07-08 16:30:00+00:00,2025-07-08T11:45:00-05:00,2025-07-08 16:45:00+00:00,SBEAN_BESS,27.31
2025-07-08T11:45:00-05:00,2025-07-08 16:45:00+00:00,2025-07-08T12:00:00-05:00,2025-07-08 17:00:00+00:00,SBEAN_BESS,29.72
2025-07-08T12:00:00-05:00,2025-07-08 17:00:00+00:00,2025-07-08T12:15:00-05:00,2025-07-08 17:15:00+00:00,SBEAN_BESS,31.44
2025-07-08T12:15:00-05:00,2025-07-08 17:15:00+00:00,2025-07-08T12:30:00-05:00,2025-07-08 17:30:00+00:00,SBEAN_BESS,30.11
2025-07-08T12:30:00-05:00,2025-07-08 17:30:00+00:00,2025-07-08T12:45:00-05:00,2025-07-08 17:45:00+00:00,SBEAN_BESS,32.36
2025-07-08T12:45:00-05:00,2025-07-08 17:45:00+00:00,2025-07-08T13:00:00-05:00,2025-07-08 18:00:00+00:00,SBEAN_BESS,37.41
2025-07-08T13:00:00-05:00,2025-07-08 18:00:00+00:00,2025-07-08T13:15:00-05:00,2025-07-08 18:15:00+00:00,SBEAN_BESS,39.87
2025-07-08T13:15:00-05:00,2025-07-08 18:15:00+00:00,2025-07-08T13:30:00-05:00,2025-07-08 18:30:00+00:00,SBEAN_BESS,34.68
2025-07-08T13:30:00-05:00,2025-07-08 18:30:00+00:00,2025-07-08T13:45:00-05:00,2025-07-08 18:45:00+00:00,SBEAN_BESS,39.33
2025-07-08T13:45:00-05:00,2025-07-08 18:45:00+00:00,2025-07-08T14:00:00-05:00,2025-07-08 19:00:00+00:00,SBEAN_BESS,38.94
2025-07-08T14:00:00-05:00,2025-07-08 19:00:00+00:00,2025-07-08T14:15:00-05:00,2025-07-08 19:15:00+00:00,SBEAN_BESS,36.69
2025-07-08T14:15:00-05:00,2025-07-08 19:15:00+00:00,2025-07-08T14:30:00-05:00,2025-07-08 19:30:00+00:00,SBEAN_BESS,49.5
2025-07-08T14:30:00-05:00,2025-07-08 19:30:00+00:00,2025-07-08T14:45:00-05:00,2025-07-08 19:45:00+00:00,SBEAN_BESS,63.39
2025-07-08T14:45:00-05:00,2025-07-08 19:45:00+00:00,2025-07-08T15:00:00-05:00,2025-07-08 20:00:00+00:00,SBEAN_BESS,48.74
2025-07-08T15:00:00-05:00,2025-07-08 20:00:00+00:00,2025-07-08T15:15:00-05:00,2025-07-08 20:15:00+00:00,SBEAN_BESS,46.14
2025-07-08T15:15:00-05:00,2025-07-08 20:15:00+00:00,2025-07-08T15:30:00-05:00,2025-07-08 20:30:00+00:00,SBEAN_BESS,54.51
2025-07-08T15:30:00-05:00,2025-07-08 20:30:00+00:00,2025-07-08T15:45:00-05:00,2025-07-08 20:45:00+00:00,SBEAN_BESS,59.8
2025-07-08T15:45:00-05:00,2025-07-08 20:45:00+00:00,2025-07-08T16:00:00-05:00,2025-07-08 21:00:00+00:00,SBEAN_BESS,71.29
2025-07-08T16:00:00-05:00,2025-07-08 21:00:00+00:00,2025-07-08T16:15:00-05:00,2025-07-08 21:15:00+00:00,SBEAN_BESS,74.37
2025-07-08T16:15:00-05:00,2025-07-08 21:15:00+00:00,2025-07-08T16:30:00-05:00,2025-07-08 21:30:00+00:00,SBEAN_BESS,95.76
2025-07-08T16:30:00-05:00,2025-07-08 21:30:00+00:00,2025-07-08T16:45:00-05:00,2025-07-08 21:45:00+00:00,SBEAN_BESS,88.61
2025-07-08T16:45:00-05:00,2025-07-08 21:45:00+00:00,2025-07-08T17:00:00-05:00,2025-07-08 22:00:00+00:00,SBEAN_BESS,96.25
2025-07-08T17:00:00-05:00,2025-07-08 22:00:00+00:00,2025-07-08T17:15:00-05:00,2025-07-08 22:15:00+00:00,SBEAN_BESS,150.35
2025-07-08T17:15:00-05:00,2025-07-08 22:15:00+00:00,2025-07-08T17:30:00-05:00,2025-07-08 22:30:00+00:00,SBEAN_BESS,159.1
2025-07-08T17:30:00-05:00,2025-07-08 22:30:00+00:00,2025-07-08T17:45:00-05:00,2025-07-08 22:45:00+00:00,SBEAN_BESS,163.18
2025-07-08T17:45:00-05:00,2025-07-08 22:45:00+00:00,2025-07-08T18:00:00-05:00,2025-07-08 23:00:00+00:00,SBEAN_BESS,76.17
2025-07-08T18:00:00-05:00,2025-07-08 23:00:00+00:00,2025-07-08T18:15:00-05:00,2025-07-08 23:15:00+00:00,SBEAN_BESS,78.9
2025-07-08T18:15:00-05:00,2025-07-08 23:15:00+00:00,2025-07-08T18:30:00-05:00,2025-07-08 23:30:00+00:00,SBEAN_BESS,117.28
2025-07-08T18:30:00-05:00,2025-07-08 23:30:00+00:00,2025-07-08T18:45:00-05:00,2025-07-08 23:45:00+00:00,SBEAN_BESS,98.38
2025-07-08T18:45:00-05:00,2025-07-08 23:45:00+00:00,2025-07-08T19:00:00-05:00,2025-07-09 00:00:00+00:00,SBEAN_BESS,107.41
2025-07-08T19:00:00-05:00,2025-07-09 00:00:00+00:00,2025-07-08T19:15:00-05:00,2025-07-09 00:15:00+00:00,SBEAN_BESS,87.08
2025-07-08T19:15:00-05:00,2025-07-09 00:15:00+00:00,2025-07-08T19:30:00-05:00,2025-07-09 00:30:00+00:00,SBEAN_BESS,75.69
2025-07-08T19:30:00-05:00,2025-07-09 00:30:00+00:00,2025-07-08T19:45:00-05:00,2025-07-09 00:45:00+00:00,SBEAN_BESS,78.47
2025-07-08T19:45:00-05:00,2025-07-09 00:45:00+00:00,2025-07-08T20:00:00-05:00,2025-07-09 01:00:00+00:00,SBEAN_BESS,77.79
2025-07-08T20:00:00-05:00,2025-07-09 01:00:00+00:00,2025-07-08T20:15:00-05:00,2025-07-09 01:15:00+00:00,SBEAN_BESS,71.38
2025-07-08T20:15:00-05:00,2025-07-09 01:15:00+00:00,2025-07-08T20:30:00-05:00,2025-07-09 01:30:00+00:00,SBEAN_BESS,74.27
2025-07-08T20:30:00-05:00,2025-07-09 01:30:00+00:00,2025-07-08T20:45:00-05:00,2025-07-09 01:45:00+00:00,SBEAN_BESS,75.64
2025-07-08T20:45:00-05:00,2025-07-09 01:45:00+00:00,2025-07-08T21:00:00-05:00,2025-07-09 02:00:00+00:00,SBEAN_BESS,72.6
2025-07-08T21:00:00-05:00,2025-07-09 02:00:00+00:00,2025-07-08T21:15:00-05:00,2025-07-09 02:15:00+00:00,SBEAN_BESS,84.29
2025-07-08T21:15:00-05:00,2025-07-09 02:15:00+00:00,2025-07-08T21:30:00-05:00,2025-07-09 02:30:00+00:00,SBEAN_BESS,78.56
2025-07-08T21:30:00-05:00,2025-07-09 02:30:00+00:00,2025-07-08T21:45:00-05:00,2025-07-09 02:45:00+00:00,SBEAN_BESS,67.07
2025-07-08T21:45:00-05:00,2025-07-09 02:45:00+00:00,2025-07-08T22:00:00-05:00,2025-07-09 03:00:00+00:00,SBEAN_BESS,60.65
2025-07-08T22:00:00-05:00,2025-07-09 03:00:00+00:00,2025-07-08T22:15:00-05:00,2025-07-09 03:15:00+00:00,SBEAN_BESS,71.63
2025-07-08T22:15:00-05:00,2025-07-09 03:15:00+00:00,2025-07-08T22:30:00-05:00,2025-07-09 03:30:00+00:00,SBEAN_BESS,72.25
2025-07-08T22:30:00-05:00,2025-07-09 03:30:00+00:00,2025-07-08T22:45:00-05:00,2025-07-09 03:45:00+00:00,SBEAN_BESS,69.59
2025-07-08T22:45:00-05:00,2025-07-09 03:45:00+00:00,2025-07-08T23:00:00-05:00,2025-07-09 04:00:00+00:00,SBEAN_BESS,66.43
2025-07-08T23:00:00-05:00,2025-07-09 04:00:00+00:00,2025-07-08T23:15:00-05:00,2025-07-09 04:15:00+00:00,SBEAN_BESS,67.73
2025-07-08T23:15:00-05:00,2025-07-09 04:15:00+00:00,2025-07-08T23:30:00-05:00,2025-07-09 04:30:00+00:00,SBEAN_BESS,64.13
2025-07-08T23:30:00-05:00,2025-07-09 04:30:00+00:00,2025-07-08T23:45:00-05:00,2025-07-09 04:45:00+00:00,SBEAN_BESS,60.28
2025-07-08T23:45:00-05:00,2025-07-09 04:45:00+00:00,2025-07-09T00:00:00-05:00,2025-07-09 05:00:00+00:00,SBEAN_BESS,55.66
2025-07-09T00:00:00-05:00,2025-07-09 05:00:00+00:00,2025-07-09T00:15:00-05:00,2025-07-09 05:15:00+00:00,SBEAN_BESS,60.87
2025-07-09T00:15:00-05:00,2025-07-09 05:15:00+00:00,2025-07-09T00:30:00-05:00,2025-07-09 05:30:00+00:00,SBEAN_BESS,67.99
2025-07-09T00:30:00-05:00,2025-07-09 05:30:00+00:00,2025-07-09T00:45:00-05:00,2025-07-09 05:45:00+00:00,SBEAN_BESS,59.28
2025-07-09T00:45:00-05:00,2025-07-09 05:45:00+00:00,2025-07-09T01:00:00-05:00,2025-07-09 06:00:00+00:00,SBEAN_BESS,53.36
2025-07-09T01:00:00-05:00,2025-07-09 06:00:00+00:00,2025-07-09T01:15:00-05:00,2025-07-09 06:15:00+00:00,SBEAN_BESS,53.09
2025-07-09T01:15:00-05:00,2025-07-09 06:15:00+00:00,2025-07-09T01:30:00-05:00,2025-07-09 06:30:00+00:00,SBEAN_BESS,45.93
2025-07-09T01:30:00-05:00,2025-07-09 06:30:00+00:00,2025-07-09T01:45:00-05:00,2025-07-09 06:45:00+00:00,SBEAN_BESS,45.55
2025-07-09T01:45:00-05:00,2025-07-09 06:45:00+00:00,2025-07-09T02:00:00-05:00,2025-07-09 07:00:00+00:00,SBEAN_BESS,35.94
2025-07-09T02:00:00-05:00,2025-07-09 07:00:00+00:00,2025-07-09T02:15:00-05:00,2025-07-09 07:15:00+00:00,SBEAN_BESS,25.32
2025-07-09T02:15:00-05:00,2025-07-09 07:15:00+00:00,2025-07-09T02:30:00-05:00,2025-07-09 07:30:00+00:00,SBEAN_BESS,25.79
2025-07-09T02:30:00-05:00,2025-07-09 07:30:00+00:00,2025-07-09T02:45:00-05:00,2025-07-09 07:45:00+00:00,SBEAN_BESS,28.51
2025-07-09T02:45:00-05:00,2025-07-09 07:45:00+00:00,2025-07-09T03:00:00-05:00,2025-07-09 08:00:00+00:00,SBEAN_BESS,27.62
2025-07-09T03:00:00-05:00,2025-07-09 08:00:00+00:00,2025-07-09T03:15:00-05:00,2025-07-09 08:15:00+00:00,SBEAN_BESS,28.37
2025-07-09T03:15:00-05:00,2025-07-09 08:15:00+00:00,2025-07-09T03:30:00-05:00,2025-07-09 08:30:00+00:00,SBEAN_BESS,29.4
2025-07-09T03:30:00-05:00,2025-07-09 08:30:00+00:00,2025-07-09T03:45:00-05:00,2025-07-09 08:45:00+00:00,SBEAN_BESS,30.38
2025-07-09T03:45:00-05:00,2025-07-09 08:45:00+00:00,2025-07-09T04:00:00-05:00,2025-07-09 09:00:00+00:00,SBEAN_BESS,29.33
2025-07-09T04:00:00-05:00,2025-07-09 09:00:00+00:00,2025-07-09T04:15:00-05:00,2025-07-09 09:15:00+00:00,SBEAN_BESS,39.4
2025-07-09T04:15:00-05:00,2025-07-09 09:15:00+00:00,2025-07-09T04:30:00-05:00,2025-07-09 09:30:00+00:00,SBEAN_BESS,39.42
2025-07-09T04:30:00-05:00,2025-07-09 09:30:00+00:00,2025-07-09T04:45:00-05:00,2025-07-09 09:45:00+00:00,SBEAN_BESS,28.58
2025-07-09T04:45:00-05:00,2025-07-09 09:45:00+00:00,2025-07-09T05:00:00-05:00,2025-07-09 10:00:00+00:00,SBEAN_BESS,29.25
2025-07-09T05:00:00-05:00,2025-07-09 10:00:00+00:00,2025-07-09T05:15:00-05:00,2025-07-09 10:15:00+00:00,SBEAN_BESS,28.05
2025-07-09T05:15:00-05:00,2025-07-09 10:15:00+00:00,2025-07-09T05:30:00-05:00,2025-07-09 10:30:00+00:00,SBEAN_BESS,25.32
2025-07-09T05:30:00-05:00,2025-07-09 10:30:00+00:00,2025-07-09T05:45:00-05:00,2025-07-09 10:45:00+00:00,SBEAN_BESS,25.12
2025-07-09T05:45:00-05:00,2025-07-09 10:45:00+00:00,2025-07-09T06:00:00-05:00,2025-07-09 11:00:00+00:00,SBEAN_BESS,25.39
2025-07-09T06:00:00-05:00,2025-07-09 11:00:00+00:00,2025-07-09T06:15:00-05:00,2025-07-09 11:15:00+00:00,SBEAN_BESS,38.42
2025-07-09T06:15:00-05:00,2025-07-09 11:15:00+00:00,2025-07-09T06:30:00-05:00,2025-07-09 11:30:00+00:00,SBEAN_BESS,59.26
2025-07-09T06:30:00-05:00,2025-07-09 11:30:00+00:00,2025-07-09T06:45:00-05:00,2025-07-09 11:45:00+00:00,SBEAN_BESS,53.2
2025-07-09T06:45:00-05:00,2025-07-09 11:45:00+00:00,2025-07-09T07:00:00-05:00,2025-07-09 12:00:00+00:00,SBEAN_BESS,61.54
2025-07-09T07:00:00-05:00,2025-07-09 12:00:00+00:00,2025-07-09T07:15:00-05:00,2025-07-09 12:15:00+00:00,SBEAN_BESS,65.71
2025-07-09T07:15:00-05:00,2025-07-09 12:15:00+00:00,2025-07-09T07:30:00-05:00,2025-07-09 12:30:00+00:00,SBEAN_BESS,54.8
2025-07-09T07:30:00-05:00,2025-07-09 12:30:00+00:00,2025-07-09T07:45:00-05:00,2025-07-09 12:45:00+00:00,SBEAN_BESS,50.53
2025-07-09T07:45:00-05:00,2025-07-09 12:45:00+00:00,2025-07-09T08:00:00-05:00,2025-07-09 13:00:00+00:00,SBEAN_BESS,47.54
2025-07-09T08:00:00-05:00,2025-07-09 13:00:00+00:00,2025-07-09T08:15:00-05:00,2025-07-09 13:15:00+00:00,SBEAN_BESS,41.85
2025-07-09T08:15:00-05:00,2025-07-09 13:15:00+00:00,2025-07-09T08:30:00-05:00,2025-07-09 13:30:00+00:00,SBEAN_BESS,41.53
2025-07-09T08:30:00-05:00,2025-07-09 13:30:00+00:00,2025-07-09T08:45:00-05:00,2025-07-09 13:45:00+00:00,SBEAN_BESS,29.44
2025-07-09T08:45:00-05:00,2025-07-09 13:45:00+00:00,2025-07-09T09:00:00-05:00,2025-07-09 14:00:00+00:00,SBEAN_BESS,23.79
2025-07-09T09:00:00-05:00,2025-07-09 14:00:00+00:00,2025-07-09T09:15:00-05:00,2025-07-09 14:15:00+00:00,SBEAN_BESS,26.24
2025-07-09T09:15:00-05:00,2025-07-09 14:15:00+00:00,2025-07-09T09:30:00-05:00,2025-07-09 14:30:00+00:00,SBEAN_BESS,27.94
2025-07-09T09:30:00-05:00,2025-07-09 14:30:00+00:00,2025-07-09T09:45:00-05:00,2025-07-09 14:45:00+00:00,SBEAN_BESS,30.83
2025-07-09T09:45:00-05:00,2025-07-09 14:45:00+00:00,2025-07-09T10:00:00-05:00,2025-07-09 15:00:00+00:00,SBEAN_BESS,32.68
2025-07-09T10:00:00-05:00,2025-07-09 15:00:00+00:00,2025-07-09T10:15:00-05:00,2025-07-09 15:15:00+00:00,SBEAN_BESS,34.89
2025-07-09T10:15:00-05:00,2025-07-09 15:15:00+00:00,2025-07-09T10:30:00-05:00,2025-07-09 15:30:00+00:00,SBEAN_BESS,39.04
2025-07-09T10:30:00-05:00,2025-07-09 15:30:00+00:00,2025-07-09T10:45:00-05:00,2025-07-09 15:45:00+00:00,SBEAN_BESS,41.73
2025-07-09T10:45:00-05:00,2025-07-09 15:45:00+00:00,2025-07-09T11:00:00-05:00,2025-07-09 16:00:00+00:00,SBEAN_BESS,44.14
2025-07-09T11:00:00-05:00,2025-07-09 16:00:00+00:00,2025-07-09T11:15:00-05:00,2025-07-09 16:15:00+00:00,SBEAN_BESS,45.23
2025-07-09T11:15:00-05:00,2025-07-09 16:15:00+00:00,2025-07-09T11:30:00-05:00,2025-07-09 16:30:00+00:00,SBEAN_BESS,51.83
2025-07-09T11:30:00-05:00,2025-07-09 16:30:00+00:00,2025-07-09T11:45:00-05:00,2025-07-09 16:45:00+00:00,SBEAN_BESS,52.79
2025-07-09T11:45:00-05:00,2025-07-09 16:45:00+00:00,2025-07-09T12:00:00-05:00,2025-07-09 17:00:00+00:00,SBEAN_BESS,45.63
2025-07-09T12:00:00-05:00,2025-07-09 17:00:00+00:00,2025-07-09T12:15:00-05:00,2025-07-09 17:15:00+00:00,SBEAN_BESS,44.67
2025-07-09T12:15:00-05:00,2025-07-09 17:15:00+00:00,2025-07-09T12:30:00-05:00,2025-07-09 17:30:00+00:00,SBEAN_BESS,45.78
2025-07-09T12:30:00-05:00,2025-07-09 17:30:00+00:00,2025-07-09T12:45:00-05:00,2025-07-09 17:45:00+00:00,SBEAN_BESS,41.45
2025-07-09T12:45:00-05:00,2025-07-09 17:45:00+00:00,2025-07-09T13:00:00-05:00,2025-07-09 18:00:00+00:00,SBEAN_BESS,40.07
2025-07-09T13:00:00-05:00,2025-07-09 18:00:00+00:00,2025-07-09T13:15:00-05:00,2025-07-09 18:15:00+00:00,SBEAN_BESS,43.23
2025-07-09T13:15:00-05:00,2025-07-09 18:15:00+00:00,2025-07-09T13:30:00-05:00,2025-07-09 18:30:00+00:00,SBEAN_BESS,52.22
2025-07-09T13:30:00-05:00,2025-07-09 18:30:00+00:00,2025-07-09T13:45:00-05:00,2025-07-09 18:45:00+00:00,SBEAN_BESS,40.18
2025-07-09T13:45:00-05:00,2025-07-09 18:45:00+00:00,2025-07-09T14:00:00-05:00,2025-07-09 19:00:00+00:00,SBEAN_BESS,36.58
2025-07-09T14:00:00-05:00,2025-07-09 19:00:00+00:00,2025-07-09T14:15:00-05:00,2025-07-09 19:15:00+00:00,SBEAN_BESS,37.46
2025-07-09T14:15:00-05:00,2025-07-09 19:15:00+00:00,2025-07-09T14:30:00-05:00,2025-07-09 19:30:00+00:00,SBEAN_BESS,36.86
2025-07-09T14:30:00-05:00,2025-07-09 19:30:00+00:00,2025-07-09T14:45:00-05:00,2025-07-09 19:45:00+00:00,SBEAN_BESS,43.37
2025-07-09T14:45:00-05:00,2025-07-09 19:45:00+00:00,2025-07-09T15:00:00-05:00,2025-07-09 20:00:00+00:00,SBEAN_BESS,53.66
2025-07-09T15:00:00-05:00,2025-07-09 20:00:00+00:00,2025-07-09T15:15:00-05:00,2025-07-09 20:15:00+00:00,SBEAN_BESS,46.7
2025-07-09T15:15:00-05:00,2025-07-09 20:15:00+00:00,2025-07-09T15:30:00-05:00,2025-07-09 20:30:00+00:00,SBEAN_BESS,48.84
2025-07-09T15:30:00-05:00,2025-07-09 20:30:00+00:00,2025-07-09T15:45:00-05:00,2025-07-09 20:45:00+00:00,SBEAN_BESS,59.32
2025-07-09T15:45:00-05:00,2025-07-09 20:45:00+00:00,2025-07-09T16:00:00-05:00,2025-07-09 21:00:00+00:00,SBEAN_BESS,67.43
2025-07-09T16:00:00-05:00,2025-07-09 21:00:00+00:00,2025-07-09T16:15:00-05:00,2025-07-09 21:15:00+00:00,SBEAN_BESS,49.22
2025-07-09T16:15:00-05:00,2025-07-09 21:15:00+00:00,2025-07-09T16:30:00-05:00,2025-07-09 21:30:00+00:00,SBEAN_BESS,52.1
2025-07-09T16:30:00-05:00,2025-07-09 21:30:00+00:00,2025-07-09T16:45:00-05:00,2025-07-09 21:45:00+00:00,SBEAN_BESS,73.31
2025-07-09T16:45:00-05:00,2025-07-09 21:45:00+00:00,2025-07-09T17:00:00-05:00,2025-07-09 22:00:00+00:00,SBEAN_BESS,74.04
2025-07-09T17:00:00-05:00,2025-07-09 22:00:00+00:00,2025-07-09T17:15:00-05:00,2025-07-09 22:15:00+00:00,SBEAN_BESS,73.92
2025-07-09T17:15:00-05:00,2025-07-09 22:15:00+00:00,2025-07-09T17:30:00-05:00,2025-07-09 22:30:00+00:00,SBEAN_BESS,62.3
2025-07-09T17:30:00-05:00,2025-07-09 22:30:00+00:00,2025-07-09T17:45:00-05:00,2025-07-09 22:45:00+00:00,SBEAN_BESS,70.56
2025-07-09T17:45:00-05:00,2025-07-09 22:45:00+00:00,2025-07-09T18:00:00-05:00,2025-07-09 23:00:00+00:00,SBEAN_BESS,74.69
2025-07-09T18:00:00-05:00,2025-07-09 23:00:00+00:00,2025-07-09T18:15:00-05:00,2025-07-09 23:15:00+00:00,SBEAN_BESS,62.54
2025-07-09T18:15:00-05:00,2025-07-09 23:15:00+00:00,2025-07-09T18:30:00-05:00,2025-07-09 23:30:00+00:00,SBEAN_BESS,63.2
2025-07-09T18:30:00-05:00,2025-07-09 23:30:00+00:00,2025-07-09T18:45:00-05:00,2025-07-09 23:45:00+00:00,SBEAN_BESS,61.03
2025-07-09T18:45:00-05:00,2025-07-09 23:45:00+00:00,2025-07-09T19:00:00-05:00,2025-07-10 00:00:00+00:00,SBEAN_BESS,72.64
2025-07-09T19:00:00-05:00,2025-07-10 00:00:00+00:00,2025-07-09T19:15:00-05:00,2025-07-10 00:15:00+00:00,SBEAN_BESS,65.65
2025-07-09T19:15:00-05:00,2025-07-10 00:15:00+00:00,2025-07-09T19:30:00-05:00,2025-07-10 00:30:00+00:00,SBEAN_BESS,71.67
2025-07-09T19:30:00-05:00,2025-07-10 00:30:00+00:00,2025-07-09T19:45:00-05:00,2025-07-10 00:45:00+00:00,SBEAN_BESS,74.53
2025-07-09T19:45:00-05:00,2025-07-10 00:45:00+00:00,2025-07-09T20:00:00-05:00,2025-07-10 01:00:00+00:00,SBEAN_BESS,78.37
2025-07-09T20:00:00-05:00,2025-07-10 01:00:00+00:00,2025-07-09T20:15:00-05:00,2025-07-10 01:15:00+00:00,SBEAN_BESS,78.42
2025-07-09T20:15:00-05:00,2025-07-10 01:15:00+00:00,2025-07-09T20:30:00-05:00,2025-07-10 01:30:00+00:00,SBEAN_BESS,110.08
2025-07-09T20:30:00-05:00,2025-07-10 01:30:00+00:00,2025-07-09T20:45:00-05:00,2025-07-10 01:45:00+00:00,SBEAN_BESS,108.2
2025-07-09T20:45:00-05:00,2025-07-10 01:45:00+00:00,2025-07-09T21:00:00-05:00,2025-07-10 02:00:00+00:00,SBEAN_BESS,107.13
2025-07-09T21:00:00-05:00,2025-07-10 02:00:00+00:00,2025-07-09T21:15:00-05:00,2025-07-10 02:15:00+00:00,SBEAN_BESS,80.36
2025-07-09T21:15:00-05:00,2025-07-10 02:15:00+00:00,2025-07-09T21:30:00-05:00,2025-07-10 02:30:00+00:00,SBEAN_BESS,54.91
2025-07-09T21:30:00-05:00,2025-07-10 02:30:00+00:00,2025-07-09T21:45:00-05:00,2025-07-10 02:45:00+00:00,SBEAN_BESS,42.48
2025-07-09T21:45:00-05:00,2025-07-10 02:45:00+00:00,2025-07-09T22:00:00-05:00,2025-07-10 03:00:00+00:00,SBEAN_BESS,59.82
2025-07-09T22:00:00-05:00,2025-07-10 03:00:00+00:00,2025-07-09T22:15:00-05:00,2025-07-10 03:15:00+00:00,SBEAN_BESS,68.85
2025-07-09T22:15:00-05:00,2025-07-10 03:15:00+00:00,2025-07-09T22:30:00-05:00,2025-07-10 03:30:00+00:00,SBEAN_BESS,62.63
2025-07-09T22:30:00-05:00,2025-07-10 03:30:00+00:00,2025-07-09T22:45:00-05:00,2025-07-10 03:45:00+00:00,SBEAN_BESS,52.8
2025-07-09T22:45:00-05:00,2025-07-10 03:45:00+00:00,2025-07-09T23:00:00-05:00,2025-07-10 04:00:00+00:00,SBEAN_BESS,51.77
2025-07-09T23:00:00-05:00,2025-07-10 04:00:00+00:00,2025-07-09T23:15:00-05:00,2025-07-10 04:15:00+00:00,SBEAN_BESS,49.8
2025-07-09T23:15:00-05:00,2025-07-10 04:15:00+00:00,2025-07-09T23:30:00-05:00,2025-07-10 04:30:00+00:00,SBEAN_BESS,57.77
2025-07-09T23:30:00-05:00,2025-07-10 04:30:00+00:00,2025-07-09T23:45:00-05:00,2025-07-10 04:45:00+00:00,SBEAN_BESS,49.38
2025-07-09T23:45:00-05:00,2025-07-10 04:45:00+00:00,2025-07-10T00:00:00-05:00,2025-07-10 05:00:00+00:00,SBEAN_BESS,44.59
2025-07-10T00:00:00-05:00,2025-07-10 05:00:00+00:00,2025-07-10T00:15:00-05:00,2025-07-10 05:15:00+00:00,SBEAN_BESS,48.9
2025-07-10T00:15:00-05:00,2025-07-10 05:15:00+00:00,2025-07-10T00:30:00-05:00,2025-07-10 05:30:00+00:00,SBEAN_BESS,64.59
2025-07-10T00:30:00-05:00,2025-07-10 05:30:00+00:00,2025-07-10T00:45:00-05:00,2025-07-10 05:45:00+00:00,SBEAN_BESS,44.56
2025-07-10T00:45:00-05:00,2025-07-10 05:45:00+00:00,2025-07-10T01:00:00-05:00,2025-07-10 06:00:00+00:00,SBEAN_BESS,40.61
2025-07-10T01:00:00-05:00,2025-07-10 06:00:00+00:00,2025-07-10T01:15:00-05:00,2025-07-10 06:15:00+00:00,SBEAN_BESS,38.38
2025-07-10T01:15:00-05:00,2025-07-10 06:15:00+00:00,2025-07-10T01:30:00-05:00,2025-07-10 06:30:00+00:00,SBEAN_BESS,39.12
2025-07-10T01:30:00-05:00,2025-07-10 06:30:00+00:00,2025-07-10T01:45:00-05:00,2025-07-10 06:45:00+00:00,SBEAN_BESS,41.06
2025-07-10T01:45:00-05:00,2025-07-10 06:45:00+00:00,2025-07-10T02:00:00-05:00,2025-07-10 07:00:00+00:00,SBEAN_BESS,40.95
2025-07-10T02:00:00-05:00,2025-07-10 07:00:00+00:00,2025-07-10T02:15:00-05:00,2025-07-10 07:15:00+00:00,SBEAN_BESS,32.63
2025-07-10T02:15:00-05:00,2025-07-10 07:15:00+00:00,2025-07-10T02:30:00-05:00,2025-07-10 07:30:00+00:00,SBEAN_BESS,32.97
2025-07-10T02:30:00-05:00,2025-07-10 07:30:00+00:00,2025-07-10T02:45:00-05:00,2025-07-10 07:45:00+00:00,SBEAN_BESS,32.3
2025-07-10T02:45:00-05:00,2025-07-10 07:45:00+00:00,2025-07-10T03:00:00-05:00,2025-07-10 08:00:00+00:00,SBEAN_BESS,30.95
2025-07-10T03:00:00-05:00,2025-07-10 08:00:00+00:00,2025-07-10T03:15:00-05:00,2025-07-10 08:15:00+00:00,SBEAN_BESS,31.09
2025-07-10T03:15:00-05:00,2025-07-10 08:15:00+00:00,2025-07-10T03:30:00-05:00,2025-07-10 08:30:00+00:00,SBEAN_BESS,27.19
2025-07-10T03:30:00-05:00,2025-07-10 08:30:00+00:00,2025-07-10T03:45:00-05:00,2025-07-10 08:45:00+00:00,SBEAN_BESS,25.94
2025-07-10T03:45:00-05:00,2025-07-10 08:45:00+00:00,2025-07-10T04:00:00-05:00,2025-07-10 09:00:00+00:00,SBEAN_BESS,28.91
2025-07-10T04:00:00-05:00,2025-07-10 09:00:00+00:00,2025-07-10T04:15:00-05:00,2025-07-10 09:15:00+00:00,SBEAN_BESS,24.9
2025-07-10T04:15:00-05:00,2025-07-10 09:15:00+00:00,2025-07-10T04:30:00-05:00,2025-07-10 09:30:00+00:00,SBEAN_BESS,24.17
2025-07-10T04:30:00-05:00,2025-07-10 09:30:00+00:00,2025-07-10T04:45:00-05:00,2025-07-10 09:45:00+00:00,SBEAN_BESS,23.52
2025-07-10T04:45:00-05:00,2025-07-10 09:45:00+00:00,2025-07-10T05:00:00-05:00,2025-07-10 10:00:00+00:00,SBEAN_BESS,23.51
2025-07-10T05:00:00-05:00,2025-07-10 10:00:00+00:00,2025-07-10T05:15:00-05:00,2025-07-10 10:15:00+00:00,SBEAN_BESS,23.12
2025-07-10T05:15:00-05:00,2025-07-10 10:15:00+00:00,2025-07-10T05:30:00-05:00,2025-07-10 10:30:00+00:00,SBEAN_BESS,23.22
2025-07-10T05:30:00-05:00,2025-07-10 10:30:00+00:00,2025-07-10T05:45:00-05:00,2025-07-10 10:45:00+00:00,SBEAN_BESS,23.23
2025-07-10T05:45:00-05:00,2025-07-10 10:45:00+00:00,2025-07-10T06:00:00-05:00,2025-07-10 11:00:00+00:00,SBEAN_BESS,22.57
2025-07-10T06:00:00-05:00,2025-07-10 11:00:00+00:00,2025-07-10T06:15:00-05:00,2025-07-10 11:15:00+00:00,SBEAN_BESS,22.93
2025-07-10T06:15:00-05:00,2025-07-10 11:15:00+00:00,2025-07-10T06:30:00-05:00,2025-07-10 11:30:00+00:00,SBEAN_BESS,24.68
2025-07-10T06:30:00-05:00,2025-07-10 11:30:00+00:00,2025-07-10T06:45:00-05:00,2025-07-10 11:45:00+00:00,SBEAN_BESS,24.58
2025-07-10T06:45:00-05:00,2025-07-10 11:45:00+00:00,2025-07-10T07:00:00-05:00,2025-07-10 12:00:00+00:00,SBEAN_BESS,23.96
2025-07-10T07:00:00-05:00,2025-07-10 12:00:00+00:00,2025-07-10T07:15:00-05:00,2025-07-10 12:15:00+00:00,SBEAN_BESS,24.94
2025-07-10T07:15:00-05:00,2025-07-10 12:15:00+00:00,2025-07-10T07:30:00-05:00,2025-07-10 12:30:00+00:00,SBEAN_BESS,23.94
2025-07-10T07:30:00-05:00,2025-07-10 12:30:00+00:00,2025-07-10T07:45:00-05:00,2025-07-10 12:45:00+00:00,SBEAN_BESS,19.4
2025-07-10T07:45:00-05:00,2025-07-10 12:45:00+00:00,2025-07-10T08:00:00-05:00,2025-07-10 13:00:00+00:00,SBEAN_BESS,18.01
2025-07-10T08:00:00-05:00,2025-07-10 13:00:00+00:00,2025-07-10T08:15:00-05:00,2025-07-10 13:15:00+00:00,SBEAN_BESS,18.35
2025-07-10T08:15:00-05:00,2025-07-10 13:15:00+00:00,2025-07-10T08:30:00-05:00,2025-07-10 13:30:00+00:00,SBEAN_BESS,17.01
2025-07-10T08:30:00-05:00,2025-07-10 13:30:00+00:00,2025-07-10T08:45:00-05:00,2025-07-10 13:45:00+00:00,SBEAN_BESS,16.08
2025-07-10T08:45:00-05:00,2025-07-10 13:45:00+00:00,2025-07-10T09:00:00-05:00,2025-07-10 14:00:00+00:00,SBEAN_BESS,15.63
2025-07-10T09:00:00-05:00,2025-07-10 14:00:00+00:00,2025-07-10T09:15:00-05:00,2025-07-10 14:15:00+00:00,SBEAN_BESS,14.39
2025-07-10T09:15:00-05:00,2025-07-10 14:15:00+00:00,2025-07-10T09:30:00-05:00,2025-07-10 14:30:00+00:00,SBEAN_BESS,12.74
2025-07-10T09:30:00-05:00,2025-07-10 14:30:00+00:00,2025-07-10T09:45:00-05:00,2025-07-10 14:45:00+00:00,SBEAN_BESS,11.44
2025-07-10T09:45:00-05:00,2025-07-10 14:45:00+00:00,2025-07-10T10:00:00-05:00,2025-07-10 15:00:00+00:00,SBEAN_BESS,10.75
2025-07-10T10:00:00-05:00,2025-07-10 15:00:00+00:00,2025-07-10T10:15:00-05:00,2025-07-10 15:15:00+00:00,SBEAN_BESS,10.9
2025-07-10T10:15:00-05:00,2025-07-10 15:15:00+00:00,2025-07-10T10:30:00-05:00,2025-07-10 15:30:00+00:00,SBEAN_BESS,12.26
2025-07-10T10:30:00-05:00,2025-07-10 15:30:00+00:00,2025-07-10T10:45:00-05:00,2025-07-10 15:45:00+00:00,SBEAN_BESS,14.04
2025-07-10T10:45:00-05:00,2025-07-10 15:45:00+00:00,2025-07-10T11:00:00-05:00,2025-07-10 16:00:00+00:00,SBEAN_BESS,13.68
2025-07-10T11:00:00-05:00,2025-07-10 16:00:00+00:00,2025-07-10T11:15:00-05:00,2025-07-10 16:15:00+00:00,SBEAN_BESS,15.13
2025-07-10T11:15:00-05:00,2025-07-10 16:15:00+00:00,2025-07-10T11:30:00-05:00,2025-07-10 16:30:00+00:00,SBEAN_BESS,14.88
2025-07-10T11:30:00-05:00,2025-07-10 16:30:00+00:00,2025-07-10T11:45:00-05:00,2025-07-10 16:45:00+00:00,SBEAN_BESS,15.59
2025-07-10T11:45:00-05:00,2025-07-10 16:45:00+00:00,2025-07-10T12:00:00-05:00,2025-07-10 17:00:00+00:00,SBEAN_BESS,15.47
2025-07-10T12:00:00-05:00,2025-07-10 17:00:00+00:00,2025-07-10T12:15:00-05:00,2025-07-10 17:15:00+00:00,SBEAN_BESS,15.56
2025-07-10T12:15:00-05:00,2025-07-10 17:15:00+00:00,2025-07-10T12:30:00-05:00,2025-07-10 17:30:00+00:00,SBEAN_BESS,15.85
2025-07-10T12:30:00-05:00,2025-07-10 17:30:00+00:00,2025-07-10T12:45:00-05:00,2025-07-10 17:45:00+00:00,SBEAN_BESS,16.51
2025-07-10T12:45:00-05:00,2025-07-10 17:45:00+00:00,2025-07-10T13:00:00-05:00,2025-07-10 18:00:00+00:00,SBEAN_BESS,16.59
2025-07-10T13:00:00-05:00,2025-07-10 18:00:00+00:00,2025-07-10T13:15:00-05:00,2025-07-10 18:15:00+00:00,SBEAN_BESS,16.65
2025-07-10T13:15:00-05:00,2025-07-10 18:15:00+00:00,2025-07-10T13:30:00-05:00,2025-07-10 18:30:00+00:00,SBEAN_BESS,15.65
2025-07-10T13:30:00-05:00,2025-07-10 18:30:00+00:00,2025-07-10T13:45:00-05:00,2025-07-10 18:45:00+00:00,SBEAN_BESS,15.14
2025-07-10T13:45:00-05:00,2025-07-10 18:45:00+00:00,2025-07-10T14:00:00-05:00,2025-07-10 19:00:00+00:00,SBEAN_BESS,12.88
2025-07-10T14:00:00-05:00,2025-07-10 19:00:00+00:00,2025-07-10T14:15:00-05:00,2025-07-10 19:15:00+00:00,SBEAN_BESS,9.12
2025-07-10T14:15:00-05:00,2025-07-10 19:15:00+00:00,2025-07-10T14:30:00-05:00,2025-07-10 19:30:00+00:00,SBEAN_BESS,5.69
2025-07-10T14:30:00-05:00,2025-07-10 19:30:00+00:00,2025-07-10T14:45:00-05:00,2025-07-10 19:45:00+00:00,SBEAN_BESS,1.85
2025-07-10T14:45:00-05:00,2025-07-10 19:45:00+00:00,2025-07-10T15:00:00-05:00,2025-07-10 20:00:00+00:00,SBEAN_BESS,0.06
2025-07-10T15:00:00-05:00,2025-07-10 20:00:00+00:00,2025-07-10T15:15:00-05:00,2025-07-10 20:15:00+00:00,SBEAN_BESS,0.17
2025-07-10T15:15:00-05:00,2025-07-10 20:15:00+00:00,2025-07-10T15:30:00-05:00,2025-07-10 20:30:00+00:00,SBEAN_BESS,0.07
2025-07-10T15:30:00-05:00,2025-07-10 20:30:00+00:00,2025-07-10T15:45:00-05:00,2025-07-10 20:45:00+00:00,SBEAN_BESS,0.12
2025-07-10T15:45:00-05:00,2025-07-10 20:45:00+00:00,2025-07-10T16:00:00-05:00,2025-07-10 21:00:00+00:00,SBEAN_BESS,0.01
2025-07-10T16:00:00-05:00,2025-07-10 21:00:00+00:00,2025-07-10T16:15:00-05:00,2025-07-10 21:15:00+00:00,SBEAN_BESS,0.07
2025-07-10T16:15:00-05:00,2025-07-10 21:15:00+00:00,2025-07-10T16:30:00-05:00,2025-07-10 21:30:00+00:00,SBEAN_BESS,0.08
2025-07-10T16:30:00-05:00,2025-07-10 21:30:00+00:00,2025-07-10T16:45:00-05:00,2025-07-10 21:45:00+00:00,SBEAN_BESS,0.08
2025-07-10T16:45:00-05:00,2025-07-10 21:45:00+00:00,2025-07-10T17:00:00-05:00,2025-07-10 22:00:00+00:00,SBEAN_BESS,0.31
2025-07-10T17:00:00-05:00,2025-07-10 22:00:00+00:00,2025-07-10T17:15:00-05:00,2025-07-10 22:15:00+00:00,SBEAN_BESS,0.04
2025-07-10T17:15:00-05:00,2025-07-10 22:15:00+00:00,2025-07-10T17:30:00-05:00,2025-07-10 22:30:00+00:00,SBEAN_BESS,0.05
2025-07-10T17:30:00-05:00,2025-07-10 22:30:00+00:00,2025-07-10T17:45:00-05:00,2025-07-10 22:45:00+00:00,SBEAN_BESS,0.04
2025-07-10T17:45:00-05:00,2025-07-10 22:45:00+00:00,2025-07-10T18:00:00-05:00,2025-07-10 23:00:00+00:00,SBEAN_BESS,0.25
2025-07-10T18:00:00-05:00,2025-07-10 23:00:00+00:00,2025-07-10T18:15:00-05:00,2025-07-10 23:15:00+00:00,SBEAN_BESS,2.25
2025-07-10T18:15:00-05:00,2025-07-10 23:15:00+00:00,2025-07-10T18:30:00-05:00,2025-07-10 23:30:00+00:00,SBEAN_BESS,0.23
2025-07-10T18:30:00-05:00,2025-07-10 23:30:00+00:00,2025-07-10T18:45:00-05:00,2025-07-10 23:45:00+00:00,SBEAN_BESS,0.51
2025-07-10T18:45:00-05:00,2025-07-10 23:45:00+00:00,2025-07-10T19:00:00-05:00,2025-07-11 00:00:00+00:00,SBEAN_BESS,1.8
2025-07-10T19:00:00-05:00,2025-07-11 00:00:00+00:00,2025-07-10T19:15:00-05:00,2025-07-11 00:15:00+00:00,SBEAN_BESS,9.02
2025-07-10T19:15:00-05:00,2025-07-11 00:15:00+00:00,2025-07-10T19:30:00-05:00,2025-07-11 00:30:00+00:00,SBEAN_BESS,39.89
2025-07-10T19:30:00-05:00,2025-07-11 00:30:00+00:00,2025-07-10T19:45:00-05:00,2025-07-11 00:45:00+00:00,SBEAN_BESS,46.19
2025-07-10T19:45:00-05:00,2025-07-11 00:45:00+00:00,2025-07-10T20:00:00-05:00,2025-07-11 01:00:00+00:00,SBEAN_BESS,65.41
2025-07-10T20:00:00-05:00,2025-07-11 01:00:00+00:00,2025-07-10T20:15:00-05:00,2025-07-11 01:15:00+00:00,SBEAN_BESS,78.42
2025-07-10T20:15:00-05:00,2025-07-11 01:15:00+00:00,2025-07-10T20:30:00-05:00,2025-07-11 01:30:00+00:00,SBEAN_BESS,81.03
2025-07-10T20:30:00-05:00,2025-07-11 01:30:00+00:00,2025-07-10T20:45:00-05:00,2025-07-11 01:45:00+00:00,SBEAN_BESS,70.31
2025-07-10T20:45:00-05:00,2025-07-11 01:45:00+00:00,2025-07-10T21:00:00-05:00,2025-07-11 02:00:00+00:00,SBEAN_BESS,53.56
2025-07-10T21:00:00-05:00,2025-07-11 02:00:00+00:00,2025-07-10T21:15:00-05:00,2025-07-11 02:15:00+00:00,SBEAN_BESS,45.12
2025-07-10T21:15:00-05:00,2025-07-11 02:15:00+00:00,2025-07-10T21:30:00-05:00,2025-07-11 02:30:00+00:00,SBEAN_BESS,42.48
2025-07-10T21:30:00-05:00,2025-07-11 02:30:00+00:00,2025-07-10T21:45:00-05:00,2025-07-11 02:45:00+00:00,SBEAN_BESS,35.24
2025-07-10T21:45:00-05:00,2025-07-11 02:45:00+00:00,2025-07-10T22:00:00-05:00,2025-07-11 03:00:00+00:00,SBEAN_BESS,31.66
2025-07-10T22:00:00-05:00,2025-07-11 03:00:00+00:00,2025-07-10T22:15:00-05:00,2025-07-11 03:15:00+00:00,SBEAN_BESS,29.2
2025-07-10T22:15:00-05:00,2025-07-11 03:15:00+00:00,2025-07-10T22:30:00-05:00,2025-07-11 03:30:00+00:00,SBEAN_BESS,28.94
2025-07-10T22:30:00-05:00,2025-07-11 03:30:00+00:00,2025-07-10T22:45:00-05:00,2025-07-11 03:45:00+00:00,SBEAN_BESS,31.12
2025-07-10T22:45:00-05:00,2025-07-11 03:45:00+00:00,2025-07-10T23:00:00-05:00,2025-07-11 04:00:00+00:00,SBEAN_BESS,35.3
2025-07-10T23:00:00-05:00,2025-07-11 04:00:00+00:00,2025-07-10T23:15:00-05:00,2025-07-11 04:15:00+00:00,SBEAN_BESS,29.36
2025-07-10T23:15:00-05:00,2025-07-11 04:15:00+00:00,2025-07-10T23:30:00-05:00,2025-07-11 04:30:00+00:00,SBEAN_BESS,27.79
2025-07-10T23:30:00-05:00,2025-07-11 04:30:00+00:00,2025-07-10T23:45:00-05:00,2025-07-11 04:45:00+00:00,SBEAN_BESS,24.03
2025-07-10T23:45:00-05:00,2025-07-11 04:45:00+00:00,2025-07-11T00:00:00-05:00,2025-07-11 05:00:00+00:00,SBEAN_BESS,23.94
2025-07-11T00:00:00-05:00,2025-07-11 05:00:00+00:00,2025-07-11T00:15:00-05:00,2025-07-11 05:15:00+00:00,SBEAN_BESS,24.27
2025-07-11T00:15:00-05:00,2025-07-11 05:15:00+00:00,2025-07-11T00:30:00-05:00,2025-07-11 05:30:00+00:00,SBEAN_BESS,24.21
2025-07-11T00:30:00-05:00,2025-07-11 05:30:00+00:00,2025-07-11T00:45:00-05:00,2025-07-11 05:45:00+00:00,SBEAN_BESS,23.97
2025-07-11T00:45:00-05:00,2025-07-11 05:45:00+00:00,2025-07-11T01:00:00-05:00,2025-07-11 06:00:00+00:00,SBEAN_BESS,23.71
2025-07-11T01:00:00-05:00,2025-07-11 06:00:00+00:00,2025-07-11T01:15:00-05:00,2025-07-11 06:15:00+00:00,SBEAN_BESS,23.54
2025-07-11T01:15:00-05:00,2025-07-11 06:15:00+00:00,2025-07-11T01:30:00-05:00,2025-07-11 06:30:00+00:00,SBEAN_BESS,23.7
2025-07-11T01:30:00-05:00,2025-07-11 06:30:00+00:00,2025-07-11T01:45:00-05:00,2025-07-11 06:45:00+00:00,SBEAN_BESS,22.92
2025-07-11T01:45:00-05:00,2025-07-11 06:45:00+00:00,2025-07-11T02:00:00-05:00,2025-07-11 07:00:00+00:00,SBEAN_BESS,22.93
2025-07-11T02:00:00-05:00,2025-07-11 07:00:00+00:00,2025-07-11T02:15:00-05:00,2025-07-11 07:15:00+00:00,SBEAN_BESS,22.86
2025-07-11T02:15:00-05:00,2025-07-11 07:15:00+00:00,2025-07-11T02:30:00-05:00,2025-07-11 07:30:00+00:00,SBEAN_BESS,22.94
2025-07-11T02:30:00-05:00,2025-07-11 07:30:00+00:00,2025-07-11T02:45:00-05:00,2025-07-11 07:45:00+00:00,SBEAN_BESS,22.91
2025-07-11T02:45:00-05:00,2025-07-11 07:45:00+00:00,2025-07-11T03:00:00-05:00,2025-07-11 08:00:00+00:00,SBEAN_BESS,22.95
2025-07-11T03:00:00-05:00,2025-07-11 08:00:00+00:00,2025-07-11T03:15:00-05:00,2025-07-11 08:15:00+00:00,SBEAN_BESS,22.94
2025-07-11T03:15:00-05:00,2025-07-11 08:15:00+00:00,2025-07-11T03:30:00-05:00,2025-07-11 08:30:00+00:00,SBEAN_BESS,25.0
2025-07-11T03:30:00-05:00,2025-07-11 08:30:00+00:00,2025-07-11T03:45:00-05:00,2025-07-11 08:45:00+00:00,SBEAN_BESS,24.8
2025-07-11T03:45:00-05:00,2025-07-11 08:45:00+00:00,2025-07-11T04:00:00-05:00,2025-07-11 09:00:00+00:00,SBEAN_BESS,23.34
2025-07-11T04:00:00-05:00,2025-07-11 09:00:00+00:00,2025-07-11T04:15:00-05:00,2025-07-11 09:15:00+00:00,SBEAN_BESS,22.5
2025-07-11T04:15:00-05:00,2025-07-11 09:15:00+00:00,2025-07-11T04:30:00-05:00,2025-07-11 09:30:00+00:00,SBEAN_BESS,23.11
2025-07-11T04:30:00-05:00,2025-07-11 09:30:00+00:00,2025-07-11T04:45:00-05:00,2025-07-11 09:45:00+00:00,SBEAN_BESS,25.52
2025-07-11T04:45:00-05:00,2025-07-11 09:45:00+00:00,2025-07-11T05:00:00-05:00,2025-07-11 10:00:00+00:00,SBEAN_BESS,25.39
2025-07-11T05:00:00-05:00,2025-07-11 10:00:00+00:00,2025-07-11T05:15:00-05:00,2025-07-11 10:15:00+00:00,SBEAN_BESS,24.32
2025-07-11T05:15:00-05:00,2025-07-11 10:15:00+00:00,2025-07-11T05:30:00-05:00,2025-07-11 10:30:00+00:00,SBEAN_BESS,25.44
2025-07-11T05:30:00-05:00,2025-07-11 10:30:00+00:00,2025-07-11T05:45:00-05:00,2025-07-11 10:45:00+00:00,SBEAN_BESS,27.38
2025-07-11T05:45:00-05:00,2025-07-11 10:45:00+00:00,2025-07-11T06:00:00-05:00,2025-07-11 11:00:00+00:00,SBEAN_BESS,28.59
2025-07-11T06:00:00-05:00,2025-07-11 11:00:00+00:00,2025-07-11T06:15:00-05:00,2025-07-11 11:15:00+00:00,SBEAN_BESS,27.75
2025-07-11T06:15:00-05:00,2025-07-11 11:15:00+00:00,2025-07-11T06:30:00-05:00,2025-07-11 11:30:00+00:00,SBEAN_BESS,29.41
2025-07-11T06:30:00-05:00,2025-07-11 11:30:00+00:00,2025-07-11T06:45:00-05:00,2025-07-11 11:45:00+00:00,SBEAN_BESS,29.89
2025-07-11T06:45:00-05:00,2025-07-11 11:45:00+00:00,2025-07-11T07:00:00-05:00,2025-07-11 12:00:00+00:00,SBEAN_BESS,27.28
2025-07-11T07:00:00-05:00,2025-07-11 12:00:00+00:00,2025-07-11T07:15:00-05:00,2025-07-11 12:15:00+00:00,SBEAN_BESS,24.87
2025-07-11T07:15:00-05:00,2025-07-11 12:15:00+00:00,2025-07-11T07:30:00-05:00,2025-07-11 12:30:00+00:00,SBEAN_BESS,22.66
2025-07-11T07:30:00-05:00,2025-07-11 12:30:00+00:00,2025-07-11T07:45:00-05:00,2025-07-11 12:45:00+00:00,SBEAN_BESS,21.25
2025-07-11T07:45:00-05:00,2025-07-11 12:45:00+00:00,2025-07-11T08:00:00-05:00,2025-07-11 13:00:00+00:00,SBEAN_BESS,19.66
2025-07-11T08:00:00-05:00,2025-07-11 13:00:00+00:00,2025-07-11T08:15:00-05:00,2025-07-11 13:15:00+00:00,SBEAN_BESS,21.09
2025-07-11T08:15:00-05:00,2025-07-11 13:15:00+00:00,2025-07-11T08:30:00-05:00,2025-07-11 13:30:00+00:00,SBEAN_BESS,18.54
2025-07-11T08:30:00-05:00,2025-07-11 13:30:00+00:00,2025-07-11T08:45:00-05:00,2025-07-11 13:45:00+00:00,SBEAN_BESS,17.2
2025-07-11T08:45:00-05:00,2025-07-11 13:45:00+00:00,2025-07-11T09:00:00-05:00,2025-07-11 14:00:00+00:00,SBEAN_BESS,16.0
2025-07-11T09:00:00-05:00,2025-07-11 14:00:00+00:00,2025-07-11T09:15:00-05:00,2025-07-11 14:15:00+00:00,SBEAN_BESS,15.24
2025-07-11T09:15:00-05:00,2025-07-11 14:15:00+00:00,2025-07-11T09:30:00-05:00,2025-07-11 14:30:00+00:00,SBEAN_BESS,13.17
2025-07-11T09:30:00-05:00,2025-07-11 14:30:00+00:00,2025-07-11T09:45:00-05:00,2025-07-11 14:45:00+00:00,SBEAN_BESS,12.4
2025-07-11T09:45:00-05:00,2025-07-11 14:45:00+00:00,2025-07-11T10:00:00-05:00,2025-07-11 15:00:00+00:00,SBEAN_BESS,13.73
2025-07-11T10:00:00-05:00,2025-07-11 15:00:00+00:00,2025-07-11T10:15:00-05:00,2025-07-11 15:15:00+00:00,SBEAN_BESS,14.41
2025-07-11T10:15:00-05:00,2025-07-11 15:15:00+00:00,2025-07-11T10:30:00-05:00,2025-07-11 15:30:00+00:00,SBEAN_BESS,17.31
2025-07-11T10:30:00-05:00,2025-07-11 15:30:00+00:00,2025-07-11T10:45:00-05:00,2025-07-11 15:45:00+00:00,SBEAN_BESS,17.66
2025-07-11T10:45:00-05:00,2025-07-11 15:45:00+00:00,2025-07-11T11:00:00-05:00,2025-07-11 16:00:00+00:00,SBEAN_BESS,14.24
2025-07-11T11:00:00-05:00,2025-07-11 16:00:00+00:00,2025-07-11T11:15:00-05:00,2025-07-11 16:15:00+00:00,SBEAN_BESS,14.34
2025-07-11T11:15:00-05:00,2025-07-11 16:15:00+00:00,2025-07-11T11:30:00-05:00,2025-07-11 16:30:00+00:00,SBEAN_BESS,14.58
2025-07-11T11:30:00-05:00,2025-07-11 16:30:00+00:00,2025-07-11T11:45:00-05:00,2025-07-11 16:45:00+00:00,SBEAN_BESS,14.34
2025-07-11T11:45:00-05:00,2025-07-11 16:45:00+00:00,2025-07-11T12:00:00-05:00,2025-07-11 17:00:00+00:00,SBEAN_BESS,14.99
2025-07-11T12:00:00-05:00,2025-07-11 17:00:00+00:00,2025-07-11T12:15:00-05:00,2025-07-11 17:15:00+00:00,SBEAN_BESS,16.92
2025-07-11T12:15:00-05:00,2025-07-11 17:15:00+00:00,2025-07-11T12:30:00-05:00,2025-07-11 17:30:00+00:00,SBEAN_BESS,21.82
2025-07-11T12:30:00-05:00,2025-07-11 17:30:00+00:00,2025-07-11T12:45:00-05:00,2025-07-11 17:45:00+00:00,SBEAN_BESS,28.21
2025-07-11T12:45:00-05:00,2025-07-11 17:45:00+00:00,2025-07-11T13:00:00-05:00,2025-07-11 18:00:00+00:00,SBEAN_BESS,33.48
2025-07-11T13:00:00-05:00,2025-07-11 18:00:00+00:00,2025-07-11T13:15:00-05:00,2025-07-11 18:15:00+00:00,SBEAN_BESS,36.04
2025-07-11T13:15:00-05:00,2025-07-11 18:15:00+00:00,2025-07-11T13:30:00-05:00,2025-07-11 18:30:00+00:00,SBEAN_BESS,38.0
2025-07-11T13:30:00-05:00,2025-07-11 18:30:00+00:00,2025-07-11T13:45:00-05:00,2025-07-11 18:45:00+00:00,SBEAN_BESS,33.72
2025-07-11T13:45:00-05:00,2025-07-11 18:45:00+00:00,2025-07-11T14:00:00-05:00,2025-07-11 19:00:00+00:00,SBEAN_BESS,29.82
2025-07-11T14:00:00-05:00,2025-07-11 19:00:00+00:00,2025-07-11T14:15:00-05:00,2025-07-11 19:15:00+00:00,SBEAN_BESS,22.59
2025-07-11T14:15:00-05:00,2025-07-11 19:15:00+00:00,2025-07-11T14:30:00-05:00,2025-07-11 19:30:00+00:00,SBEAN_BESS,21.79
2025-07-11T14:30:00-05:00,2025-07-11 19:30:00+00:00,2025-07-11T14:45:00-05:00,2025-07-11 19:45:00+00:00,SBEAN_BESS,20.05
2025-07-11T14:45:00-05:00,2025-07-11 19:45:00+00:00,2025-07-11T15:00:00-05:00,2025-07-11 20:00:00+00:00,SBEAN_BESS,23.03
2025-07-11T15:00:00-05:00,2025-07-11 20:00:00+00:00,2025-07-11T15:15:00-05:00,2025-07-11 20:15:00+00:00,SBEAN_BESS,22.43
2025-07-11T15:15:00-05:00,2025-07-11 20:15:00+00:00,2025-07-11T15:30:00-05:00,2025-07-11 20:30:00+00:00,SBEAN_BESS,26.12
2025-07-11T15:30:00-05:00,2025-07-11 20:30:00+00:00,2025-07-11T15:45:00-05:00,2025-07-11 20:45:00+00:00,SBEAN_BESS,29.15
2025-07-11T15:45:00-05:00,2025-07-11 20:45:00+00:00,2025-07-11T16:00:00-05:00,2025-07-11 21:00:00+00:00,SBEAN_BESS,29.3
2025-07-11T16:00:00-05:00,2025-07-11 21:00:00+00:00,2025-07-11T16:15:00-05:00,2025-07-11 21:15:00+00:00,SBEAN_BESS,34.1
2025-07-11T16:15:00-05:00,2025-07-11 21:15:00+00:00,2025-07-11T16:30:00-05:00,2025-07-11 21:30:00+00:00,SBEAN_BESS,45.66
2025-07-11T16:30:00-05:00,2025-07-11 21:30:00+00:00,2025-07-11T16:45:00-05:00,2025-07-11 21:45:00+00:00,SBEAN_BESS,37.23
2025-07-11T16:45:00-05:00,2025-07-11 21:45:00+00:00,2025-07-11T17:00:00-05:00,2025-07-11 22:00:00+00:00,SBEAN_BESS,34.71
2025-07-11T17:00:00-05:00,2025-07-11 22:00:00+00:00,2025-07-11T17:15:00-05:00,2025-07-11 22:15:00+00:00,SBEAN_BESS,31.03
2025-07-11T17:15:00-05:00,2025-07-11 22:15:00+00:00,2025-07-11T17:30:00-05:00,2025-07-11 22:30:00+00:00,SBEAN_BESS,32.55
2025-07-11T17:30:00-05:00,2025-07-11 22:30:00+00:00,2025-07-11T17:45:00-05:00,2025-07-11 22:45:00+00:00,SBEAN_BESS,29.94
2025-07-11T17:45:00-05:00,2025-07-11 22:45:00+00:00,2025-07-11T18:00:00-05:00,2025-07-11 23:00:00+00:00,SBEAN_BESS,28.67
2025-07-11T18:00:00-05:00,2025-07-11 23:00:00+00:00,2025-07-11T18:15:00-05:00,2025-07-11 23:15:00+00:00,SBEAN_BESS,25.33
2025-07-11T18:15:00-05:00,2025-07-11 23:15:00+00:00,2025-07-11T18:30:00-05:00,2025-07-11 23:30:00+00:00,SBEAN_BESS,27.65
2025-07-11T18:30:00-05:00,2025-07-11 23:30:00+00:00,2025-07-11T18:45:00-05:00,2025-07-11 23:45:00+00:00,SBEAN_BESS,33.92
2025-07-11T18:45:00-05:00,2025-07-11 23:45:00+00:00,2025-07-11T19:00:00-05:00,2025-07-12 00:00:00+00:00,SBEAN_BESS,50.8
2025-07-11T19:00:00-05:00,2025-07-12 00:00:00+00:00,2025-07-11T19:15:00-05:00,2025-07-12 00:15:00+00:00,SBEAN_BESS,46.94
2025-07-11T19:15:00-05:00,2025-07-12 00:15:00+00:00,2025-07-11T19:30:00-05:00,2025-07-12 00:30:00+00:00,SBEAN_BESS,43.99
2025-07-11T19:30:00-05:00,2025-07-12 00:30:00+00:00,2025-07-11T19:45:00-05:00,2025-07-12 00:45:00+00:00,SBEAN_BESS,66.36
2025-07-11T19:45:00-05:00,2025-07-12 00:45:00+00:00,2025-07-11T20:00:00-05:00,2025-07-12 01:00:00+00:00,SBEAN_BESS,93.95
2025-07-11T20:00:00-05:00,2025-07-12 01:00:00+00:00,2025-07-11T20:15:00-05:00,2025-07-12 01:15:00+00:00,SBEAN_BESS,93.27
2025-07-11T20:15:00-05:00,2025-07-12 01:15:00+00:00,2025-07-11T20:30:00-05:00,2025-07-12 01:30:00+00:00,SBEAN_BESS,104.08
2025-07-11T20:30:00-05:00,2025-07-12 01:30:00+00:00,2025-07-11T20:45:00-05:00,2025-07-12 01:45:00+00:00,SBEAN_BESS,115.78
2025-07-11T20:45:00-05:00,2025-07-12 01:45:00+00:00,2025-07-11T21:00:00-05:00,2025-07-12 02:00:00+00:00,SBEAN_BESS,187.79
2025-07-11T21:00:00-05:00,2025-07-12 02:00:00+00:00,2025-07-11T21:15:00-05:00,2025-07-12 02:15:00+00:00,SBEAN_BESS,1759.63
2025-07-11T21:15:00-05:00,2025-07-12 02:15:00+00:00,2025-07-11T21:30:00-05:00,2025-07-12 02:30:00+00:00,SBEAN_BESS,74.78
2025-07-11T21:30:00-05:00,2025-07-12 02:30:00+00:00,2025-07-11T21:45:00-05:00,2025-07-12 02:45:00+00:00,SBEAN_BESS,42.88
2025-07-11T21:45:00-05:00,2025-07-12 02:45:00+00:00,2025-07-11T22:00:00-05:00,2025-07-12 03:00:00+00:00,SBEAN_BESS,40.85
2025-07-11T22:00:00-05:00,2025-07-12 03:00:00+00:00,2025-07-11T22:15:00-05:00,2025-07-12 03:15:00+00:00,SBEAN_BESS,51.4
2025-07-11T22:15:00-05:00,2025-07-12 03:15:00+00:00,2025-07-11T22:30:00-05:00,2025-07-12 03:30:00+00:00,SBEAN_BESS,47.18
2025-07-11T22:30:00-05:00,2025-07-12 03:30:00+00:00,2025-07-11T22:45:00-05:00,2025-07-12 03:45:00+00:00,SBEAN_BESS,58.82
2025-07-11T22:45:00-05:00,2025-07-12 03:45:00+00:00,2025-07-11T23:00:00-05:00,2025-07-12 04:00:00+00:00,SBEAN_BESS,48.82
2025-07-11T23:00:00-05:00,2025-07-12 04:00:00+00:00,2025-07-11T23:15:00-05:00,2025-07-12 04:15:00+00:00,SBEAN_BESS,68.65
2025-07-11T23:15:00-05:00,2025-07-12 04:15:00+00:00,2025-07-11T23:30:00-05:00,2025-07-12 04:30:00+00:00,SBEAN_BESS,108.45
2025-07-11T23:30:00-05:00,2025-07-12 04:30:00+00:00,2025-07-11T23:45:00-05:00,2025-07-12 04:45:00+00:00,SBEAN_BESS,92.55
2025-07-11T23:45:00-05:00,2025-07-12 04:45:00+00:00,2025-07-12T00:00:00-05:00,2025-07-12 05:00:00+00:00,SBEAN_BESS,89.79
2025-07-12T00:00:00-05:00,2025-07-12 05:00:00+00:00,2025-07-12T00:15:00-05:00,2025-07-12 05:15:00+00:00,SBEAN_BESS,75.47
2025-07-12T00:15:00-05:00,2025-07-12 05:15:00+00:00,2025-07-12T00:30:00-05:00,2025-07-12 05:30:00+00:00,SBEAN_BESS,78.35
2025-07-12T00:30:00-05:00,2025-07-12 05:30:00+00:00,2025-07-12T00:45:00-05:00,2025-07-12 05:45:00+00:00,SBEAN_BESS,76.54
2025-07-12T00:45:00-05:00,2025-07-12 05:45:00+00:00,2025-07-12T01:00:00-05:00,2025-07-12 06:00:00+00:00,SBEAN_BESS,73.04
2025-07-12T01:00:00-05:00,2025-07-12 06:00:00+00:00,2025-07-12T01:15:00-05:00,2025-07-12 06:15:00+00:00,SBEAN_BESS,74.24
2025-07-12T01:15:00-05:00,2025-07-12 06:15:00+00:00,2025-07-12T01:30:00-05:00,2025-07-12 06:30:00+00:00,SBEAN_BESS,63.55
2025-07-12T01:30:00-05:00,2025-07-12 06:30:00+00:00,2025-07-12T01:45:00-05:00,2025-07-12 06:45:00+00:00,SBEAN_BESS,65.89
2025-07-12T01:45:00-05:00,2025-07-12 06:45:00+00:00,2025-07-12T02:00:00-05:00,2025-07-12 07:00:00+00:00,SBEAN_BESS,49.22
2025-07-12T02:00:00-05:00,2025-07-12 07:00:00+00:00,2025-07-12T02:15:00-05:00,2025-07-12 07:15:00+00:00,SBEAN_BESS,56.48
2025-07-12T02:15:00-05:00,2025-07-12 07:15:00+00:00,2025-07-12T02:30:00-05:00,2025-07-12 07:30:00+00:00,SBEAN_BESS,79.56
2025-07-12T02:30:00-05:00,2025-07-12 07:30:00+00:00,2025-07-12T02:45:00-05:00,2025-07-12 07:45:00+00:00,SBEAN_BESS,73.25
2025-07-12T02:45:00-05:00,2025-07-12 07:45:00+00:00,2025-07-12T03:00:00-05:00,2025-07-12 08:00:00+00:00,SBEAN_BESS,71.08
2025-07-12T03:00:00-05:00,2025-07-12 08:00:00+00:00,2025-07-12T03:15:00-05:00,2025-07-12 08:15:00+00:00,SBEAN_BESS,69.46
2025-07-12T03:15:00-05:00,2025-07-12 08:15:00+00:00,2025-07-12T03:30:00-05:00,2025-07-12 08:30:00+00:00,SBEAN_BESS,62.37
2025-07-12T03:30:00-05:00,2025-07-12 08:30:00+00:00,2025-07-12T03:45:00-05:00,2025-07-12 08:45:00+00:00,SBEAN_BESS,75.94
2025-07-12T03:45:00-05:00,2025-07-12 08:45:00+00:00,2025-07-12T04:00:00-05:00,2025-07-12 09:00:00+00:00,SBEAN_BESS,74.41
2025-07-12T04:00:00-05:00,2025-07-12 09:00:00+00:00,2025-07-12T04:15:00-05:00,2025-07-12 09:15:00+00:00,SBEAN_BESS,75.52
2025-07-12T04:15:00-05:00,2025-07-12 09:15:00+00:00,2025-07-12T04:30:00-05:00,2025-07-12 09:30:00+00:00,SBEAN_BESS,78.53
2025-07-12T04:30:00-05:00,2025-07-12 09:30:00+00:00,2025-07-12T04:45:00-05:00,2025-07-12 09:45:00+00:00,SBEAN_BESS,102.86
2025-07-12T04:45:00-05:00,2025-07-12 09:45:00+00:00,2025-07-12T05:00:00-05:00,2025-07-12 10:00:00+00:00,SBEAN_BESS,59.8
2025-07-12T05:00:00-05:00,2025-07-12 10:00:00+00:00,2025-07-12T05:15:00-05:00,2025-07-12 10:15:00+00:00,SBEAN_BESS,72.78
2025-07-12T05:15:00-05:00,2025-07-12 10:15:00+00:00,2025-07-12T05:30:00-05:00,2025-07-12 10:30:00+00:00,SBEAN_BESS,102.93
2025-07-12T05:30:00-05:00,2025-07-12 10:30:00+00:00,2025-07-12T05:45:00-05:00,2025-07-12 10:45:00+00:00,SBEAN_BESS,72.0
2025-07-12T05:45:00-05:00,2025-07-12 10:45:00+00:00,2025-07-12T06:00:00-05:00,2025-07-12 11:00:00+00:00,SBEAN_BESS,41.06
2025-07-12T06:00:00-05:00,2025-07-12 11:00:00+00:00,2025-07-12T06:15:00-05:00,2025-07-12 11:15:00+00:00,SBEAN_BESS,36.15
2025-07-12T06:15:00-05:00,2025-07-12 11:15:00+00:00,2025-07-12T06:30:00-05:00,2025-07-12 11:30:00+00:00,SBEAN_BESS,33.55
2025-07-12T06:30:00-05:00,2025-07-12 11:30:00+00:00,2025-07-12T06:45:00-05:00,2025-07-12 11:45:00+00:00,SBEAN_BESS,33.44
2025-07-12T06:45:00-05:00,2025-07-12 11:45:00+00:00,2025-07-12T07:00:00-05:00,2025-07-12 12:00:00+00:00,SBEAN_BESS,32.08
2025-07-12T07:00:00-05:00,2025-07-12 12:00:00+00:00,2025-07-12T07:15:00-05:00,2025-07-12 12:15:00+00:00,SBEAN_BESS,30.63
2025-07-12T07:15:00-05:00,2025-07-12 12:15:00+00:00,2025-07-12T07:30:00-05:00,2025-07-12 12:30:00+00:00,SBEAN_BESS,29.23
2025-07-12T07:30:00-05:00,2025-07-12 12:30:00+00:00,2025-07-12T07:45:00-05:00,2025-07-12 12:45:00+00:00,SBEAN_BESS,28.0
2025-07-12T07:45:00-05:00,2025-07-12 12:45:00+00:00,2025-07-12T08:00:00-05:00,2025-07-12 13:00:00+00:00,SBEAN_BESS,29.16
2025-07-12T08:00:00-05:00,2025-07-12 13:00:00+00:00,2025-07-12T08:15:00-05:00,2025-07-12 13:15:00+00:00,SBEAN_BESS,72.1
2025-07-12T08:15:00-05:00,2025-07-12 13:15:00+00:00,2025-07-12T08:30:00-05:00,2025-07-12 13:30:00+00:00,SBEAN_BESS,99.12
2025-07-12T08:30:00-05:00,2025-07-12 13:30:00+00:00,2025-07-12T08:45:00-05:00,2025-07-12 13:45:00+00:00,SBEAN_BESS,49.61
2025-07-12T08:45:00-05:00,2025-07-12 13:45:00+00:00,2025-07-12T09:00:00-05:00,2025-07-12 14:00:00+00:00,SBEAN_BESS,41.22
2025-07-12T09:00:00-05:00,2025-07-12 14:00:00+00:00,2025-07-12T09:15:00-05:00,2025-07-12 14:15:00+00:00,SBEAN_BESS,74.06
2025-07-12T09:15:00-05:00,2025-07-12 14:15:00+00:00,2025-07-12T09:30:00-05:00,2025-07-12 14:30:00+00:00,SBEAN_BESS,115.4
2025-07-12T09:30:00-05:00,2025-07-12 14:30:00+00:00,2025-07-12T09:45:00-05:00,2025-07-12 14:45:00+00:00,SBEAN_BESS,53.81
2025-07-12T09:45:00-05:00,2025-07-12 14:45:00+00:00,2025-07-12T10:00:00-05:00,2025-07-12 15:00:00+00:00,SBEAN_BESS,143.08
2025-07-12T10:00:00-05:00,2025-07-12 15:00:00+00:00,2025-07-12T10:15:00-05:00,2025-07-12 15:15:00+00:00,SBEAN_BESS,156.19
2025-07-12T10:15:00-05:00,2025-07-12 15:15:00+00:00,2025-07-12T10:30:00-05:00,2025-07-12 15:30:00+00:00,SBEAN_BESS,91.55
2025-07-12T10:30:00-05:00,2025-07-12 15:30:00+00:00,2025-07-12T10:45:00-05:00,2025-07-12 15:45:00+00:00,SBEAN_BESS,74.58
2025-07-12T10:45:00-05:00,2025-07-12 15:45:00+00:00,2025-07-12T11:00:00-05:00,2025-07-12 16:00:00+00:00,SBEAN_BESS,72.9
2025-07-12T11:00:00-05:00,2025-07-12 16:00:00+00:00,2025-07-12T11:15:00-05:00,2025-07-12 16:15:00+00:00,SBEAN_BESS,63.01
2025-07-12T11:15:00-05:00,2025-07-12 16:15:00+00:00,2025-07-12T11:30:00-05:00,2025-07-12 16:30:00+00:00,SBEAN_BESS,49.39
2025-07-12T11:30:00-05:00,2025-07-12 16:30:00+00:00,2025-07-12T11:45:00-05:00,2025-07-12 16:45:00+00:00,SBEAN_BESS,51.38
2025-07-12T11:45:00-05:00,2025-07-12 16:45:00+00:00,2025-07-12T12:00:00-05:00,2025-07-12 17:00:00+00:00,SBEAN_BESS,59.11
2025-07-12T12:00:00-05:00,2025-07-12 17:00:00+00:00,2025-07-12T12:15:00-05:00,2025-07-12 17:15:00+00:00,SBEAN_BESS,48.83
2025-07-12T12:15:00-05:00,2025-07-12 17:15:00+00:00,2025-07-12T12:30:00-05:00,2025-07-12 17:30:00+00:00,SBEAN_BESS,49.34
2025-07-12T12:30:00-05:00,2025-07-12 17:30:00+00:00,2025-07-12T12:45:00-05:00,2025-07-12 17:45:00+00:00,SBEAN_BESS,47.66
2025-07-12T12:45:00-05:00,2025-07-12 17:45:00+00:00,2025-07-12T13:00:00-05:00,2025-07-12 18:00:00+00:00,SBEAN_BESS,45.13
2025-07-12T13:00:00-05:00,2025-07-12 18:00:00+00:00,2025-07-12T13:15:00-05:00,2025-07-12 18:15:00+00:00,SBEAN_BESS,44.89
2025-07-12T13:15:00-05:00,2025-07-12 18:15:00+00:00,2025-07-12T13:30:00-05:00,2025-07-12 18:30:00+00:00,SBEAN_BESS,45.88
2025-07-12T13:30:00-05:00,2025-07-12 18:30:00+00:00,2025-07-12T13:45:00-05:00,2025-07-12 18:45:00+00:00,SBEAN_BESS,47.27
2025-07-12T13:45:00-05:00,2025-07-12 18:45:00+00:00,2025-07-12T14:00:00-05:00,2025-07-12 19:00:00+00:00,SBEAN_BESS,65.93
2025-07-12T14:00:00-05:00,2025-07-12 19:00:00+00:00,2025-07-12T14:15:00-05:00,2025-07-12 19:15:00+00:00,SBEAN_BESS,88.79
2025-07-12T14:15:00-05:00,2025-07-12 19:15:00+00:00,2025-07-12T14:30:00-05:00,2025-07-12 19:30:00+00:00,SBEAN_BESS,105.17
2025-07-12T14:30:00-05:00,2025-07-12 19:30:00+00:00,2025-07-12T14:45:00-05:00,2025-07-12 19:45:00+00:00,SBEAN_BESS,104.43
2025-07-12T14:45:00-05:00,2025-07-12 19:45:00+00:00,2025-07-12T15:00:00-05:00,2025-07-12 20:00:00+00:00,SBEAN_BESS,110.19
2025-07-12T15:00:00-05:00,2025-07-12 20:00:00+00:00,2025-07-12T15:15:00-05:00,2025-07-12 20:15:00+00:00,SBEAN_BESS,115.23
2025-07-12T15:15:00-05:00,2025-07-12 20:15:00+00:00,2025-07-12T15:30:00-05:00,2025-07-12 20:30:00+00:00,SBEAN_BESS,120.19
2025-07-12T15:30:00-05:00,2025-07-12 20:30:00+00:00,2025-07-12T15:45:00-05:00,2025-07-12 20:45:00+00:00,SBEAN_BESS,147.08
2025-07-12T15:45:00-05:00,2025-07-12 20:45:00+00:00,2025-07-12T16:00:00-05:00,2025-07-12 21:00:00+00:00,SBEAN_BESS,138.68
2025-07-12T16:00:00-05:00,2025-07-12 21:00:00+00:00,2025-07-12T16:15:00-05:00,2025-07-12 21:15:00+00:00,SBEAN_BESS,77.84
2025-07-12T16:15:00-05:00,2025-07-12 21:15:00+00:00,2025-07-12T16:30:00-05:00,2025-07-12 21:30:00+00:00,SBEAN_BESS,66.45
2025-07-12T16:30:00-05:00,2025-07-12 21:30:00+00:00,2025-07-12T16:45:00-05:00,2025-07-12 21:45:00+00:00,SBEAN_BESS,72.82
2025-07-12T16:45:00-05:00,2025-07-12 21:45:00+00:00,2025-07-12T17:00:00-05:00,2025-07-12 22:00:00+00:00,SBEAN_BESS,115.52
2025-07-12T17:00:00-05:00,2025-07-12 22:00:00+00:00,2025-07-12T17:15:00-05:00,2025-07-12 22:15:00+00:00,SBEAN_BESS,115.76
2025-07-12T17:15:00-05:00,2025-07-12 22:15:00+00:00,2025-07-12T17:30:00-05:00,2025-07-12 22:30:00+00:00,SBEAN_BESS,102.02
2025-07-12T17:30:00-05:00,2025-07-12 22:30:00+00:00,2025-07-12T17:45:00-05:00,2025-07-12 22:45:00+00:00,SBEAN_BESS,118.35
2025-07-12T17:45:00-05:00,2025-07-12 22:45:00+00:00,2025-07-12T18:00:00-05:00,2025-07-12 23:00:00+00:00,SBEAN_BESS,143.06
2025-07-12T18:00:00-05:00,2025-07-12 23:00:00+00:00,2025-07-12T18:15:00-05:00,2025-07-12 23:15:00+00:00,SBEAN_BESS,123.1
2025-07-12T18:15:00-05:00,2025-07-12 23:15:00+00:00,2025-07-12T18:30:00-05:00,2025-07-12 23:30:00+00:00,SBEAN_BESS,210.12
2025-07-12T18:30:00-05:00,2025-07-12 23:30:00+00:00,2025-07-12T18:45:00-05:00,2025-07-12 23:45:00+00:00,SBEAN_BESS,194.46
2025-07-12T18:45:00-05:00,2025-07-12 23:45:00+00:00,2025-07-12T19:00:00-05:00,2025-07-13 00:00:00+00:00,SBEAN_BESS,195.05
2025-07-12T19:00:00-05:00,2025-07-13 00:00:00+00:00,2025-07-12T19:15:00-05:00,2025-07-13 00:15:00+00:00,SBEAN_BESS,106.85
2025-07-12T19:15:00-05:00,2025-07-13 00:15:00+00:00,2025-07-12T19:30:00-05:00,2025-07-13 00:30:00+00:00,SBEAN_BESS,138.33
2025-07-12T19:30:00-05:00,2025-07-13 00:30:00+00:00,2025-07-12T19:45:00-05:00,2025-07-13 00:45:00+00:00,SBEAN_BESS,247.37
2025-07-12T19:45:00-05:00,2025-07-13 00:45:00+00:00,2025-07-12T20:00:00-05:00,2025-07-13 01:00:00+00:00,SBEAN_BESS,351.92
2025-07-12T20:00:00-05:00,2025-07-13 01:00:00+00:00,2025-07-12T20:15:00-05:00,2025-07-13 01:15:00+00:00,SBEAN_BESS,187.97
2025-07-12T20:15:00-05:00,2025-07-13 01:15:00+00:00,2025-07-12T20:30:00-05:00,2025-07-13 01:30:00+00:00,SBEAN_BESS,144.6
2025-07-12T20:30:00-05:00,2025-07-13 01:30:00+00:00,2025-07-12T20:45:00-05:00,2025-07-13 01:45:00+00:00,SBEAN_BESS,130.45
2025-07-12T20:45:00-05:00,2025-07-13 01:45:00+00:00,2025-07-12T21:00:00-05:00,2025-07-13 02:00:00+00:00,SBEAN_BESS,114.74
2025-07-12T21:00:00-05:00,2025-07-13 02:00:00+00:00,2025-07-12T21:15:00-05:00,2025-07-13 02:15:00+00:00,SBEAN_BESS,105.9
2025-07-12T21:15:00-05:00,2025-07-13 02:15:00+00:00,2025-07-12T21:30:00-05:00,2025-07-13 02:30:00+00:00,SBEAN_BESS,122.71
2025-07-12T21:30:00-05:00,2025-07-13 02:30:00+00:00,2025-07-12T21:45:00-05:00,2025-07-13 02:45:00+00:00,SBEAN_BESS,114.32
2025-07-12T21:45:00-05:00,2025-07-13 02:45:00+00:00,2025-07-12T22:00:00-05:00,2025-07-13 03:00:00+00:00,SBEAN_BESS,115.58
2025-07-12T22:00:00-05:00,2025-07-13 03:00:00+00:00,2025-07-12T22:15:00-05:00,2025-07-13 03:15:00+00:00,SBEAN_BESS,236.18
2025-07-12T22:15:00-05:00,2025-07-13 03:15:00+00:00,2025-07-12T22:30:00-05:00,2025-07-13 03:30:00+00:00,SBEAN_BESS,104.13
2025-07-12T22:30:00-05:00,2025-07-13 03:30:00+00:00,2025-07-12T22:45:00-05:00,2025-07-13 03:45:00+00:00,SBEAN_BESS,65.44
2025-07-12T22:45:00-05:00,2025-07-13 03:45:00+00:00,2025-07-12T23:00:00-05:00,2025-07-13 04:00:00+00:00,SBEAN_BESS,73.76
2025-07-12T23:00:00-05:00,2025-07-13 04:00:00+00:00,2025-07-12T23:15:00-05:00,2025-07-13 04:15:00+00:00,SBEAN_BESS,131.13
2025-07-12T23:15:00-05:00,2025-07-13 04:15:00+00:00,2025-07-12T23:30:00-05:00,2025-07-13 04:30:00+00:00,SBEAN_BESS,111.86
2025-07-12T23:30:00-05:00,2025-07-13 04:30:00+00:00,2025-07-12T23:45:00-05:00,2025-07-13 04:45:00+00:00,SBEAN_BESS,92.4
2025-07-12T23:45:00-05:00,2025-07-13 04:45:00+00:00,2025-07-13T00:00:00-05:00,2025-07-13 05:00:00+00:00,SBEAN_BESS,74.37
2025-07-13T00:00:00-05:00,2025-07-13 05:00:00+00:00,2025-07-13T00:15:00-05:00,2025-07-13 05:15:00+00:00,SBEAN_BESS,55.87
2025-07-13T00:15:00-05:00,2025-07-13 05:15:00+00:00,2025-07-13T00:30:00-05:00,2025-07-13 05:30:00+00:00,SBEAN_BESS,118.6
2025-07-13T00:30:00-05:00,2025-07-13 05:30:00+00:00,2025-07-13T00:45:00-05:00,2025-07-13 05:45:00+00:00,SBEAN_BESS,59.29
2025-07-13T00:45:00-05:00,2025-07-13 05:45:00+00:00,2025-07-13T01:00:00-05:00,2025-07-13 06:00:00+00:00,SBEAN_BESS,78.16
2025-07-13T01:00:00-05:00,2025-07-13 06:00:00+00:00,2025-07-13T01:15:00-05:00,2025-07-13 06:15:00+00:00,SBEAN_BESS,94.0
2025-07-13T01:15:00-05:00,2025-07-13 06:15:00+00:00,2025-07-13T01:30:00-05:00,2025-07-13 06:30:00+00:00,SBEAN_BESS,85.36
2025-07-13T01:30:00-05:00,2025-07-13 06:30:00+00:00,2025-07-13T01:45:00-05:00,2025-07-13 06:45:00+00:00,SBEAN_BESS,111.61
2025-07-13T01:45:00-05:00,2025-07-13 06:45:00+00:00,2025-07-13T02:00:00-05:00,2025-07-13 07:00:00+00:00,SBEAN_BESS,91.05
2025-07-13T02:00:00-05:00,2025-07-13 07:00:00+00:00,2025-07-13T02:15:00-05:00,2025-07-13 07:15:00+00:00,SBEAN_BESS,61.18
2025-07-13T02:15:00-05:00,2025-07-13 07:15:00+00:00,2025-07-13T02:30:00-05:00,2025-07-13 07:30:00+00:00,SBEAN_BESS,84.34
2025-07-13T02:30:00-05:00,2025-07-13 07:30:00+00:00,2025-07-13T02:45:00-05:00,2025-07-13 07:45:00+00:00,SBEAN_BESS,100.12
2025-07-13T02:45:00-05:00,2025-07-13 07:45:00+00:00,2025-07-13T03:00:00-05:00,2025-07-13 08:00:00+00:00,SBEAN_BESS,78.23
2025-07-13T03:00:00-05:00,2025-07-13 08:00:00+00:00,2025-07-13T03:15:00-05:00,2025-07-13 08:15:00+00:00,SBEAN_BESS,115.08
2025-07-13T03:15:00-05:00,2025-07-13 08:15:00+00:00,2025-07-13T03:30:00-05:00,2025-07-13 08:30:00+00:00,SBEAN_BESS,73.26
2025-07-13T03:30:00-05:00,2025-07-13 08:30:00+00:00,2025-07-13T03:45:00-05:00,2025-07-13 08:45:00+00:00,SBEAN_BESS,101.95
2025-07-13T03:45:00-05:00,2025-07-13 08:45:00+00:00,2025-07-13T04:00:00-05:00,2025-07-13 09:00:00+00:00,SBEAN_BESS,124.15
2025-07-13T04:00:00-05:00,2025-07-13 09:00:00+00:00,2025-07-13T04:15:00-05:00,2025-07-13 09:15:00+00:00,SBEAN_BESS,106.02
2025-07-13T04:15:00-05:00,2025-07-13 09:15:00+00:00,2025-07-13T04:30:00-05:00,2025-07-13 09:30:00+00:00,SBEAN_BESS,67.11
2025-07-13T04:30:00-05:00,2025-07-13 09:30:00+00:00,2025-07-13T04:45:00-05:00,2025-07-13 09:45:00+00:00,SBEAN_BESS,109.14
2025-07-13T04:45:00-05:00,2025-07-13 09:45:00+00:00,2025-07-13T05:00:00-05:00,2025-07-13 10:00:00+00:00,SBEAN_BESS,113.2
2025-07-13T05:00:00-05:00,2025-07-13 10:00:00+00:00,2025-07-13T05:15:00-05:00,2025-07-13 10:15:00+00:00,SBEAN_BESS,88.23
2025-07-13T05:15:00-05:00,2025-07-13 10:15:00+00:00,2025-07-13T05:30:00-05:00,2025-07-13 10:30:00+00:00,SBEAN_BESS,66.97
2025-07-13T05:30:00-05:00,2025-07-13 10:30:00+00:00,2025-07-13T05:45:00-05:00,2025-07-13 10:45:00+00:00,SBEAN_BESS,126.48
2025-07-13T05:45:00-05:00,2025-07-13 10:45:00+00:00,2025-07-13T06:00:00-05:00,2025-07-13 11:00:00+00:00,SBEAN_BESS,73.62
2025-07-13T06:00:00-05:00,2025-07-13 11:00:00+00:00,2025-07-13T06:15:00-05:00,2025-07-13 11:15:00+00:00,SBEAN_BESS,110.3
2025-07-13T06:15:00-05:00,2025-07-13 11:15:00+00:00,2025-07-13T06:30:00-05:00,2025-07-13 11:30:00+00:00,SBEAN_BESS,114.5
2025-07-13T06:30:00-05:00,2025-07-13 11:30:00+00:00,2025-07-13T06:45:00-05:00,2025-07-13 11:45:00+00:00,SBEAN_BESS,55.41
2025-07-13T06:45:00-05:00,2025-07-13 11:45:00+00:00,2025-07-13T07:00:00-05:00,2025-07-13 12:00:00+00:00,SBEAN_BESS,56.47
2025-07-13T07:00:00-05:00,2025-07-13 12:00:00+00:00,2025-07-13T07:15:00-05:00,2025-07-13 12:15:00+00:00,SBEAN_BESS,124.19
2025-07-13T07:15:00-05:00,2025-07-13 12:15:00+00:00,2025-07-13T07:30:00-05:00,2025-07-13 12:30:00+00:00,SBEAN_BESS,47.79
2025-07-13T07:30:00-05:00,2025-07-13 12:30:00+00:00,2025-07-13T07:45:00-05:00,2025-07-13 12:45:00+00:00,SBEAN_BESS,36.64
2025-07-13T07:45:00-05:00,2025-07-13 12:45:00+00:00,2025-07-13T08:00:00-05:00,2025-07-13 13:00:00+00:00,SBEAN_BESS,29.45
2025-07-13T08:00:00-05:00,2025-07-13 13:00:00+00:00,2025-07-13T08:15:00-05:00,2025-07-13 13:15:00+00:00,SBEAN_BESS,27.1
2025-07-13T08:15:00-05:00,2025-07-13 13:15:00+00:00,2025-07-13T08:30:00-05:00,2025-07-13 13:30:00+00:00,SBEAN_BESS,26.43
2025-07-13T08:30:00-05:00,2025-07-13 13:30:00+00:00,2025-07-13T08:45:00-05:00,2025-07-13 13:45:00+00:00,SBEAN_BESS,23.13
2025-07-13T08:45:00-05:00,2025-07-13 13:45:00+00:00,2025-07-13T09:00:00-05:00,2025-07-13 14:00:00+00:00,SBEAN_BESS,21.27
2025-07-13T09:00:00-05:00,2025-07-13 14:00:00+00:00,2025-07-13T09:15:00-05:00,2025-07-13 14:15:00+00:00,SBEAN_BESS,18.06
2025-07-13T09:15:00-05:00,2025-07-13 14:15:00+00:00,2025-07-13T09:30:00-05:00,2025-07-13 14:30:00+00:00,SBEAN_BESS,18.91
2025-07-13T09:30:00-05:00,2025-07-13 14:30:00+00:00,2025-07-13T09:45:00-05:00,2025-07-13 14:45:00+00:00,SBEAN_BESS,19.14
2025-07-13T09:45:00-05:00,2025-07-13 14:45:00+00:00,2025-07-13T10:00:00-05:00,2025-07-13 15:00:00+00:00,SBEAN_BESS,18.72
2025-07-13T10:00:00-05:00,2025-07-13 15:00:00+00:00,2025-07-13T10:15:00-05:00,2025-07-13 15:15:00+00:00,SBEAN_BESS,17.21
2025-07-13T10:15:00-05:00,2025-07-13 15:15:00+00:00,2025-07-13T10:30:00-05:00,2025-07-13 15:30:00+00:00,SBEAN_BESS,17.26
2025-07-13T10:30:00-05:00,2025-07-13 15:30:00+00:00,2025-07-13T10:45:00-05:00,2025-07-13 15:45:00+00:00,SBEAN_BESS,17.39
2025-07-13T10:45:00-05:00,2025-07-13 15:45:00+00:00,2025-07-13T11:00:00-05:00,2025-07-13 16:00:00+00:00,SBEAN_BESS,17.55
2025-07-13T11:00:00-05:00,2025-07-13 16:00:00+00:00,2025-07-13T11:15:00-05:00,2025-07-13 16:15:00+00:00,SBEAN_BESS,19.69
2025-07-13T11:15:00-05:00,2025-07-13 16:15:00+00:00,2025-07-13T11:30:00-05:00,2025-07-13 16:30:00+00:00,SBEAN_BESS,21.28
2025-07-13T11:30:00-05:00,2025-07-13 16:30:00+00:00,2025-07-13T11:45:00-05:00,2025-07-13 16:45:00+00:00,SBEAN_BESS,19.59
2025-07-13T11:45:00-05:00,2025-07-13 16:45:00+00:00,2025-07-13T12:00:00-05:00,2025-07-13 17:00:00+00:00,SBEAN_BESS,20.93
2025-07-13T12:00:00-05:00,2025-07-13 17:00:00+00:00,2025-07-13T12:15:00-05:00,2025-07-13 17:15:00+00:00,SBEAN_BESS,20.31
2025-07-13T12:15:00-05:00,2025-07-13 17:15:00+00:00,2025-07-13T12:30:00-05:00,2025-07-13 17:30:00+00:00,SBEAN_BESS,19.97
2025-07-13T12:30:00-05:00,2025-07-13 17:30:00+00:00,2025-07-13T12:45:00-05:00,2025-07-13 17:45:00+00:00,SBEAN_BESS,20.65
2025-07-13T12:45:00-05:00,2025-07-13 17:45:00+00:00,2025-07-13T13:00:00-05:00,2025-07-13 18:00:00+00:00,SBEAN_BESS,21.92
2025-07-13T13:00:00-05:00,2025-07-13 18:00:00+00:00,2025-07-13T13:15:00-05:00,2025-07-13 18:15:00+00:00,SBEAN_BESS,24.46
2025-07-13T13:15:00-05:00,2025-07-13 18:15:00+00:00,2025-07-13T13:30:00-05:00,2025-07-13 18:30:00+00:00,SBEAN_BESS,28.2
2025-07-13T13:30:00-05:00,2025-07-13 18:30:00+00:00,2025-07-13T13:45:00-05:00,2025-07-13 18:45:00+00:00,SBEAN_BESS,30.93
2025-07-13T13:45:00-05:00,2025-07-13 18:45:00+00:00,2025-07-13T14:00:00-05:00,2025-07-13 19:00:00+00:00,SBEAN_BESS,39.43
2025-07-13T14:00:00-05:00,2025-07-13 19:00:00+00:00,2025-07-13T14:15:00-05:00,2025-07-13 19:15:00+00:00,SBEAN_BESS,42.91
2025-07-13T14:15:00-05:00,2025-07-13 19:15:00+00:00,2025-07-13T14:30:00-05:00,2025-07-13 19:30:00+00:00,SBEAN_BESS,50.44
2025-07-13T14:30:00-05:00,2025-07-13 19:30:00+00:00,2025-07-13T14:45:00-05:00,2025-07-13 19:45:00+00:00,SBEAN_BESS,51.94
2025-07-13T14:45:00-05:00,2025-07-13 19:45:00+00:00,2025-07-13T15:00:00-05:00,2025-07-13 20:00:00+00:00,SBEAN_BESS,52.02
2025-07-13T15:00:00-05:00,2025-07-13 20:00:00+00:00,2025-07-13T15:15:00-05:00,2025-07-13 20:15:00+00:00,SBEAN_BESS,43.28
2025-07-13T15:15:00-05:00,2025-07-13 20:15:00+00:00,2025-07-13T15:30:00-05:00,2025-07-13 20:30:00+00:00,SBEAN_BESS,43.43
2025-07-13T15:30:00-05:00,2025-07-13 20:30:00+00:00,2025-07-13T15:45:00-05:00,2025-07-13 20:45:00+00:00,SBEAN_BESS,45.01
2025-07-13T15:45:00-05:00,2025-07-13 20:45:00+00:00,2025-07-13T16:00:00-05:00,2025-07-13 21:00:00+00:00,SBEAN_BESS,49.99
2025-07-13T16:00:00-05:00,2025-07-13 21:00:00+00:00,2025-07-13T16:15:00-05:00,2025-07-13 21:15:00+00:00,SBEAN_BESS,60.99
2025-07-13T16:15:00-05:00,2025-07-13 21:15:00+00:00,2025-07-13T16:30:00-05:00,2025-07-13 21:30:00+00:00,SBEAN_BESS,70.34
2025-07-13T16:30:00-05:00,2025-07-13 21:30:00+00:00,2025-07-13T16:45:00-05:00,2025-07-13 21:45:00+00:00,SBEAN_BESS,79.66
2025-07-13T16:45:00-05:00,2025-07-13 21:45:00+00:00,2025-07-13T17:00:00-05:00,2025-07-13 22:00:00+00:00,SBEAN_BESS,90.94
2025-07-13T17:00:00-05:00,2025-07-13 22:00:00+00:00,2025-07-13T17:15:00-05:00,2025-07-13 22:15:00+00:00,SBEAN_BESS,79.64
2025-07-13T17:15:00-05:00,2025-07-13 22:15:00+00:00,2025-07-13T17:30:00-05:00,2025-07-13 22:30:00+00:00,SBEAN_BESS,73.45
2025-07-13T17:30:00-05:00,2025-07-13 22:30:00+00:00,2025-07-13T17:45:00-05:00,2025-07-13 22:45:00+00:00,SBEAN_BESS,69.13
2025-07-13T17:45:00-05:00,2025-07-13 22:45:00+00:00,2025-07-13T18:00:00-05:00,2025-07-13 23:00:00+00:00,SBEAN_BESS,81.25
2025-07-13T18:00:00-05:00,2025-07-13 23:00:00+00:00,2025-07-13T18:15:00-05:00,2025-07-13 23:15:00+00:00,SBEAN_BESS,61.63
2025-07-13T18:15:00-05:00,2025-07-13 23:15:00+00:00,2025-07-13T18:30:00-05:00,2025-07-13 23:30:00+00:00,SBEAN_BESS,56.83
2025-07-13T18:30:00-05:00,2025-07-13 23:30:00+00:00,2025-07-13T18:45:00-05:00,2025-07-13 23:45:00+00:00,SBEAN_BESS,72.48
2025-07-13T18:45:00-05:00,2025-07-13 23:45:00+00:00,2025-07-13T19:00:00-05:00,2025-07-14 00:00:00+00:00,SBEAN_BESS,84.7
2025-07-13T19:00:00-05:00,2025-07-14 00:00:00+00:00,2025-07-13T19:15:00-05:00,2025-07-14 00:15:00+00:00,SBEAN_BESS,64.12
2025-07-13T19:15:00-05:00,2025-07-14 00:15:00+00:00,2025-07-13T19:30:00-05:00,2025-07-14 00:30:00+00:00,SBEAN_BESS,55.3
2025-07-13T19:30:00-05:00,2025-07-14 00:30:00+00:00,2025-07-13T19:45:00-05:00,2025-07-14 00:45:00+00:00,SBEAN_BESS,62.88
2025-07-13T19:45:00-05:00,2025-07-14 00:45:00+00:00,2025-07-13T20:00:00-05:00,2025-07-14 01:00:00+00:00,SBEAN_BESS,60.65
2025-07-13T20:00:00-05:00,2025-07-14 01:00:00+00:00,2025-07-13T20:15:00-05:00,2025-07-14 01:15:00+00:00,SBEAN_BESS,52.6
2025-07-13T20:15:00-05:00,2025-07-14 01:15:00+00:00,2025-07-13T20:30:00-05:00,2025-07-14 01:30:00+00:00,SBEAN_BESS,55.26
2025-07-13T20:30:00-05:00,2025-07-14 01:30:00+00:00,2025-07-13T20:45:00-05:00,2025-07-14 01:45:00+00:00,SBEAN_BESS,66.28
2025-07-13T20:45:00-05:00,2025-07-14 01:45:00+00:00,2025-07-13T21:00:00-05:00,2025-07-14 02:00:00+00:00,SBEAN_BESS,71.69
2025-07-13T21:00:00-05:00,2025-07-14 02:00:00+00:00,2025-07-13T21:15:00-05:00,2025-07-14 02:15:00+00:00,SBEAN_BESS,70.56
2025-07-13T21:15:00-05:00,2025-07-14 02:15:00+00:00,2025-07-13T21:30:00-05:00,2025-07-14 02:30:00+00:00,SBEAN_BESS,80.22
2025-07-13T21:30:00-05:00,2025-07-14 02:30:00+00:00,2025-07-13T21:45:00-05:00,2025-07-14 02:45:00+00:00,SBEAN_BESS,82.36
2025-07-13T21:45:00-05:00,2025-07-14 02:45:00+00:00,2025-07-13T22:00:00-05:00,2025-07-14 03:00:00+00:00,SBEAN_BESS,73.66
2025-07-13T22:00:00-05:00,2025-07-14 03:00:00+00:00,2025-07-13T22:15:00-05:00,2025-07-14 03:15:00+00:00,SBEAN_BESS,78.47
2025-07-13T22:15:00-05:00,2025-07-14 03:15:00+00:00,2025-07-13T22:30:00-05:00,2025-07-14 03:30:00+00:00,SBEAN_BESS,77.01
2025-07-13T22:30:00-05:00,2025-07-14 03:30:00+00:00,2025-07-13T22:45:00-05:00,2025-07-14 03:45:00+00:00,SBEAN_BESS,73.42
2025-07-13T22:45:00-05:00,2025-07-14 03:45:00+00:00,2025-07-13T23:00:00-05:00,2025-07-14 04:00:00+00:00,SBEAN_BESS,69.91
2025-07-13T23:00:00-05:00,2025-07-14 04:00:00+00:00,2025-07-13T23:15:00-05:00,2025-07-14 04:15:00+00:00,SBEAN_BESS,74.16
2025-07-13T23:15:00-05:00,2025-07-14 04:15:00+00:00,2025-07-13T23:30:00-05:00,2025-07-14 04:30:00+00:00,SBEAN_BESS,64.28
2025-07-13T23:30:00-05:00,2025-07-14 04:30:00+00:00,2025-07-13T23:45:00-05:00,2025-07-14 04:45:00+00:00,SBEAN_BESS,58.76
2025-07-13T23:45:00-05:00,2025-07-14 04:45:00+00:00,2025-07-14T00:00:00-05:00,2025-07-14 05:00:00+00:00,SBEAN_BESS,61.07
2025-07-14T00:00:00-05:00,2025-07-14 05:00:00+00:00,2025-07-14T00:15:00-05:00,2025-07-14 05:15:00+00:00,SBEAN_BESS,62.79
2025-07-14T00:15:00-05:00,2025-07-14 05:15:00+00:00,2025-07-14T00:30:00-05:00,2025-07-14 05:30:00+00:00,SBEAN_BESS,74.3
2025-07-14T00:30:00-05:00,2025-07-14 05:30:00+00:00,2025-07-14T00:45:00-05:00,2025-07-14 05:45:00+00:00,SBEAN_BESS,70.01
2025-07-14T00:45:00-05:00,2025-07-14 05:45:00+00:00,2025-07-14T01:00:00-05:00,2025-07-14 06:00:00+00:00,SBEAN_BESS,64.63
2025-07-14T01:00:00-05:00,2025-07-14 06:00:00+00:00,2025-07-14T01:15:00-05:00,2025-07-14 06:15:00+00:00,SBEAN_BESS,58.92
2025-07-14T01:15:00-05:00,2025-07-14 06:15:00+00:00,2025-07-14T01:30:00-05:00,2025-07-14 06:30:00+00:00,SBEAN_BESS,64.53
2025-07-14T01:30:00-05:00,2025-07-14 06:30:00+00:00,2025-07-14T01:45:00-05:00,2025-07-14 06:45:00+00:00,SBEAN_BESS,73.79
2025-07-14T01:45:00-05:00,2025-07-14 06:45:00+00:00,2025-07-14T02:00:00-05:00,2025-07-14 07:00:00+00:00,SBEAN_BESS,96.98
2025-07-14T02:00:00-05:00,2025-07-14 07:00:00+00:00,2025-07-14T02:15:00-05:00,2025-07-14 07:15:00+00:00,SBEAN_BESS,77.21
2025-07-14T02:15:00-05:00,2025-07-14 07:15:00+00:00,2025-07-14T02:30:00-05:00,2025-07-14 07:30:00+00:00,SBEAN_BESS,88.5
2025-07-14T02:30:00-05:00,2025-07-14 07:30:00+00:00,2025-07-14T02:45:00-05:00,2025-07-14 07:45:00+00:00,SBEAN_BESS,78.46
2025-07-14T02:45:00-05:00,2025-07-14 07:45:00+00:00,2025-07-14T03:00:00-05:00,2025-07-14 08:00:00+00:00,SBEAN_BESS,70.89
2025-07-14T03:00:00-05:00,2025-07-14 08:00:00+00:00,2025-07-14T03:15:00-05:00,2025-07-14 08:15:00+00:00,SBEAN_BESS,67.5
2025-07-14T03:15:00-05:00,2025-07-14 08:15:00+00:00,2025-07-14T03:30:00-05:00,2025-07-14 08:30:00+00:00,SBEAN_BESS,70.67
2025-07-14T03:30:00-05:00,2025-07-14 08:30:00+00:00,2025-07-14T03:45:00-05:00,2025-07-14 08:45:00+00:00,SBEAN_BESS,69.96
2025-07-14T03:45:00-05:00,2025-07-14 08:45:00+00:00,2025-07-14T04:00:00-05:00,2025-07-14 09:00:00+00:00,SBEAN_BESS,76.87
2025-07-14T04:00:00-05:00,2025-07-14 09:00:00+00:00,2025-07-14T04:15:00-05:00,2025-07-14 09:15:00+00:00,SBEAN_BESS,77.93
2025-07-14T04:15:00-05:00,2025-07-14 09:15:00+00:00,2025-07-14T04:30:00-05:00,2025-07-14 09:30:00+00:00,SBEAN_BESS,81.1
2025-07-14T04:30:00-05:00,2025-07-14 09:30:00+00:00,2025-07-14T04:45:00-05:00,2025-07-14 09:45:00+00:00,SBEAN_BESS,85.76
2025-07-14T04:45:00-05:00,2025-07-14 09:45:00+00:00,2025-07-14T05:00:00-05:00,2025-07-14 10:00:00+00:00,SBEAN_BESS,82.94
2025-07-14T05:00:00-05:00,2025-07-14 10:00:00+00:00,2025-07-14T05:15:00-05:00,2025-07-14 10:15:00+00:00,SBEAN_BESS,93.14
2025-07-14T05:15:00-05:00,2025-07-14 10:15:00+00:00,2025-07-14T05:30:00-05:00,2025-07-14 10:30:00+00:00,SBEAN_BESS,87.3
2025-07-14T05:30:00-05:00,2025-07-14 10:30:00+00:00,2025-07-14T05:45:00-05:00,2025-07-14 10:45:00+00:00,SBEAN_BESS,76.06
2025-07-14T05:45:00-05:00,2025-07-14 10:45:00+00:00,2025-07-14T06:00:00-05:00,2025-07-14 11:00:00+00:00,SBEAN_BESS,70.12
2025-07-14T06:00:00-05:00,2025-07-14 11:00:00+00:00,2025-07-14T06:15:00-05:00,2025-07-14 11:15:00+00:00,SBEAN_BESS,67.16
2025-07-14T06:15:00-05:00,2025-07-14 11:15:00+00:00,2025-07-14T06:30:00-05:00,2025-07-14 11:30:00+00:00,SBEAN_BESS,63.29
2025-07-14T06:30:00-05:00,2025-07-14 11:30:00+00:00,2025-07-14T06:45:00-05:00,2025-07-14 11:45:00+00:00,SBEAN_BESS,62.78
2025-07-14T06:45:00-05:00,2025-07-14 11:45:00+00:00,2025-07-14T07:00:00-05:00,2025-07-14 12:00:00+00:00,SBEAN_BESS,62.86
2025-07-14T07:00:00-05:00,2025-07-14 12:00:00+00:00,2025-07-14T07:15:00-05:00,2025-07-14 12:15:00+00:00,SBEAN_BESS,89.26
2025-07-14T07:15:00-05:00,2025-07-14 12:15:00+00:00,2025-07-14T07:30:00-05:00,2025-07-14 12:30:00+00:00,SBEAN_BESS,69.15
2025-07-14T07:30:00-05:00,2025-07-14 12:30:00+00:00,2025-07-14T07:45:00-05:00,2025-07-14 12:45:00+00:00,SBEAN_BESS,41.68
2025-07-14T07:45:00-05:00,2025-07-14 12:45:00+00:00,2025-07-14T08:00:00-05:00,2025-07-14 13:00:00+00:00,SBEAN_BESS,30.11
2025-07-14T08:00:00-05:00,2025-07-14 13:00:00+00:00,2025-07-14T08:15:00-05:00,2025-07-14 13:15:00+00:00,SBEAN_BESS,31.71
2025-07-14T08:15:00-05:00,2025-07-14 13:15:00+00:00,2025-07-14T08:30:00-05:00,2025-07-14 13:30:00+00:00,SBEAN_BESS,26.83
2025-07-14T08:30:00-05:00,2025-07-14 13:30:00+00:00,2025-07-14T08:45:00-05:00,2025-07-14 13:45:00+00:00,SBEAN_BESS,25.56
2025-07-14T08:45:00-05:00,2025-07-14 13:45:00+00:00,2025-07-14T09:00:00-05:00,2025-07-14 14:00:00+00:00,SBEAN_BESS,24.84
2025-07-14T09:00:00-05:00,2025-07-14 14:00:00+00:00,2025-07-14T09:15:00-05:00,2025-07-14 14:15:00+00:00,SBEAN_BESS,25.21
2025-07-14T09:15:00-05:00,2025-07-14 14:15:00+00:00,2025-07-14T09:30:00-05:00,2025-07-14 14:30:00+00:00,SBEAN_BESS,23.97
2025-07-14T09:30:00-05:00,2025-07-14 14:30:00+00:00,2025-07-14T09:45:00-05:00,2025-07-14 14:45:00+00:00,SBEAN_BESS,23.23
2025-07-14T09:45:00-05:00,2025-07-14 14:45:00+00:00,2025-07-14T10:00:00-05:00,2025-07-14 15:00:00+00:00,SBEAN_BESS,22.99
2025-07-14T10:00:00-05:00,2025-07-14 15:00:00+00:00,2025-07-14T10:15:00-05:00,2025-07-14 15:15:00+00:00,SBEAN_BESS,22.73
2025-07-14T10:15:00-05:00,2025-07-14 15:15:00+00:00,2025-07-14T10:30:00-05:00,2025-07-14 15:30:00+00:00,SBEAN_BESS,20.98
2025-07-14T10:30:00-05:00,2025-07-14 15:30:00+00:00,2025-07-14T10:45:00-05:00,2025-07-14 15:45:00+00:00,SBEAN_BESS,20.98
2025-07-14T10:45:00-05:00,2025-07-14 15:45:00+00:00,2025-07-14T11:00:00-05:00,2025-07-14 16:00:00+00:00,SBEAN_BESS,21.19
2025-07-14T11:00:00-05:00,2025-07-14 16:00:00+00:00,2025-07-14T11:15:00-05:00,2025-07-14 16:15:00+00:00,SBEAN_BESS,21.7
2025-07-14T11:15:00-05:00,2025-07-14 16:15:00+00:00,2025-07-14T11:30:00-05:00,2025-07-14 16:30:00+00:00,SBEAN_BESS,21.72
2025-07-14T11:30:00-05:00,2025-07-14 16:30:00+00:00,2025-07-14T11:45:00-05:00,2025-07-14 16:45:00+00:00,SBEAN_BESS,22.29
2025-07-14T11:45:00-05:00,2025-07-14 16:45:00+00:00,2025-07-14T12:00:00-05:00,2025-07-14 17:00:00+00:00,SBEAN_BESS,22.31
2025-07-14T12:00:00-05:00,2025-07-14 17:00:00+00:00,2025-07-14T12:15:00-05:00,2025-07-14 17:15:00+00:00,SBEAN_BESS,21.99
2025-07-14T12:15:00-05:00,2025-07-14 17:15:00+00:00,2025-07-14T12:30:00-05:00,2025-07-14 17:30:00+00:00,SBEAN_BESS,22.21
2025-07-14T12:30:00-05:00,2025-07-14 17:30:00+00:00,2025-07-14T12:45:00-05:00,2025-07-14 17:45:00+00:00,SBEAN_BESS,21.67
2025-07-14T12:45:00-05:00,2025-07-14 17:45:00+00:00,2025-07-14T13:00:00-05:00,2025-07-14 18:00:00+00:00,SBEAN_BESS,21.16
2025-07-14T13:00:00-05:00,2025-07-14 18:00:00+00:00,2025-07-14T13:15:00-05:00,2025-07-14 18:15:00+00:00,SBEAN_BESS,22.23
2025-07-14T13:15:00-05:00,2025-07-14 18:15:00+00:00,2025-07-14T13:30:00-05:00,2025-07-14 18:30:00+00:00,SBEAN_BESS,21.22
2025-07-14T13:30:00-05:00,2025-07-14 18:30:00+00:00,2025-07-14T13:45:00-05:00,2025-07-14 18:45:00+00:00,SBEAN_BESS,21.26
2025-07-14T13:45:00-05:00,2025-07-14 18:45:00+00:00,2025-07-14T14:00:00-05:00,2025-07-14 19:00:00+00:00,SBEAN_BESS,23.49
2025-07-14T14:00:00-05:00,2025-07-14 19:00:00+00:00,2025-07-14T14:15:00-05:00,2025-07-14 19:15:00+00:00,SBEAN_BESS,20.74
2025-07-14T14:15:00-05:00,2025-07-14 19:15:00+00:00,2025-07-14T14:30:00-05:00,2025-07-14 19:30:00+00:00,SBEAN_BESS,21.24
2025-07-14T14:30:00-05:00,2025-07-14 19:30:00+00:00,2025-07-14T14:45:00-05:00,2025-07-14 19:45:00+00:00,SBEAN_BESS,21.31
2025-07-14T14:45:00-05:00,2025-07-14 19:45:00+00:00,2025-07-14T15:00:00-05:00,2025-07-14 20:00:00+00:00,SBEAN_BESS,20.82
2025-07-14T15:00:00-05:00,2025-07-14 20:00:00+00:00,2025-07-14T15:15:00-05:00,2025-07-14 20:15:00+00:00,SBEAN_BESS,20.32
2025-07-14T15:15:00-05:00,2025-07-14 20:15:00+00:00,2025-07-14T15:30:00-05:00,2025-07-14 20:30:00+00:00,SBEAN_BESS,21.6
2025-07-14T15:30:00-05:00,2025-07-14 20:30:00+00:00,2025-07-14T15:45:00-05:00,2025-07-14 20:45:00+00:00,SBEAN_BESS,19.94
2025-07-14T15:45:00-05:00,2025-07-14 20:45:00+00:00,2025-07-14T16:00:00-05:00,2025-07-14 21:00:00+00:00,SBEAN_BESS,21.56
2025-07-14T16:00:00-05:00,2025-07-14 21:00:00+00:00,2025-07-14T16:15:00-05:00,2025-07-14 21:15:00+00:00,SBEAN_BESS,21.77
2025-07-14T16:15:00-05:00,2025-07-14 21:15:00+00:00,2025-07-14T16:30:00-05:00,2025-07-14 21:30:00+00:00,SBEAN_BESS,23.1
2025-07-14T16:30:00-05:00,2025-07-14 21:30:00+00:00,2025-07-14T16:45:00-05:00,2025-07-14 21:45:00+00:00,SBEAN_BESS,28.99
2025-07-14T16:45:00-05:00,2025-07-14 21:45:00+00:00,2025-07-14T17:00:00-05:00,2025-07-14 22:00:00+00:00,SBEAN_BESS,25.76
2025-07-14T17:00:00-05:00,2025-07-14 22:00:00+00:00,2025-07-14T17:15:00-05:00,2025-07-14 22:15:00+00:00,SBEAN_BESS,26.12
2025-07-14T17:15:00-05:00,2025-07-14 22:15:00+00:00,2025-07-14T17:30:00-05:00,2025-07-14 22:30:00+00:00,SBEAN_BESS,26.08
2025-07-14T17:30:00-05:00,2025-07-14 22:30:00+00:00,2025-07-14T17:45:00-05:00,2025-07-14 22:45:00+00:00,SBEAN_BESS,33.11
2025-07-14T17:45:00-05:00,2025-07-14 22:45:00+00:00,2025-07-14T18:00:00-05:00,2025-07-14 23:00:00+00:00,SBEAN_BESS,36.78
2025-07-14T18:00:00-05:00,2025-07-14 23:00:00+00:00,2025-07-14T18:15:00-05:00,2025-07-14 23:15:00+00:00,SBEAN_BESS,30.79
2025-07-14T18:15:00-05:00,2025-07-14 23:15:00+00:00,2025-07-14T18:30:00-05:00,2025-07-14 23:30:00+00:00,SBEAN_BESS,32.47
2025-07-14T18:30:00-05:00,2025-07-14 23:30:00+00:00,2025-07-14T18:45:00-05:00,2025-07-14 23:45:00+00:00,SBEAN_BESS,37.23
2025-07-14T18:45:00-05:00,2025-07-14 23:45:00+00:00,2025-07-14T19:00:00-05:00,2025-07-15 00:00:00+00:00,SBEAN_BESS,44.83
2025-07-14T19:00:00-05:00,2025-07-15 00:00:00+00:00,2025-07-14T19:15:00-05:00,2025-07-15 00:15:00+00:00,SBEAN_BESS,43.46
2025-07-14T19:15:00-05:00,2025-07-15 00:15:00+00:00,2025-07-14T19:30:00-05:00,2025-07-15 00:30:00+00:00,SBEAN_BESS,58.57
2025-07-14T19:30:00-05:00,2025-07-15 00:30:00+00:00,2025-07-14T19:45:00-05:00,2025-07-15 00:45:00+00:00,SBEAN_BESS,57.13
2025-07-14T19:45:00-05:00,2025-07-15 00:45:00+00:00,2025-07-14T20:00:00-05:00,2025-07-15 01:00:00+00:00,SBEAN_BESS,53.94
2025-07-14T20:00:00-05:00,2025-07-15 01:00:00+00:00,2025-07-14T20:15:00-05:00,2025-07-15 01:15:00+00:00,SBEAN_BESS,60.12
2025-07-14T20:15:00-05:00,2025-07-15 01:15:00+00:00,2025-07-14T20:30:00-05:00,2025-07-15 01:30:00+00:00,SBEAN_BESS,70.56
2025-07-14T20:30:00-05:00,2025-07-15 01:30:00+00:00,2025-07-14T20:45:00-05:00,2025-07-15 01:45:00+00:00,SBEAN_BESS,69.31
2025-07-14T20:45:00-05:00,2025-07-15 01:45:00+00:00,2025-07-14T21:00:00-05:00,2025-07-15 02:00:00+00:00,SBEAN_BESS,70.75
2025-07-14T21:00:00-05:00,2025-07-15 02:00:00+00:00,2025-07-14T21:15:00-05:00,2025-07-15 02:15:00+00:00,SBEAN_BESS,74.61
2025-07-14T21:15:00-05:00,2025-07-15 02:15:00+00:00,2025-07-14T21:30:00-05:00,2025-07-15 02:30:00+00:00,SBEAN_BESS,71.41
2025-07-14T21:30:00-05:00,2025-07-15 02:30:00+00:00,2025-07-14T21:45:00-05:00,2025-07-15 02:45:00+00:00,SBEAN_BESS,59.69
2025-07-14T21:45:00-05:00,2025-07-15 02:45:00+00:00,2025-07-14T22:00:00-05:00,2025-07-15 03:00:00+00:00,SBEAN_BESS,47.71
2025-07-14T22:00:00-05:00,2025-07-15 03:00:00+00:00,2025-07-14T22:15:00-05:00,2025-07-15 03:15:00+00:00,SBEAN_BESS,40.35
2025-07-14T22:15:00-05:00,2025-07-15 03:15:00+00:00,2025-07-14T22:30:00-05:00,2025-07-15 03:30:00+00:00,SBEAN_BESS,35.34
2025-07-14T22:30:00-05:00,2025-07-15 03:30:00+00:00,2025-07-14T22:45:00-05:00,2025-07-15 03:45:00+00:00,SBEAN_BESS,35.77
2025-07-14T22:45:00-05:00,2025-07-15 03:45:00+00:00,2025-07-14T23:00:00-05:00,2025-07-15 04:00:00+00:00,SBEAN_BESS,34.46
2025-07-14T23:00:00-05:00,2025-07-15 04:00:00+00:00,2025-07-14T23:15:00-05:00,2025-07-15 04:15:00+00:00,SBEAN_BESS,34.0
2025-07-14T23:15:00-05:00,2025-07-15 04:15:00+00:00,2025-07-14T23:30:00-05:00,2025-07-15 04:30:00+00:00,SBEAN_BESS,31.66
2025-07-14T23:30:00-05:00,2025-07-15 04:30:00+00:00,2025-07-14T23:45:00-05:00,2025-07-15 04:45:00+00:00,SBEAN_BESS,36.47
2025-07-14T23:45:00-05:00,2025-07-15 04:45:00+00:00,2025-07-15T00:00:00-05:00,2025-07-15 05:00:00+00:00,SBEAN_BESS,39.42
2025-07-15T00:00:00-05:00,2025-07-15 05:00:00+00:00,2025-07-15T00:15:00-05:00,2025-07-15 05:15:00+00:00,SBEAN_BESS,36.3
2025-07-15T00:15:00-05:00,2025-07-15 05:15:00+00:00,2025-07-15T00:30:00-05:00,2025-07-15 05:30:00+00:00,SBEAN_BESS,30.72
2025-07-15T00:30:00-05:00,2025-07-15 05:30:00+00:00,2025-07-15T00:45:00-05:00,2025-07-15 05:45:00+00:00,SBEAN_BESS,28.45
2025-07-15T00:45:00-05:00,2025-07-15 05:45:00+00:00,2025-07-15T01:00:00-05:00,2025-07-15 06:00:00+00:00,SBEAN_BESS,28.01
2025-07-15T01:00:00-05:00,2025-07-15 06:00:00+00:00,2025-07-15T01:15:00-05:00,2025-07-15 06:15:00+00:00,SBEAN_BESS,27.61
2025-07-15T01:15:00-05:00,2025-07-15 06:15:00+00:00,2025-07-15T01:30:00-05:00,2025-07-15 06:30:00+00:00,SBEAN_BESS,29.84
2025-07-15T01:30:00-05:00,2025-07-15 06:30:00+00:00,2025-07-15T01:45:00-05:00,2025-07-15 06:45:00+00:00,SBEAN_BESS,29.34
2025-07-15T01:45:00-05:00,2025-07-15 06:45:00+00:00,2025-07-15T02:00:00-05:00,2025-07-15 07:00:00+00:00,SBEAN_BESS,29.15
2025-07-15T02:00:00-05:00,2025-07-15 07:00:00+00:00,2025-07-15T02:15:00-05:00,2025-07-15 07:15:00+00:00,SBEAN_BESS,25.24
2025-07-15T02:15:00-05:00,2025-07-15 07:15:00+00:00,2025-07-15T02:30:00-05:00,2025-07-15 07:30:00+00:00,SBEAN_BESS,24.89
2025-07-15T02:30:00-05:00,2025-07-15 07:30:00+00:00,2025-07-15T02:45:00-05:00,2025-07-15 07:45:00+00:00,SBEAN_BESS,26.83
2025-07-15T02:45:00-05:00,2025-07-15 07:45:00+00:00,2025-07-15T03:00:00-05:00,2025-07-15 08:00:00+00:00,SBEAN_BESS,32.69
2025-07-15T03:00:00-05:00,2025-07-15 08:00:00+00:00,2025-07-15T03:15:00-05:00,2025-07-15 08:15:00+00:00,SBEAN_BESS,48.55
2025-07-15T03:15:00-05:00,2025-07-15 08:15:00+00:00,2025-07-15T03:30:00-05:00,2025-07-15 08:30:00+00:00,SBEAN_BESS,56.92
2025-07-15T03:30:00-05:00,2025-07-15 08:30:00+00:00,2025-07-15T03:45:00-05:00,2025-07-15 08:45:00+00:00,SBEAN_BESS,55.54
2025-07-15T03:45:00-05:00,2025-07-15 08:45:00+00:00,2025-07-15T04:00:00-05:00,2025-07-15 09:00:00+00:00,SBEAN_BESS,53.97
2025-07-15T04:00:00-05:00,2025-07-15 09:00:00+00:00,2025-07-15T04:15:00-05:00,2025-07-15 09:15:00+00:00,SBEAN_BESS,51.37
2025-07-15T04:15:00-05:00,2025-07-15 09:15:00+00:00,2025-07-15T04:30:00-05:00,2025-07-15 09:30:00+00:00,SBEAN_BESS,46.41
2025-07-15T04:30:00-05:00,2025-07-15 09:30:00+00:00,2025-07-15T04:45:00-05:00,2025-07-15 09:45:00+00:00,SBEAN_BESS,43.97
2025-07-15T04:45:00-05:00,2025-07-15 09:45:00+00:00,2025-07-15T05:00:00-05:00,2025-07-15 10:00:00+00:00,SBEAN_BESS,47.24
2025-07-15T05:00:00-05:00,2025-07-15 10:00:00+00:00,2025-07-15T05:15:00-05:00,2025-07-15 10:15:00+00:00,SBEAN_BESS,54.18
2025-07-15T05:15:00-05:00,2025-07-15 10:15:00+00:00,2025-07-15T05:30:00-05:00,2025-07-15 10:30:00+00:00,SBEAN_BESS,41.0
2025-07-15T05:30:00-05:00,2025-07-15 10:30:00+00:00,2025-07-15T05:45:00-05:00,2025-07-15 10:45:00+00:00,SBEAN_BESS,35.76
2025-07-15T05:45:00-05:00,2025-07-15 10:45:00+00:00,2025-07-15T06:00:00-05:00,2025-07-15 11:00:00+00:00,SBEAN_BESS,24.83
2025-07-15T06:00:00-05:00,2025-07-15 11:00:00+00:00,2025-07-15T06:15:00-05:00,2025-07-15 11:15:00+00:00,SBEAN_BESS,27.29
2025-07-15T06:15:00-05:00,2025-07-15 11:15:00+00:00,2025-07-15T06:30:00-05:00,2025-07-15 11:30:00+00:00,SBEAN_BESS,31.98
2025-07-15T06:30:00-05:00,2025-07-15 11:30:00+00:00,2025-07-15T06:45:00-05:00,2025-07-15 11:45:00+00:00,SBEAN_BESS,27.13
2025-07-15T06:45:00-05:00,2025-07-15 11:45:00+00:00,2025-07-15T07:00:00-05:00,2025-07-15 12:00:00+00:00,SBEAN_BESS,25.3
2025-07-15T07:00:00-05:00,2025-07-15 12:00:00+00:00,2025-07-15T07:15:00-05:00,2025-07-15 12:15:00+00:00,SBEAN_BESS,24.03
2025-07-15T07:15:00-05:00,2025-07-15 12:15:00+00:00,2025-07-15T07:30:00-05:00,2025-07-15 12:30:00+00:00,SBEAN_BESS,22.31
2025-07-15T07:30:00-05:00,2025-07-15 12:30:00+00:00,2025-07-15T07:45:00-05:00,2025-07-15 12:45:00+00:00,SBEAN_BESS,21.28
2025-07-15T07:45:00-05:00,2025-07-15 12:45:00+00:00,2025-07-15T08:00:00-05:00,2025-07-15 13:00:00+00:00,SBEAN_BESS,20.13
2025-07-15T08:00:00-05:00,2025-07-15 13:00:00+00:00,2025-07-15T08:15:00-05:00,2025-07-15 13:15:00+00:00,SBEAN_BESS,20.17
2025-07-15T08:15:00-05:00,2025-07-15 13:15:00+00:00,2025-07-15T08:30:00-05:00,2025-07-15 13:30:00+00:00,SBEAN_BESS,18.85
2025-07-15T08:30:00-05:00,2025-07-15 13:30:00+00:00,2025-07-15T08:45:00-05:00,2025-07-15 13:45:00+00:00,SBEAN_BESS,18.08
2025-07-15T08:45:00-05:00,2025-07-15 13:45:00+00:00,2025-07-15T09:00:00-05:00,2025-07-15 14:00:00+00:00,SBEAN_BESS,17.28
2025-07-15T09:00:00-05:00,2025-07-15 14:00:00+00:00,2025-07-15T09:15:00-05:00,2025-07-15 14:15:00+00:00,SBEAN_BESS,16.46
2025-07-15T09:15:00-05:00,2025-07-15 14:15:00+00:00,2025-07-15T09:30:00-05:00,2025-07-15 14:30:00+00:00,SBEAN_BESS,16.55
2025-07-15T09:30:00-05:00,2025-07-15 14:30:00+00:00,2025-07-15T09:45:00-05:00,2025-07-15 14:45:00+00:00,SBEAN_BESS,16.39
2025-07-15T09:45:00-05:00,2025-07-15 14:45:00+00:00,2025-07-15T10:00:00-05:00,2025-07-15 15:00:00+00:00,SBEAN_BESS,16.32
2025-07-15T10:00:00-05:00,2025-07-15 15:00:00+00:00,2025-07-15T10:15:00-05:00,2025-07-15 15:15:00+00:00,SBEAN_BESS,15.13
2025-07-15T10:15:00-05:00,2025-07-15 15:15:00+00:00,2025-07-15T10:30:00-05:00,2025-07-15 15:30:00+00:00,SBEAN_BESS,13.81
2025-07-15T10:30:00-05:00,2025-07-15 15:30:00+00:00,2025-07-15T10:45:00-05:00,2025-07-15 15:45:00+00:00,SBEAN_BESS,13.01
2025-07-15T10:45:00-05:00,2025-07-15 15:45:00+00:00,2025-07-15T11:00:00-05:00,2025-07-15 16:00:00+00:00,SBEAN_BESS,12.96
2025-07-15T11:00:00-05:00,2025-07-15 16:00:00+00:00,2025-07-15T11:15:00-05:00,2025-07-15 16:15:00+00:00,SBEAN_BESS,13.39
2025-07-15T11:15:00-05:00,2025-07-15 16:15:00+00:00,2025-07-15T11:30:00-05:00,2025-07-15 16:30:00+00:00,SBEAN_BESS,14.38
2025-07-15T11:30:00-05:00,2025-07-15 16:30:00+00:00,2025-07-15T11:45:00-05:00,2025-07-15 16:45:00+00:00,SBEAN_BESS,14.28
2025-07-15T11:45:00-05:00,2025-07-15 16:45:00+00:00,2025-07-15T12:00:00-05:00,2025-07-15 17:00:00+00:00,SBEAN_BESS,12.62
2025-07-15T12:00:00-05:00,2025-07-15 17:00:00+00:00,2025-07-15T12:15:00-05:00,2025-07-15 17:15:00+00:00,SBEAN_BESS,11.82
2025-07-15T12:15:00-05:00,2025-07-15 17:15:00+00:00,2025-07-15T12:30:00-05:00,2025-07-15 17:30:00+00:00,SBEAN_BESS,14.06
2025-07-15T12:30:00-05:00,2025-07-15 17:30:00+00:00,2025-07-15T12:45:00-05:00,2025-07-15 17:45:00+00:00,SBEAN_BESS,12.26
2025-07-15T12:45:00-05:00,2025-07-15 17:45:00+00:00,2025-07-15T13:00:00-05:00,2025-07-15 18:00:00+00:00,SBEAN_BESS,12.55
2025-07-15T13:00:00-05:00,2025-07-15 18:00:00+00:00,2025-07-15T13:15:00-05:00,2025-07-15 18:15:00+00:00,SBEAN_BESS,7.44
2025-07-15T13:15:00-05:00,2025-07-15 18:15:00+00:00,2025-07-15T13:30:00-05:00,2025-07-15 18:30:00+00:00,SBEAN_BESS,5.05
2025-07-15T13:30:00-05:00,2025-07-15 18:30:00+00:00,2025-07-15T13:45:00-05:00,2025-07-15 18:45:00+00:00,SBEAN_BESS,2.97
2025-07-15T13:45:00-05:00,2025-07-15 18:45:00+00:00,2025-07-15T14:00:00-05:00,2025-07-15 19:00:00+00:00,SBEAN_BESS,1.48
2025-07-15T14:00:00-05:00,2025-07-15 19:00:00+00:00,2025-07-15T14:15:00-05:00,2025-07-15 19:15:00+00:00,SBEAN_BESS,0.49
2025-07-15T14:15:00-05:00,2025-07-15 19:15:00+00:00,2025-07-15T14:30:00-05:00,2025-07-15 19:30:00+00:00,SBEAN_BESS,-0.71
2025-07-15T14:30:00-05:00,2025-07-15 19:30:00+00:00,2025-07-15T14:45:00-05:00,2025-07-15 19:45:00+00:00,SBEAN_BESS,-0.61
2025-07-15T14:45:00-05:00,2025-07-15 19:45:00+00:00,2025-07-15T15:00:00-05:00,2025-07-15 20:00:00+00:00,SBEAN_BESS,-0.71
2025-07-15T15:00:00-05:00,2025-07-15 20:00:00+00:00,2025-07-15T15:15:00-05:00,2025-07-15 20:15:00+00:00,SBEAN_BESS,-1.22
2025-07-15T15:15:00-05:00,2025-07-15 20:15:00+00:00,2025-07-15T15:30:00-05:00,2025-07-15 20:30:00+00:00,SBEAN_BESS,-1.42
2025-07-15T15:30:00-05:00,2025-07-15 20:30:00+00:00,2025-07-15T15:45:00-05:00,2025-07-15 20:45:00+00:00,SBEAN_BESS,-1.4
2025-07-15T15:45:00-05:00,2025-07-15 20:45:00+00:00,2025-07-15T16:00:00-05:00,2025-07-15 21:00:00+00:00,SBEAN_BESS,-1.5
2025-07-15T16:00:00-05:00,2025-07-15 21:00:00+00:00,2025-07-15T16:15:00-05:00,2025-07-15 21:15:00+00:00,SBEAN_BESS,-1.15
2025-07-15T16:15:00-05:00,2025-07-15 21:15:00+00:00,2025-07-15T16:30:00-05:00,2025-07-15 21:30:00+00:00,SBEAN_BESS,-0.96
2025-07-15T16:30:00-05:00,2025-07-15 21:30:00+00:00,2025-07-15T16:45:00-05:00,2025-07-15 21:45:00+00:00,SBEAN_BESS,-0.41
2025-07-15T16:45:00-05:00,2025-07-15 21:45:00+00:00,2025-07-15T17:00:00-05:00,2025-07-15 22:00:00+00:00,SBEAN_BESS,0.03
2025-07-15T17:00:00-05:00,2025-07-15 22:00:00+00:00,2025-07-15T17:15:00-05:00,2025-07-15 22:15:00+00:00,SBEAN_BESS,-0.28
2025-07-15T17:15:00-05:00,2025-07-15 22:15:00+00:00,2025-07-15T17:30:00-05:00,2025-07-15 22:30:00+00:00,SBEAN_BESS,-0.17
2025-07-15T17:30:00-05:00,2025-07-15 22:30:00+00:00,2025-07-15T17:45:00-05:00,2025-07-15 22:45:00+00:00,SBEAN_BESS,0.61
2025-07-15T17:45:00-05:00,2025-07-15 22:45:00+00:00,2025-07-15T18:00:00-05:00,2025-07-15 23:00:00+00:00,SBEAN_BESS,-0.42
2025-07-15T18:00:00-05:00,2025-07-15 23:00:00+00:00,2025-07-15T18:15:00-05:00,2025-07-15 23:15:00+00:00,SBEAN_BESS,0.14
2025-07-15T18:15:00-05:00,2025-07-15 23:15:00+00:00,2025-07-15T18:30:00-05:00,2025-07-15 23:30:00+00:00,SBEAN_BESS,1.03
2025-07-15T18:30:00-05:00,2025-07-15 23:30:00+00:00,2025-07-15T18:45:00-05:00,2025-07-15 23:45:00+00:00,SBEAN_BESS,1.19
2025-07-15T18:45:00-05:00,2025-07-15 23:45:00+00:00,2025-07-15T19:00:00-05:00,2025-07-16 00:00:00+00:00,SBEAN_BESS,1.03
2025-07-15T19:00:00-05:00,2025-07-16 00:00:00+00:00,2025-07-15T19:15:00-05:00,2025-07-16 00:15:00+00:00,SBEAN_BESS,0.43
2025-07-15T19:15:00-05:00,2025-07-16 00:15:00+00:00,2025-07-15T19:30:00-05:00,2025-07-16 00:30:00+00:00,SBEAN_BESS,2.1
2025-07-15T19:30:00-05:00,2025-07-16 00:30:00+00:00,2025-07-15T19:45:00-05:00,2025-07-16 00:45:00+00:00,SBEAN_BESS,12.93
2025-07-15T19:45:00-05:00,2025-07-16 00:45:00+00:00,2025-07-15T20:00:00-05:00,2025-07-16 01:00:00+00:00,SBEAN_BESS,41.86
2025-07-15T20:00:00-05:00,2025-07-16 01:00:00+00:00,2025-07-15T20:15:00-05:00,2025-07-16 01:15:00+00:00,SBEAN_BESS,34.25
2025-07-15T20:15:00-05:00,2025-07-16 01:15:00+00:00,2025-07-15T20:30:00-05:00,2025-07-16 01:30:00+00:00,SBEAN_BESS,36.11
2025-07-15T20:30:00-05:00,2025-07-16 01:30:00+00:00,2025-07-15T20:45:00-05:00,2025-07-16 01:45:00+00:00,SBEAN_BESS,36.58
2025-07-15T20:45:00-05:00,2025-07-16 01:45:00+00:00,2025-07-15T21:00:00-05:00,2025-07-16 02:00:00+00:00,SBEAN_BESS,40.39
2025-07-15T21:00:00-05:00,2025-07-16 02:00:00+00:00,2025-07-15T21:15:00-05:00,2025-07-16 02:15:00+00:00,SBEAN_BESS,36.96
2025-07-15T21:15:00-05:00,2025-07-16 02:15:00+00:00,2025-07-15T21:30:00-05:00,2025-07-16 02:30:00+00:00,SBEAN_BESS,34.92
2025-07-15T21:30:00-05:00,2025-07-16 02:30:00+00:00,2025-07-15T21:45:00-05:00,2025-07-16 02:45:00+00:00,SBEAN_BESS,33.43
2025-07-15T21:45:00-05:00,2025-07-16 02:45:00+00:00,2025-07-15T22:00:00-05:00,2025-07-16 03:00:00+00:00,SBEAN_BESS,32.84
2025-07-15T22:00:00-05:00,2025-07-16 03:00:00+00:00,2025-07-15T22:15:00-05:00,2025-07-16 03:15:00+00:00,SBEAN_BESS,34.31
2025-07-15T22:15:00-05:00,2025-07-16 03:15:00+00:00,2025-07-15T22:30:00-05:00,2025-07-16 03:30:00+00:00,SBEAN_BESS,36.3
2025-07-15T22:30:00-05:00,2025-07-16 03:30:00+00:00,2025-07-15T22:45:00-05:00,2025-07-16 03:45:00+00:00,SBEAN_BESS,34.93
2025-07-15T22:45:00-05:00,2025-07-16 03:45:00+00:00,2025-07-15T23:00:00-05:00,2025-07-16 04:00:00+00:00,SBEAN_BESS,34.63
2025-07-15T23:00:00-05:00,2025-07-16 04:00:00+00:00,2025-07-15T23:15:00-05:00,2025-07-16 04:15:00+00:00,SBEAN_BESS,32.67
2025-07-15T23:15:00-05:00,2025-07-16 04:15:00+00:00,2025-07-15T23:30:00-05:00,2025-07-16 04:30:00+00:00,SBEAN_BESS,32.47
2025-07-15T23:30:00-05:00,2025-07-16 04:30:00+00:00,2025-07-15T23:45:00-05:00,2025-07-16 04:45:00+00:00,SBEAN_BESS,32.91
2025-07-15T23:45:00-05:00,2025-07-16 04:45:00+00:00,2025-07-16T00:00:00-05:00,2025-07-16 05:00:00+00:00,SBEAN_BESS,31.84
2025-07-16T00:00:00-05:00,2025-07-16 05:00:00+00:00,2025-07-16T00:15:00-05:00,2025-07-16 05:15:00+00:00,SBEAN_BESS,24.61
2025-07-16T00:15:00-05:00,2025-07-16 05:15:00+00:00,2025-07-16T00:30:00-05:00,2025-07-16 05:30:00+00:00,SBEAN_BESS,27.24
2025-07-16T00:30:00-05:00,2025-07-16 05:30:00+00:00,2025-07-16T00:45:00-05:00,2025-07-16 05:45:00+00:00,SBEAN_BESS,24.55
2025-07-16T00:45:00-05:00,2025-07-16 05:45:00+00:00,2025-07-16T01:00:00-05:00,2025-07-16 06:00:00+00:00,SBEAN_BESS,22.37
2025-07-16T01:00:00-05:00,2025-07-16 06:00:00+00:00,2025-07-16T01:15:00-05:00,2025-07-16 06:15:00+00:00,SBEAN_BESS,19.89
2025-07-16T01:15:00-05:00,2025-07-16 06:15:00+00:00,2025-07-16T01:30:00-05:00,2025-07-16 06:30:00+00:00,SBEAN_BESS,20.03
2025-07-16T01:30:00-05:00,2025-07-16 06:30:00+00:00,2025-07-16T01:45:00-05:00,2025-07-16 06:45:00+00:00,SBEAN_BESS,19.93
2025-07-16T01:45:00-05:00,2025-07-16 06:45:00+00:00,2025-07-16T02:00:00-05:00,2025-07-16 07:00:00+00:00,SBEAN_BESS,19.8
2025-07-16T02:00:00-05:00,2025-07-16 07:00:00+00:00,2025-07-16T02:15:00-05:00,2025-07-16 07:15:00+00:00,SBEAN_BESS,20.24
2025-07-16T02:15:00-05:00,2025-07-16 07:15:00+00:00,2025-07-16T02:30:00-05:00,2025-07-16 07:30:00+00:00,SBEAN_BESS,19.21
2025-07-16T02:30:00-05:00,2025-07-16 07:30:00+00:00,2025-07-16T02:45:00-05:00,2025-07-16 07:45:00+00:00,SBEAN_BESS,20.27
2025-07-16T02:45:00-05:00,2025-07-16 07:45:00+00:00,2025-07-16T03:00:00-05:00,2025-07-16 08:00:00+00:00,SBEAN_BESS,19.56
2025-07-16T03:00:00-05:00,2025-07-16 08:00:00+00:00,2025-07-16T03:15:00-05:00,2025-07-16 08:15:00+00:00,SBEAN_BESS,19.99
2025-07-16T03:15:00-05:00,2025-07-16 08:15:00+00:00,2025-07-16T03:30:00-05:00,2025-07-16 08:30:00+00:00,SBEAN_BESS,20.05
2025-07-16T03:30:00-05:00,2025-07-16 08:30:00+00:00,2025-07-16T03:45:00-05:00,2025-07-16 08:45:00+00:00,SBEAN_BESS,19.52
2025-07-16T03:45:00-05:00,2025-07-16 08:45:00+00:00,2025-07-16T04:00:00-05:00,2025-07-16 09:00:00+00:00,SBEAN_BESS,19.94
2025-07-16T04:00:00-05:00,2025-07-16 09:00:00+00:00,2025-07-16T04:15:00-05:00,2025-07-16 09:15:00+00:00,SBEAN_BESS,19.77
2025-07-16T04:15:00-05:00,2025-07-16 09:15:00+00:00,2025-07-16T04:30:00-05:00,2025-07-16 09:30:00+00:00,SBEAN_BESS,19.68
2025-07-16T04:30:00-05:00,2025-07-16 09:30:00+00:00,2025-07-16T04:45:00-05:00,2025-07-16 09:45:00+00:00,SBEAN_BESS,19.95
2025-07-16T04:45:00-05:00,2025-07-16 09:45:00+00:00,2025-07-16T05:00:00-05:00,2025-07-16 10:00:00+00:00,SBEAN_BESS,20.53
2025-07-16T05:00:00-05:00,2025-07-16 10:00:00+00:00,2025-07-16T05:15:00-05:00,2025-07-16 10:15:00+00:00,SBEAN_BESS,20.35
2025-07-16T05:15:00-05:00,2025-07-16 10:15:00+00:00,2025-07-16T05:30:00-05:00,2025-07-16 10:30:00+00:00,SBEAN_BESS,20.47
2025-07-16T05:30:00-05:00,2025-07-16 10:30:00+00:00,2025-07-16T05:45:00-05:00,2025-07-16 10:45:00+00:00,SBEAN_BESS,20.54
2025-07-16T05:45:00-05:00,2025-07-16 10:45:00+00:00,2025-07-16T06:00:00-05:00,2025-07-16 11:00:00+00:00,SBEAN_BESS,20.88
2025-07-16T06:00:00-05:00,2025-07-16 11:00:00+00:00,2025-07-16T06:15:00-05:00,2025-07-16 11:15:00+00:00,SBEAN_BESS,21.23
2025-07-16T06:15:00-05:00,2025-07-16 11:15:00+00:00,2025-07-16T06:30:00-05:00,2025-07-16 11:30:00+00:00,SBEAN_BESS,21.79
2025-07-16T06:30:00-05:00,2025-07-16 11:30:00+00:00,2025-07-16T06:45:00-05:00,2025-07-16 11:45:00+00:00,SBEAN_BESS,20.32
2025-07-16T06:45:00-05:00,2025-07-16 11:45:00+00:00,2025-07-16T07:00:00-05:00,2025-07-16 12:00:00+00:00,SBEAN_BESS,20.9
2025-07-16T07:00:00-05:00,2025-07-16 12:00:00+00:00,2025-07-16T07:15:00-05:00,2025-07-16 12:15:00+00:00,SBEAN_BESS,22.66
2025-07-16T07:15:00-05:00,2025-07-16 12:15:00+00:00,2025-07-16T07:30:00-05:00,2025-07-16 12:30:00+00:00,SBEAN_BESS,21.05
2025-07-16T07:30:00-05:00,2025-07-16 12:30:00+00:00,2025-07-16T07:45:00-05:00,2025-07-16 12:45:00+00:00,SBEAN_BESS,17.6
2025-07-16T07:45:00-05:00,2025-07-16 12:45:00+00:00,2025-07-16T08:00:00-05:00,2025-07-16 13:00:00+00:00,SBEAN_BESS,15.66
2025-07-16T08:00:00-05:00,2025-07-16 13:00:00+00:00,2025-07-16T08:15:00-05:00,2025-07-16 13:15:00+00:00,SBEAN_BESS,15.66
2025-07-16T08:15:00-05:00,2025-07-16 13:15:00+00:00,2025-07-16T08:30:00-05:00,2025-07-16 13:30:00+00:00,SBEAN_BESS,14.14
2025-07-16T08:30:00-05:00,2025-07-16 13:30:00+00:00,2025-07-16T08:45:00-05:00,2025-07-16 13:45:00+00:00,SBEAN_BESS,12.2
2025-07-16T08:45:00-05:00,2025-07-16 13:45:00+00:00,2025-07-16T09:00:00-05:00,2025-07-16 14:00:00+00:00,SBEAN_BESS,9.76
2025-07-16T09:00:00-05:00,2025-07-16 14:00:00+00:00,2025-07-16T09:15:00-05:00,2025-07-16 14:15:00+00:00,SBEAN_BESS,8.36
2025-07-16T09:15:00-05:00,2025-07-16 14:15:00+00:00,2025-07-16T09:30:00-05:00,2025-07-16 14:30:00+00:00,SBEAN_BESS,4.59
2025-07-16T09:30:00-05:00,2025-07-16 14:30:00+00:00,2025-07-16T09:45:00-05:00,2025-07-16 14:45:00+00:00,SBEAN_BESS,1.3
2025-07-16T09:45:00-05:00,2025-07-16 14:45:00+00:00,2025-07-16T10:00:00-05:00,2025-07-16 15:00:00+00:00,SBEAN_BESS,1.29
2025-07-16T10:00:00-05:00,2025-07-16 15:00:00+00:00,2025-07-16T10:15:00-05:00,2025-07-16 15:15:00+00:00,SBEAN_BESS,1.05
2025-07-16T10:15:00-05:00,2025-07-16 15:15:00+00:00,2025-07-16T10:30:00-05:00,2025-07-16 15:30:00+00:00,SBEAN_BESS,0.6
2025-07-16T10:30:00-05:00,2025-07-16 15:30:00+00:00,2025-07-16T10:45:00-05:00,2025-07-16 15:45:00+00:00,SBEAN_BESS,0.69
2025-07-16T10:45:00-05:00,2025-07-16 15:45:00+00:00,2025-07-16T11:00:00-05:00,2025-07-16 16:00:00+00:00,SBEAN_BESS,1.03
2025-07-16T11:00:00-05:00,2025-07-16 16:00:00+00:00,2025-07-16T11:15:00-05:00,2025-07-16 16:15:00+00:00,SBEAN_BESS,1.33
2025-07-16T11:15:00-05:00,2025-07-16 16:15:00+00:00,2025-07-16T11:30:00-05:00,2025-07-16 16:30:00+00:00,SBEAN_BESS,1.64
2025-07-16T11:30:00-05:00,2025-07-16 16:30:00+00:00,2025-07-16T11:45:00-05:00,2025-07-16 16:45:00+00:00,SBEAN_BESS,1.65
2025-07-16T11:45:00-05:00,2025-07-16 16:45:00+00:00,2025-07-16T12:00:00-05:00,2025-07-16 17:00:00+00:00,SBEAN_BESS,4.05
2025-07-16T12:00:00-05:00,2025-07-16 17:00:00+00:00,2025-07-16T12:15:00-05:00,2025-07-16 17:15:00+00:00,SBEAN_BESS,4.16
2025-07-16T12:15:00-05:00,2025-07-16 17:15:00+00:00,2025-07-16T12:30:00-05:00,2025-07-16 17:30:00+00:00,SBEAN_BESS,4.27
2025-07-16T12:30:00-05:00,2025-07-16 17:30:00+00:00,2025-07-16T12:45:00-05:00,2025-07-16 17:45:00+00:00,SBEAN_BESS,5.88
2025-07-16T12:45:00-05:00,2025-07-16 17:45:00+00:00,2025-07-16T13:00:00-05:00,2025-07-16 18:00:00+00:00,SBEAN_BESS,8.35
2025-07-16T13:00:00-05:00,2025-07-16 18:00:00+00:00,2025-07-16T13:15:00-05:00,2025-07-16 18:15:00+00:00,SBEAN_BESS,7.59
2025-07-16T13:15:00-05:00,2025-07-16 18:15:00+00:00,2025-07-16T13:30:00-05:00,2025-07-16 18:30:00+00:00,SBEAN_BESS,11.1
2025-07-16T13:30:00-05:00,2025-07-16 18:30:00+00:00,2025-07-16T13:45:00-05:00,2025-07-16 18:45:00+00:00,SBEAN_BESS,10.29
2025-07-16T13:45:00-05:00,2025-07-16 18:45:00+00:00,2025-07-16T14:00:00-05:00,2025-07-16 19:00:00+00:00,SBEAN_BESS,4.49
2025-07-16T14:00:00-05:00,2025-07-16 19:00:00+00:00,2025-07-16T14:15:00-05:00,2025-07-16 19:15:00+00:00,SBEAN_BESS,2.64
2025-07-16T14:15:00-05:00,2025-07-16 19:15:00+00:00,2025-07-16T14:30:00-05:00,2025-07-16 19:30:00+00:00,SBEAN_BESS,2.49
2025-07-16T14:30:00-05:00,2025-07-16 19:30:00+00:00,2025-07-16T14:45:00-05:00,2025-07-16 19:45:00+00:00,SBEAN_BESS,3.44
2025-07-16T14:45:00-05:00,2025-07-16 19:45:00+00:00,2025-07-16T15:00:00-05:00,2025-07-16 20:00:00+00:00,SBEAN_BESS,2.36
2025-07-16T15:00:00-05:00,2025-07-16 20:00:00+00:00,2025-07-16T15:15:00-05:00,2025-07-16 20:15:00+00:00,SBEAN_BESS,2.3
2025-07-16T15:15:00-05:00,2025-07-16 20:15:00+00:00,2025-07-16T15:30:00-05:00,2025-07-16 20:30:00+00:00,SBEAN_BESS,3.31
2025-07-16T15:30:00-05:00,2025-07-16 20:30:00+00:00,2025-07-16T15:45:00-05:00,2025-07-16 20:45:00+00:00,SBEAN_BESS,5.56
2025-07-16T15:45:00-05:00,2025-07-16 20:45:00+00:00,2025-07-16T16:00:00-05:00,2025-07-16 21:00:00+00:00,SBEAN_BESS,2.49
2025-07-16T16:00:00-05:00,2025-07-16 21:00:00+00:00,2025-07-16T16:15:00-05:00,2025-07-16 21:15:00+00:00,SBEAN_BESS,2.86
2025-07-16T16:15:00-05:00,2025-07-16 21:15:00+00:00,2025-07-16T16:30:00-05:00,2025-07-16 21:30:00+00:00,SBEAN_BESS,2.25
2025-07-16T16:30:00-05:00,2025-07-16 21:30:00+00:00,2025-07-16T16:45:00-05:00,2025-07-16 21:45:00+00:00,SBEAN_BESS,2.69
2025-07-16T16:45:00-05:00,2025-07-16 21:45:00+00:00,2025-07-16T17:00:00-05:00,2025-07-16 22:00:00+00:00,SBEAN_BESS,2.26
2025-07-16T17:00:00-05:00,2025-07-16 22:00:00+00:00,2025-07-16T17:15:00-05:00,2025-07-16 22:15:00+00:00,SBEAN_BESS,2.04
2025-07-16T17:15:00-05:00,2025-07-16 22:15:00+00:00,2025-07-16T17:30:00-05:00,2025-07-16 22:30:00+00:00,SBEAN_BESS,1.77
2025-07-16T17:30:00-05:00,2025-07-16 22:30:00+00:00,2025-07-16T17:45:00-05:00,2025-07-16 22:45:00+00:00,SBEAN_BESS,1.33
2025-07-16T17:45:00-05:00,2025-07-16 22:45:00+00:00,2025-07-16T18:00:00-05:00,2025-07-16 23:00:00+00:00,SBEAN_BESS,1.71
2025-07-16T18:00:00-05:00,2025-07-16 23:00:00+00:00,2025-07-16T18:15:00-05:00,2025-07-16 23:15:00+00:00,SBEAN_BESS,0.9
2025-07-16T18:15:00-05:00,2025-07-16 23:15:00+00:00,2025-07-16T18:30:00-05:00,2025-07-16 23:30:00+00:00,SBEAN_BESS,1.43
2025-07-16T18:30:00-05:00,2025-07-16 23:30:00+00:00,2025-07-16T18:45:00-05:00,2025-07-16 23:45:00+00:00,SBEAN_BESS,4.25
2025-07-16T18:45:00-05:00,2025-07-16 23:45:00+00:00,2025-07-16T19:00:00-05:00,2025-07-17 00:00:00+00:00,SBEAN_BESS,11.14
2025-07-16T19:00:00-05:00,2025-07-17 00:00:00+00:00,2025-07-16T19:15:00-05:00,2025-07-17 00:15:00+00:00,SBEAN_BESS,6.72
2025-07-16T19:15:00-05:00,2025-07-17 00:15:00+00:00,2025-07-16T19:30:00-05:00,2025-07-17 00:30:00+00:00,SBEAN_BESS,6.44
2025-07-16T19:30:00-05:00,2025-07-17 00:30:00+00:00,2025-07-16T19:45:00-05:00,2025-07-17 00:45:00+00:00,SBEAN_BESS,16.65
2025-07-16T19:45:00-05:00,2025-07-17 00:45:00+00:00,2025-07-16T20:00:00-05:00,2025-07-17 01:00:00+00:00,SBEAN_BESS,34.33
2025-07-16T20:00:00-05:00,2025-07-17 01:00:00+00:00,2025-07-16T20:15:00-05:00,2025-07-17 01:15:00+00:00,SBEAN_BESS,34.47
2025-07-16T20:15:00-05:00,2025-07-17 01:15:00+00:00,2025-07-16T20:30:00-05:00,2025-07-17 01:30:00+00:00,SBEAN_BESS,42.42
2025-07-16T20:30:00-05:00,2025-07-17 01:30:00+00:00,2025-07-16T20:45:00-05:00,2025-07-17 01:45:00+00:00,SBEAN_BESS,45.81
2025-07-16T20:45:00-05:00,2025-07-17 01:45:00+00:00,2025-07-16T21:00:00-05:00,2025-07-17 02:00:00+00:00,SBEAN_BESS,57.12
2025-07-16T21:00:00-05:00,2025-07-17 02:00:00+00:00,2025-07-16T21:15:00-05:00,2025-07-17 02:15:00+00:00,SBEAN_BESS,53.5
2025-07-16T21:15:00-05:00,2025-07-17 02:15:00+00:00,2025-07-16T21:30:00-05:00,2025-07-17 02:30:00+00:00,SBEAN_BESS,51.33
2025-07-16T21:30:00-05:00,2025-07-17 02:30:00+00:00,2025-07-16T21:45:00-05:00,2025-07-17 02:45:00+00:00,SBEAN_BESS,54.13
2025-07-16T21:45:00-05:00,2025-07-17 02:45:00+00:00,2025-07-16T22:00:00-05:00,2025-07-17 03:00:00+00:00,SBEAN_BESS,51.4
2025-07-16T22:00:00-05:00,2025-07-17 03:00:00+00:00,2025-07-16T22:15:00-05:00,2025-07-17 03:15:00+00:00,SBEAN_BESS,60.81
2025-07-16T22:15:00-05:00,2025-07-17 03:15:00+00:00,2025-07-16T22:30:00-05:00,2025-07-17 03:30:00+00:00,SBEAN_BESS,57.95
2025-07-16T22:30:00-05:00,2025-07-17 03:30:00+00:00,2025-07-16T22:45:00-05:00,2025-07-17 03:45:00+00:00,SBEAN_BESS,56.73
2025-07-16T22:45:00-05:00,2025-07-17 03:45:00+00:00,2025-07-16T23:00:00-05:00,2025-07-17 04:00:00+00:00,SBEAN_BESS,55.51
2025-07-16T23:00:00-05:00,2025-07-17 04:00:00+00:00,2025-07-16T23:15:00-05:00,2025-07-17 04:15:00+00:00,SBEAN_BESS,55.2
2025-07-16T23:15:00-05:00,2025-07-17 04:15:00+00:00,2025-07-16T23:30:00-05:00,2025-07-17 04:30:00+00:00,SBEAN_BESS,54.8
2025-07-16T23:30:00-05:00,2025-07-17 04:30:00+00:00,2025-07-16T23:45:00-05:00,2025-07-17 04:45:00+00:00,SBEAN_BESS,54.06
2025-07-16T23:45:00-05:00,2025-07-17 04:45:00+00:00,2025-07-17T00:00:00-05:00,2025-07-17 05:00:00+00:00,SBEAN_BESS,52.1
2025-07-17T00:00:00-05:00,2025-07-17 05:00:00+00:00,2025-07-17T00:15:00-05:00,2025-07-17 05:15:00+00:00,SBEAN_BESS,49.19
2025-07-17T00:15:00-05:00,2025-07-17 05:15:00+00:00,2025-07-17T00:30:00-05:00,2025-07-17 05:30:00+00:00,SBEAN_BESS,51.83
2025-07-17T00:30:00-05:00,2025-07-17 05:30:00+00:00,2025-07-17T00:45:00-05:00,2025-07-17 05:45:00+00:00,SBEAN_BESS,55.05
2025-07-17T00:45:00-05:00,2025-07-17 05:45:00+00:00,2025-07-17T01:00:00-05:00,2025-07-17 06:00:00+00:00,SBEAN_BESS,59.07
2025-07-17T01:00:00-05:00,2025-07-17 06:00:00+00:00,2025-07-17T01:15:00-05:00,2025-07-17 06:15:00+00:00,SBEAN_BESS,56.87
2025-07-17T01:15:00-05:00,2025-07-17 06:15:00+00:00,2025-07-17T01:30:00-05:00,2025-07-17 06:30:00+00:00,SBEAN_BESS,56.71
2025-07-17T01:30:00-05:00,2025-07-17 06:30:00+00:00,2025-07-17T01:45:00-05:00,2025-07-17 06:45:00+00:00,SBEAN_BESS,50.24
2025-07-17T01:45:00-05:00,2025-07-17 06:45:00+00:00,2025-07-17T02:00:00-05:00,2025-07-17 07:00:00+00:00,SBEAN_BESS,49.73
2025-07-17T02:00:00-05:00,2025-07-17 07:00:00+00:00,2025-07-17T02:15:00-05:00,2025-07-17 07:15:00+00:00,SBEAN_BESS,39.93
2025-07-17T02:15:00-05:00,2025-07-17 07:15:00+00:00,2025-07-17T02:30:00-05:00,2025-07-17 07:30:00+00:00,SBEAN_BESS,37.18
2025-07-17T02:30:00-05:00,2025-07-17 07:30:00+00:00,2025-07-17T02:45:00-05:00,2025-07-17 07:45:00+00:00,SBEAN_BESS,40.42
2025-07-17T02:45:00-05:00,2025-07-17 07:45:00+00:00,2025-07-17T03:00:00-05:00,2025-07-17 08:00:00+00:00,SBEAN_BESS,56.72
2025-07-17T03:00:00-05:00,2025-07-17 08:00:00+00:00,2025-07-17T03:15:00-05:00,2025-07-17 08:15:00+00:00,SBEAN_BESS,63.27
2025-07-17T03:15:00-05:00,2025-07-17 08:15:00+00:00,2025-07-17T03:30:00-05:00,2025-07-17 08:30:00+00:00,SBEAN_BESS,69.03
2025-07-17T03:30:00-05:00,2025-07-17 08:30:00+00:00,2025-07-17T03:45:00-05:00,2025-07-17 08:45:00+00:00,SBEAN_BESS,71.38
2025-07-17T03:45:00-05:00,2025-07-17 08:45:00+00:00,2025-07-17T04:00:00-05:00,2025-07-17 09:00:00+00:00,SBEAN_BESS,71.68
2025-07-17T04:00:00-05:00,2025-07-17 09:00:00+00:00,2025-07-17T04:15:00-05:00,2025-07-17 09:15:00+00:00,SBEAN_BESS,71.9
2025-07-17T04:15:00-05:00,2025-07-17 09:15:00+00:00,2025-07-17T04:30:00-05:00,2025-07-17 09:30:00+00:00,SBEAN_BESS,70.84
2025-07-17T04:30:00-05:00,2025-07-17 09:30:00+00:00,2025-07-17T04:45:00-05:00,2025-07-17 09:45:00+00:00,SBEAN_BESS,69.29
2025-07-17T04:45:00-05:00,2025-07-17 09:45:00+00:00,2025-07-17T05:00:00-05:00,2025-07-17 10:00:00+00:00,SBEAN_BESS,66.86
2025-07-17T05:00:00-05:00,2025-07-17 10:00:00+00:00,2025-07-17T05:15:00-05:00,2025-07-17 10:15:00+00:00,SBEAN_BESS,66.18
2025-07-17T05:15:00-05:00,2025-07-17 10:15:00+00:00,2025-07-17T05:30:00-05:00,2025-07-17 10:30:00+00:00,SBEAN_BESS,65.78
2025-07-17T05:30:00-05:00,2025-07-17 10:30:00+00:00,2025-07-17T05:45:00-05:00,2025-07-17 10:45:00+00:00,SBEAN_BESS,66.59
2025-07-17T05:45:00-05:00,2025-07-17 10:45:00+00:00,2025-07-17T06:00:00-05:00,2025-07-17 11:00:00+00:00,SBEAN_BESS,67.46
2025-07-17T06:00:00-05:00,2025-07-17 11:00:00+00:00,2025-07-17T06:15:00-05:00,2025-07-17 11:15:00+00:00,SBEAN_BESS,65.23
2025-07-17T06:15:00-05:00,2025-07-17 11:15:00+00:00,2025-07-17T06:30:00-05:00,2025-07-17 11:30:00+00:00,SBEAN_BESS,50.48
2025-07-17T06:30:00-05:00,2025-07-17 11:30:00+00:00,2025-07-17T06:45:00-05:00,2025-07-17 11:45:00+00:00,SBEAN_BESS,57.49
2025-07-17T06:45:00-05:00,2025-07-17 11:45:00+00:00,2025-07-17T07:00:00-05:00,2025-07-17 12:00:00+00:00,SBEAN_BESS,58.7
2025-07-17T07:00:00-05:00,2025-07-17 12:00:00+00:00,2025-07-17T07:15:00-05:00,2025-07-17 12:15:00+00:00,SBEAN_BESS,56.21
2025-07-17T07:15:00-05:00,2025-07-17 12:15:00+00:00,2025-07-17T07:30:00-05:00,2025-07-17 12:30:00+00:00,SBEAN_BESS,27.32
2025-07-17T07:30:00-05:00,2025-07-17 12:30:00+00:00,2025-07-17T07:45:00-05:00,2025-07-17 12:45:00+00:00,SBEAN_BESS,22.08
2025-07-17T07:45:00-05:00,2025-07-17 12:45:00+00:00,2025-07-17T08:00:00-05:00,2025-07-17 13:00:00+00:00,SBEAN_BESS,19.26
2025-07-17T08:00:00-05:00,2025-07-17 13:00:00+00:00,2025-07-17T08:15:00-05:00,2025-07-17 13:15:00+00:00,SBEAN_BESS,19.44
2025-07-17T08:15:00-05:00,2025-07-17 13:15:00+00:00,2025-07-17T08:30:00-05:00,2025-07-17 13:30:00+00:00,SBEAN_BESS,19.23
2025-07-17T08:30:00-05:00,2025-07-17 13:30:00+00:00,2025-07-17T08:45:00-05:00,2025-07-17 13:45:00+00:00,SBEAN_BESS,17.98
2025-07-17T08:45:00-05:00,2025-07-17 13:45:00+00:00,2025-07-17T09:00:00-05:00,2025-07-17 14:00:00+00:00,SBEAN_BESS,16.72
2025-07-17T09:00:00-05:00,2025-07-17 14:00:00+00:00,2025-07-17T09:15:00-05:00,2025-07-17 14:15:00+00:00,SBEAN_BESS,17.51
2025-07-17T09:15:00-05:00,2025-07-17 14:15:00+00:00,2025-07-17T09:30:00-05:00,2025-07-17 14:30:00+00:00,SBEAN_BESS,17.5
2025-07-17T09:30:00-05:00,2025-07-17 14:30:00+00:00,2025-07-17T09:45:00-05:00,2025-07-17 14:45:00+00:00,SBEAN_BESS,18.57
2025-07-17T09:45:00-05:00,2025-07-17 14:45:00+00:00,2025-07-17T10:00:00-05:00,2025-07-17 15:00:00+00:00,SBEAN_BESS,19.76
2025-07-17T10:00:00-05:00,2025-07-17 15:00:00+00:00,2025-07-17T10:15:00-05:00,2025-07-17 15:15:00+00:00,SBEAN_BESS,19.21
2025-07-17T10:15:00-05:00,2025-07-17 15:15:00+00:00,2025-07-17T10:30:00-05:00,2025-07-17 15:30:00+00:00,SBEAN_BESS,18.77
2025-07-17T10:30:00-05:00,2025-07-17 15:30:00+00:00,2025-07-17T10:45:00-05:00,2025-07-17 15:45:00+00:00,SBEAN_BESS,18.76
2025-07-17T10:45:00-05:00,2025-07-17 15:45:00+00:00,2025-07-17T11:00:00-05:00,2025-07-17 16:00:00+00:00,SBEAN_BESS,22.45
2025-07-17T11:00:00-05:00,2025-07-17 16:00:00+00:00,2025-07-17T11:15:00-05:00,2025-07-17 16:15:00+00:00,SBEAN_BESS,22.26
2025-07-17T11:15:00-05:00,2025-07-17 16:15:00+00:00,2025-07-17T11:30:00-05:00,2025-07-17 16:30:00+00:00,SBEAN_BESS,22.49
2025-07-17T11:30:00-05:00,2025-07-17 16:30:00+00:00,2025-07-17T11:45:00-05:00,2025-07-17 16:45:00+00:00,SBEAN_BESS,22.89
2025-07-17T11:45:00-05:00,2025-07-17 16:45:00+00:00,2025-07-17T12:00:00-05:00,2025-07-17 17:00:00+00:00,SBEAN_BESS,23.07
2025-07-17T12:00:00-05:00,2025-07-17 17:00:00+00:00,2025-07-17T12:15:00-05:00,2025-07-17 17:15:00+00:00,SBEAN_BESS,24.67
2025-07-17T12:15:00-05:00,2025-07-17 17:15:00+00:00,2025-07-17T12:30:00-05:00,2025-07-17 17:30:00+00:00,SBEAN_BESS,24.72
2025-07-17T12:30:00-05:00,2025-07-17 17:30:00+00:00,2025-07-17T12:45:00-05:00,2025-07-17 17:45:00+00:00,SBEAN_BESS,26.16
2025-07-17T12:45:00-05:00,2025-07-17 17:45:00+00:00,2025-07-17T13:00:00-05:00,2025-07-17 18:00:00+00:00,SBEAN_BESS,27.84
2025-07-17T13:00:00-05:00,2025-07-17 18:00:00+00:00,2025-07-17T13:15:00-05:00,2025-07-17 18:15:00+00:00,SBEAN_BESS,26.86
2025-07-17T13:15:00-05:00,2025-07-17 18:15:00+00:00,2025-07-17T13:30:00-05:00,2025-07-17 18:30:00+00:00,SBEAN_BESS,24.58
2025-07-17T13:30:00-05:00,2025-07-17 18:30:00+00:00,2025-07-17T13:45:00-05:00,2025-07-17 18:45:00+00:00,SBEAN_BESS,26.59
2025-07-17T13:45:00-05:00,2025-07-17 18:45:00+00:00,2025-07-17T14:00:00-05:00,2025-07-17 19:00:00+00:00,SBEAN_BESS,28.95
2025-07-17T14:00:00-05:00,2025-07-17 19:00:00+00:00,2025-07-17T14:15:00-05:00,2025-07-17 19:15:00+00:00,SBEAN_BESS,29.28
2025-07-17T14:15:00-05:00,2025-07-17 19:15:00+00:00,2025-07-17T14:30:00-05:00,2025-07-17 19:30:00+00:00,SBEAN_BESS,27.57
2025-07-17T14:30:00-05:00,2025-07-17 19:30:00+00:00,2025-07-17T14:45:00-05:00,2025-07-17 19:45:00+00:00,SBEAN_BESS,24.84
2025-07-17T14:45:00-05:00,2025-07-17 19:45:00+00:00,2025-07-17T15:00:00-05:00,2025-07-17 20:00:00+00:00,SBEAN_BESS,24.3
2025-07-17T15:00:00-05:00,2025-07-17 20:00:00+00:00,2025-07-17T15:15:00-05:00,2025-07-17 20:15:00+00:00,SBEAN_BESS,20.53
2025-07-17T15:15:00-05:00,2025-07-17 20:15:00+00:00,2025-07-17T15:30:00-05:00,2025-07-17 20:30:00+00:00,SBEAN_BESS,16.87
2025-07-17T15:30:00-05:00,2025-07-17 20:30:00+00:00,2025-07-17T15:45:00-05:00,2025-07-17 20:45:00+00:00,SBEAN_BESS,15.06
2025-07-17T15:45:00-05:00,2025-07-17 20:45:00+00:00,2025-07-17T16:00:00-05:00,2025-07-17 21:00:00+00:00,SBEAN_BESS,12.66
2025-07-17T16:00:00-05:00,2025-07-17 21:00:00+00:00,2025-07-17T16:15:00-05:00,2025-07-17 21:15:00+00:00,SBEAN_BESS,4.84
2025-07-17T16:15:00-05:00,2025-07-17 21:15:00+00:00,2025-07-17T16:30:00-05:00,2025-07-17 21:30:00+00:00,SBEAN_BESS,5.59
2025-07-17T16:30:00-05:00,2025-07-17 21:30:00+00:00,2025-07-17T16:45:00-05:00,2025-07-17 21:45:00+00:00,SBEAN_BESS,3.26
2025-07-17T16:45:00-05:00,2025-07-17 21:45:00+00:00,2025-07-17T17:00:00-05:00,2025-07-17 22:00:00+00:00,SBEAN_BESS,2.88
2025-07-17T17:00:00-05:00,2025-07-17 22:00:00+00:00,2025-07-17T17:15:00-05:00,2025-07-17 22:15:00+00:00,SBEAN_BESS,2.24
2025-07-17T17:15:00-05:00,2025-07-17 22:15:00+00:00,2025-07-17T17:30:00-05:00,2025-07-17 22:30:00+00:00,SBEAN_BESS,1.95
2025-07-17T17:30:00-05:00,2025-07-17 22:30:00+00:00,2025-07-17T17:45:00-05:00,2025-07-17 22:45:00+00:00,SBEAN_BESS,1.53
2025-07-17T17:45:00-05:00,2025-07-17 22:45:00+00:00,2025-07-17T18:00:00-05:00,2025-07-17 23:00:00+00:00,SBEAN_BESS,1.28
2025-07-17T18:00:00-05:00,2025-07-17 23:00:00+00:00,2025-07-17T18:15:00-05:00,2025-07-17 23:15:00+00:00,SBEAN_BESS,0.98
2025-07-17T18:15:00-05:00,2025-07-17 23:15:00+00:00,2025-07-17T18:30:00-05:00,2025-07-17 23:30:00+00:00,SBEAN_BESS,1.81
2025-07-17T18:30:00-05:00,2025-07-17 23:30:00+00:00,2025-07-17T18:45:00-05:00,2025-07-17 23:45:00+00:00,SBEAN_BESS,3.76
2025-07-17T18:45:00-05:00,2025-07-17 23:45:00+00:00,2025-07-17T19:00:00-05:00,2025-07-18 00:00:00+00:00,SBEAN_BESS,7.99
2025-07-17T19:00:00-05:00,2025-07-18 00:00:00+00:00,2025-07-17T19:15:00-05:00,2025-07-18 00:15:00+00:00,SBEAN_BESS,21.89
2025-07-17T19:15:00-05:00,2025-07-18 00:15:00+00:00,2025-07-17T19:30:00-05:00,2025-07-18 00:30:00+00:00,SBEAN_BESS,44.38
2025-07-17T19:30:00-05:00,2025-07-18 00:30:00+00:00,2025-07-17T19:45:00-05:00,2025-07-18 00:45:00+00:00,SBEAN_BESS,45.45
2025-07-17T19:45:00-05:00,2025-07-18 00:45:00+00:00,2025-07-17T20:00:00-05:00,2025-07-18 01:00:00+00:00,SBEAN_BESS,51.56
2025-07-17T20:00:00-05:00,2025-07-18 01:00:00+00:00,2025-07-17T20:15:00-05:00,2025-07-18 01:15:00+00:00,SBEAN_BESS,45.92
2025-07-17T20:15:00-05:00,2025-07-18 01:15:00+00:00,2025-07-17T20:30:00-05:00,2025-07-18 01:30:00+00:00,SBEAN_BESS,54.88
2025-07-17T20:30:00-05:00,2025-07-18 01:30:00+00:00,2025-07-17T20:45:00-05:00,2025-07-18 01:45:00+00:00,SBEAN_BESS,59.39
2025-07-17T20:45:00-05:00,2025-07-18 01:45:00+00:00,2025-07-17T21:00:00-05:00,2025-07-18 02:00:00+00:00,SBEAN_BESS,58.76
2025-07-17T21:00:00-05:00,2025-07-18 02:00:00+00:00,2025-07-17T21:15:00-05:00,2025-07-18 02:15:00+00:00,SBEAN_BESS,54.76
2025-07-17T21:15:00-05:00,2025-07-18 02:15:00+00:00,2025-07-17T21:30:00-05:00,2025-07-18 02:30:00+00:00,SBEAN_BESS,52.21
2025-07-17T21:30:00-05:00,2025-07-18 02:30:00+00:00,2025-07-17T21:45:00-05:00,2025-07-18 02:45:00+00:00,SBEAN_BESS,51.4
2025-07-17T21:45:00-05:00,2025-07-18 02:45:00+00:00,2025-07-17T22:00:00-05:00,2025-07-18 03:00:00+00:00,SBEAN_BESS,53.0
2025-07-17T22:00:00-05:00,2025-07-18 03:00:00+00:00,2025-07-17T22:15:00-05:00,2025-07-18 03:15:00+00:00,SBEAN_BESS,55.78
2025-07-17T22:15:00-05:00,2025-07-18 03:15:00+00:00,2025-07-17T22:30:00-05:00,2025-07-18 03:30:00+00:00,SBEAN_BESS,58.95
2025-07-17T22:30:00-05:00,2025-07-18 03:30:00+00:00,2025-07-17T22:45:00-05:00,2025-07-18 03:45:00+00:00,SBEAN_BESS,58.77
2025-07-17T22:45:00-05:00,2025-07-18 03:45:00+00:00,2025-07-17T23:00:00-05:00,2025-07-18 04:00:00+00:00,SBEAN_BESS,58.43
2025-07-17T23:00:00-05:00,2025-07-18 04:00:00+00:00,2025-07-17T23:15:00-05:00,2025-07-18 04:15:00+00:00,SBEAN_BESS,60.35
2025-07-17T23:15:00-05:00,2025-07-18 04:15:00+00:00,2025-07-17T23:30:00-05:00,2025-07-18 04:30:00+00:00,SBEAN_BESS,60.09
2025-07-17T23:30:00-05:00,2025-07-18 04:30:00+00:00,2025-07-17T23:45:00-05:00,2025-07-18 04:45:00+00:00,SBEAN_BESS,60.38
2025-07-17T23:45:00-05:00,2025-07-18 04:45:00+00:00,2025-07-18T00:00:00-05:00,2025-07-18 05:00:00+00:00,SBEAN_BESS,59.8
2025-07-18T00:00:00-05:00,2025-07-18 05:00:00+00:00,2025-07-18T00:15:00-05:00,2025-07-18 05:15:00+00:00,SBEAN_BESS,56.18
2025-07-18T00:15:00-05:00,2025-07-18 05:15:00+00:00,2025-07-18T00:30:00-05:00,2025-07-18 05:30:00+00:00,SBEAN_BESS,41.52
2025-07-18T00:30:00-05:00,2025-07-18 05:30:00+00:00,2025-07-18T00:45:00-05:00,2025-07-18 05:45:00+00:00,SBEAN_BESS,34.99
2025-07-18T00:45:00-05:00,2025-07-18 05:45:00+00:00,2025-07-18T01:00:00-05:00,2025-07-18 06:00:00+00:00,SBEAN_BESS,33.56
2025-07-18T01:00:00-05:00,2025-07-18 06:00:00+00:00,2025-07-18T01:15:00-05:00,2025-07-18 06:15:00+00:00,SBEAN_BESS,29.99
2025-07-18T01:15:00-05:00,2025-07-18 06:15:00+00:00,2025-07-18T01:30:00-05:00,2025-07-18 06:30:00+00:00,SBEAN_BESS,29.34
2025-07-18T01:30:00-05:00,2025-07-18 06:30:00+00:00,2025-07-18T01:45:00-05:00,2025-07-18 06:45:00+00:00,SBEAN_BESS,28.22
2025-07-18T01:45:00-05:00,2025-07-18 06:45:00+00:00,2025-07-18T02:00:00-05:00,2025-07-18 07:00:00+00:00,SBEAN_BESS,25.7
2025-07-18T02:00:00-05:00,2025-07-18 07:00:00+00:00,2025-07-18T02:15:00-05:00,2025-07-18 07:15:00+00:00,SBEAN_BESS,24.5
2025-07-18T02:15:00-05:00,2025-07-18 07:15:00+00:00,2025-07-18T02:30:00-05:00,2025-07-18 07:30:00+00:00,SBEAN_BESS,24.98
2025-07-18T02:30:00-05:00,2025-07-18 07:30:00+00:00,2025-07-18T02:45:00-05:00,2025-07-18 07:45:00+00:00,SBEAN_BESS,25.04
2025-07-18T02:45:00-05:00,2025-07-18 07:45:00+00:00,2025-07-18T03:00:00-05:00,2025-07-18 08:00:00+00:00,SBEAN_BESS,26.23
2025-07-18T03:00:00-05:00,2025-07-18 08:00:00+00:00,2025-07-18T03:15:00-05:00,2025-07-18 08:15:00+00:00,SBEAN_BESS,25.14
2025-07-18T03:15:00-05:00,2025-07-18 08:15:00+00:00,2025-07-18T03:30:00-05:00,2025-07-18 08:30:00+00:00,SBEAN_BESS,25.21
2025-07-18T03:30:00-05:00,2025-07-18 08:30:00+00:00,2025-07-18T03:45:00-05:00,2025-07-18 08:45:00+00:00,SBEAN_BESS,25.1
2025-07-18T03:45:00-05:00,2025-07-18 08:45:00+00:00,2025-07-18T04:00:00-05:00,2025-07-18 09:00:00+00:00,SBEAN_BESS,24.41
2025-07-18T04:00:00-05:00,2025-07-18 09:00:00+00:00,2025-07-18T04:15:00-05:00,2025-07-18 09:15:00+00:00,SBEAN_BESS,24.1
2025-07-18T04:15:00-05:00,2025-07-18 09:15:00+00:00,2025-07-18T04:30:00-05:00,2025-07-18 09:30:00+00:00,SBEAN_BESS,23.41
2025-07-18T04:30:00-05:00,2025-07-18 09:30:00+00:00,2025-07-18T04:45:00-05:00,2025-07-18 09:45:00+00:00,SBEAN_BESS,23.03
2025-07-18T04:45:00-05:00,2025-07-18 09:45:00+00:00,2025-07-18T05:00:00-05:00,2025-07-18 10:00:00+00:00,SBEAN_BESS,23.13
2025-07-18T05:00:00-05:00,2025-07-18 10:00:00+00:00,2025-07-18T05:15:00-05:00,2025-07-18 10:15:00+00:00,SBEAN_BESS,27.09
2025-07-18T05:15:00-05:00,2025-07-18 10:15:00+00:00,2025-07-18T05:30:00-05:00,2025-07-18 10:30:00+00:00,SBEAN_BESS,34.18
2025-07-18T05:30:00-05:00,2025-07-18 10:30:00+00:00,2025-07-18T05:45:00-05:00,2025-07-18 10:45:00+00:00,SBEAN_BESS,32.01
2025-07-18T05:45:00-05:00,2025-07-18 10:45:00+00:00,2025-07-18T06:00:00-05:00,2025-07-18 11:00:00+00:00,SBEAN_BESS,25.63
2025-07-18T06:00:00-05:00,2025-07-18 11:00:00+00:00,2025-07-18T06:15:00-05:00,2025-07-18 11:15:00+00:00,SBEAN_BESS,28.73
2025-07-18T06:15:00-05:00,2025-07-18 11:15:00+00:00,2025-07-18T06:30:00-05:00,2025-07-18 11:30:00+00:00,SBEAN_BESS,27.78
2025-07-18T06:30:00-05:00,2025-07-18 11:30:00+00:00,2025-07-18T06:45:00-05:00,2025-07-18 11:45:00+00:00,SBEAN_BESS,29.05
2025-07-18T06:45:00-05:00,2025-07-18 11:45:00+00:00,2025-07-18T07:00:00-05:00,2025-07-18 12:00:00+00:00,SBEAN_BESS,29.61
2025-07-18T07:00:00-05:00,2025-07-18 12:00:00+00:00,2025-07-18T07:15:00-05:00,2025-07-18 12:15:00+00:00,SBEAN_BESS,30.28
2025-07-18T07:15:00-05:00,2025-07-18 12:15:00+00:00,2025-07-18T07:30:00-05:00,2025-07-18 12:30:00+00:00,SBEAN_BESS,28.86
2025-07-18T07:30:00-05:00,2025-07-18 12:30:00+00:00,2025-07-18T07:45:00-05:00,2025-07-18 12:45:00+00:00,SBEAN_BESS,26.16
2025-07-18T07:45:00-05:00,2025-07-18 12:45:00+00:00,2025-07-18T08:00:00-05:00,2025-07-18 13:00:00+00:00,SBEAN_BESS,23.36
2025-07-18T08:00:00-05:00,2025-07-18 13:00:00+00:00,2025-07-18T08:15:00-05:00,2025-07-18 13:15:00+00:00,SBEAN_BESS,25.59
2025-07-18T08:15:00-05:00,2025-07-18 13:15:00+00:00,2025-07-18T08:30:00-05:00,2025-07-18 13:30:00+00:00,SBEAN_BESS,26.48
2025-07-18T08:30:00-05:00,2025-07-18 13:30:00+00:00,2025-07-18T08:45:00-05:00,2025-07-18 13:45:00+00:00,SBEAN_BESS,21.95
2025-07-18T08:45:00-05:00,2025-07-18 13:45:00+00:00,2025-07-18T09:00:00-05:00,2025-07-18 14:00:00+00:00,SBEAN_BESS,22.35
2025-07-18T09:00:00-05:00,2025-07-18 14:00:00+00:00,2025-07-18T09:15:00-05:00,2025-07-18 14:15:00+00:00,SBEAN_BESS,24.63
2025-07-18T09:15:00-05:00,2025-07-18 14:15:00+00:00,2025-07-18T09:30:00-05:00,2025-07-18 14:30:00+00:00,SBEAN_BESS,23.71
2025-07-18T09:30:00-05:00,2025-07-18 14:30:00+00:00,2025-07-18T09:45:00-05:00,2025-07-18 14:45:00+00:00,SBEAN_BESS,23.45
2025-07-18T09:45:00-05:00,2025-07-18 14:45:00+00:00,2025-07-18T10:00:00-05:00,2025-07-18 15:00:00+00:00,SBEAN_BESS,23.27
2025-07-18T10:00:00-05:00,2025-07-18 15:00:00+00:00,2025-07-18T10:15:00-05:00,2025-07-18 15:15:00+00:00,SBEAN_BESS,22.34
2025-07-18T10:15:00-05:00,2025-07-18 15:15:00+00:00,2025-07-18T10:30:00-05:00,2025-07-18 15:30:00+00:00,SBEAN_BESS,22.07
2025-07-18T10:30:00-05:00,2025-07-18 15:30:00+00:00,2025-07-18T10:45:00-05:00,2025-07-18 15:45:00+00:00,SBEAN_BESS,22.29
2025-07-18T10:45:00-05:00,2025-07-18 15:45:00+00:00,2025-07-18T11:00:00-05:00,2025-07-18 16:00:00+00:00,SBEAN_BESS,22.23
2025-07-18T11:00:00-05:00,2025-07-18 16:00:00+00:00,2025-07-18T11:15:00-05:00,2025-07-18 16:15:00+00:00,SBEAN_BESS,22.44
2025-07-18T11:15:00-05:00,2025-07-18 16:15:00+00:00,2025-07-18T11:30:00-05:00,2025-07-18 16:30:00+00:00,SBEAN_BESS,22.44
2025-07-18T11:30:00-05:00,2025-07-18 16:30:00+00:00,2025-07-18T11:45:00-05:00,2025-07-18 16:45:00+00:00,SBEAN_BESS,20.9
2025-07-18T11:45:00-05:00,2025-07-18 16:45:00+00:00,2025-07-18T12:00:00-05:00,2025-07-18 17:00:00+00:00,SBEAN_BESS,20.83
2025-07-18T12:00:00-05:00,2025-07-18 17:00:00+00:00,2025-07-18T12:15:00-05:00,2025-07-18 17:15:00+00:00,SBEAN_BESS,20.29
2025-07-18T12:15:00-05:00,2025-07-18 17:15:00+00:00,2025-07-18T12:30:00-05:00,2025-07-18 17:30:00+00:00,SBEAN_BESS,18.27
2025-07-18T12:30:00-05:00,2025-07-18 17:30:00+00:00,2025-07-18T12:45:00-05:00,2025-07-18 17:45:00+00:00,SBEAN_BESS,17.48
2025-07-18T12:45:00-05:00,2025-07-18 17:45:00+00:00,2025-07-18T13:00:00-05:00,2025-07-18 18:00:00+00:00,SBEAN_BESS,17.47
2025-07-18T13:00:00-05:00,2025-07-18 18:00:00+00:00,2025-07-18T13:15:00-05:00,2025-07-18 18:15:00+00:00,SBEAN_BESS,19.55
2025-07-18T13:15:00-05:00,2025-07-18 18:15:00+00:00,2025-07-18T13:30:00-05:00,2025-07-18 18:30:00+00:00,SBEAN_BESS,20.17
2025-07-18T13:30:00-05:00,2025-07-18 18:30:00+00:00,2025-07-18T13:45:00-05:00,2025-07-18 18:45:00+00:00,SBEAN_BESS,20.22
2025-07-18T13:45:00-05:00,2025-07-18 18:45:00+00:00,2025-07-18T14:00:00-05:00,2025-07-18 19:00:00+00:00,SBEAN_BESS,19.71
2025-07-18T14:00:00-05:00,2025-07-18 19:00:00+00:00,2025-07-18T14:15:00-05:00,2025-07-18 19:15:00+00:00,SBEAN_BESS,17.34
2025-07-18T14:15:00-05:00,2025-07-18 19:15:00+00:00,2025-07-18T14:30:00-05:00,2025-07-18 19:30:00+00:00,SBEAN_BESS,13.44
2025-07-18T14:30:00-05:00,2025-07-18 19:30:00+00:00,2025-07-18T14:45:00-05:00,2025-07-18 19:45:00+00:00,SBEAN_BESS,12.95
2025-07-18T14:45:00-05:00,2025-07-18 19:45:00+00:00,2025-07-18T15:00:00-05:00,2025-07-18 20:00:00+00:00,SBEAN_BESS,9.4
2025-07-18T15:00:00-05:00,2025-07-18 20:00:00+00:00,2025-07-18T15:15:00-05:00,2025-07-18 20:15:00+00:00,SBEAN_BESS,6.43
2025-07-18T15:15:00-05:00,2025-07-18 20:15:00+00:00,2025-07-18T15:30:00-05:00,2025-07-18 20:30:00+00:00,SBEAN_BESS,4.38
2025-07-18T15:30:00-05:00,2025-07-18 20:30:00+00:00,2025-07-18T15:45:00-05:00,2025-07-18 20:45:00+00:00,SBEAN_BESS,11.75
2025-07-18T15:45:00-05:00,2025-07-18 20:45:00+00:00,2025-07-18T16:00:00-05:00,2025-07-18 21:00:00+00:00,SBEAN_BESS,7.88
2025-07-18T16:00:00-05:00,2025-07-18 21:00:00+00:00,2025-07-18T16:15:00-05:00,2025-07-18 21:15:00+00:00,SBEAN_BESS,6.24
2025-07-18T16:15:00-05:00,2025-07-18 21:15:00+00:00,2025-07-18T16:30:00-05:00,2025-07-18 21:30:00+00:00,SBEAN_BESS,2.87
2025-07-18T16:30:00-05:00,2025-07-18 21:30:00+00:00,2025-07-18T16:45:00-05:00,2025-07-18 21:45:00+00:00,SBEAN_BESS,1.3
2025-07-18T16:45:00-05:00,2025-07-18 21:45:00+00:00,2025-07-18T17:00:00-05:00,2025-07-18 22:00:00+00:00,SBEAN_BESS,0.88
2025-07-18T17:00:00-05:00,2025-07-18 22:00:00+00:00,2025-07-18T17:15:00-05:00,2025-07-18 22:15:00+00:00,SBEAN_BESS,0.06
2025-07-18T17:15:00-05:00,2025-07-18 22:15:00+00:00,2025-07-18T17:30:00-05:00,2025-07-18 22:30:00+00:00,SBEAN_BESS,0.01
2025-07-18T17:30:00-05:00,2025-07-18 22:30:00+00:00,2025-07-18T17:45:00-05:00,2025-07-18 22:45:00+00:00,SBEAN_BESS,-0.03
2025-07-18T17:45:00-05:00,2025-07-18 22:45:00+00:00,2025-07-18T18:00:00-05:00,2025-07-18 23:00:00+00:00,SBEAN_BESS,0.02
2025-07-18T18:00:00-05:00,2025-07-18 23:00:00+00:00,2025-07-18T18:15:00-05:00,2025-07-18 23:15:00+00:00,SBEAN_BESS,-0.26
2025-07-18T18:15:00-05:00,2025-07-18 23:15:00+00:00,2025-07-18T18:30:00-05:00,2025-07-18 23:30:00+00:00,SBEAN_BESS,-0.25
2025-07-18T18:30:00-05:00,2025-07-18 23:30:00+00:00,2025-07-18T18:45:00-05:00,2025-07-18 23:45:00+00:00,SBEAN_BESS,0.12
2025-07-18T18:45:00-05:00,2025-07-18 23:45:00+00:00,2025-07-18T19:00:00-05:00,2025-07-19 00:00:00+00:00,SBEAN_BESS,0.82
2025-07-18T19:00:00-05:00,2025-07-19 00:00:00+00:00,2025-07-18T19:15:00-05:00,2025-07-19 00:15:00+00:00,SBEAN_BESS,0.73
2025-07-18T19:15:00-05:00,2025-07-19 00:15:00+00:00,2025-07-18T19:30:00-05:00,2025-07-19 00:30:00+00:00,SBEAN_BESS,3.9
2025-07-18T19:30:00-05:00,2025-07-19 00:30:00+00:00,2025-07-18T19:45:00-05:00,2025-07-19 00:45:00+00:00,SBEAN_BESS,10.94
2025-07-18T19:45:00-05:00,2025-07-19 00:45:00+00:00,2025-07-18T20:00:00-05:00,2025-07-19 01:00:00+00:00,SBEAN_BESS,34.03
2025-07-18T20:00:00-05:00,2025-07-19 01:00:00+00:00,2025-07-18T20:15:00-05:00,2025-07-19 01:15:00+00:00,SBEAN_BESS,34.1
2025-07-18T20:15:00-05:00,2025-07-19 01:15:00+00:00,2025-07-18T20:30:00-05:00,2025-07-19 01:30:00+00:00,SBEAN_BESS,42.69
2025-07-18T20:30:00-05:00,2025-07-19 01:30:00+00:00,2025-07-18T20:45:00-05:00,2025-07-19 01:45:00+00:00,SBEAN_BESS,50.78
2025-07-18T20:45:00-05:00,2025-07-19 01:45:00+00:00,2025-07-18T21:00:00-05:00,2025-07-19 02:00:00+00:00,SBEAN_BESS,51.56
2025-07-18T21:00:00-05:00,2025-07-19 02:00:00+00:00,2025-07-18T21:15:00-05:00,2025-07-19 02:15:00+00:00,SBEAN_BESS,50.67
2025-07-18T21:15:00-05:00,2025-07-19 02:15:00+00:00,2025-07-18T21:30:00-05:00,2025-07-19 02:30:00+00:00,SBEAN_BESS,44.23
2025-07-18T21:30:00-05:00,2025-07-19 02:30:00+00:00,2025-07-18T21:45:00-05:00,2025-07-19 02:45:00+00:00,SBEAN_BESS,43.63
2025-07-18T21:45:00-05:00,2025-07-19 02:45:00+00:00,2025-07-18T22:00:00-05:00,2025-07-19 03:00:00+00:00,SBEAN_BESS,43.9
2025-07-18T22:00:00-05:00,2025-07-19 03:00:00+00:00,2025-07-18T22:15:00-05:00,2025-07-19 03:15:00+00:00,SBEAN_BESS,47.4
2025-07-18T22:15:00-05:00,2025-07-19 03:15:00+00:00,2025-07-18T22:30:00-05:00,2025-07-19 03:30:00+00:00,SBEAN_BESS,45.47
2025-07-18T22:30:00-05:00,2025-07-19 03:30:00+00:00,2025-07-18T22:45:00-05:00,2025-07-19 03:45:00+00:00,SBEAN_BESS,44.65
2025-07-18T22:45:00-05:00,2025-07-19 03:45:00+00:00,2025-07-18T23:00:00-05:00,2025-07-19 04:00:00+00:00,SBEAN_BESS,43.01
2025-07-18T23:00:00-05:00,2025-07-19 04:00:00+00:00,2025-07-18T23:15:00-05:00,2025-07-19 04:15:00+00:00,SBEAN_BESS,43.33
2025-07-18T23:15:00-05:00,2025-07-19 04:15:00+00:00,2025-07-18T23:30:00-05:00,2025-07-19 04:30:00+00:00,SBEAN_BESS,42.95
2025-07-18T23:30:00-05:00,2025-07-19 04:30:00+00:00,2025-07-18T23:45:00-05:00,2025-07-19 04:45:00+00:00,SBEAN_BESS,45.66
2025-07-18T23:45:00-05:00,2025-07-19 04:45:00+00:00,2025-07-19T00:00:00-05:00,2025-07-19 05:00:00+00:00,SBEAN_BESS,50.51
2025-07-19T00:00:00-05:00,2025-07-19 05:00:00+00:00,2025-07-19T00:15:00-05:00,2025-07-19 05:15:00+00:00,SBEAN_BESS,57.5
2025-07-19T00:15:00-05:00,2025-07-19 05:15:00+00:00,2025-07-19T00:30:00-05:00,2025-07-19 05:30:00+00:00,SBEAN_BESS,59.01
2025-07-19T00:30:00-05:00,2025-07-19 05:30:00+00:00,2025-07-19T00:45:00-05:00,2025-07-19 05:45:00+00:00,SBEAN_BESS,58.66
2025-07-19T00:45:00-05:00,2025-07-19 05:45:00+00:00,2025-07-19T01:00:00-05:00,2025-07-19 06:00:00+00:00,SBEAN_BESS,59.06
2025-07-19T01:00:00-05:00,2025-07-19 06:00:00+00:00,2025-07-19T01:15:00-05:00,2025-07-19 06:15:00+00:00,SBEAN_BESS,60.78
2025-07-19T01:15:00-05:00,2025-07-19 06:15:00+00:00,2025-07-19T01:30:00-05:00,2025-07-19 06:30:00+00:00,SBEAN_BESS,60.58
2025-07-19T01:30:00-05:00,2025-07-19 06:30:00+00:00,2025-07-19T01:45:00-05:00,2025-07-19 06:45:00+00:00,SBEAN_BESS,59.97
2025-07-19T01:45:00-05:00,2025-07-19 06:45:00+00:00,2025-07-19T02:00:00-05:00,2025-07-19 07:00:00+00:00,SBEAN_BESS,59.91
2025-07-19T02:00:00-05:00,2025-07-19 07:00:00+00:00,2025-07-19T02:15:00-05:00,2025-07-19 07:15:00+00:00,SBEAN_BESS,60.13
2025-07-19T02:15:00-05:00,2025-07-19 07:15:00+00:00,2025-07-19T02:30:00-05:00,2025-07-19 07:30:00+00:00,SBEAN_BESS,60.45
2025-07-19T02:30:00-05:00,2025-07-19 07:30:00+00:00,2025-07-19T02:45:00-05:00,2025-07-19 07:45:00+00:00,SBEAN_BESS,61.5
2025-07-19T02:45:00-05:00,2025-07-19 07:45:00+00:00,2025-07-19T03:00:00-05:00,2025-07-19 08:00:00+00:00,SBEAN_BESS,58.23
2025-07-19T03:00:00-05:00,2025-07-19 08:00:00+00:00,2025-07-19T03:15:00-05:00,2025-07-19 08:15:00+00:00,SBEAN_BESS,43.47
2025-07-19T03:15:00-05:00,2025-07-19 08:15:00+00:00,2025-07-19T03:30:00-05:00,2025-07-19 08:30:00+00:00,SBEAN_BESS,38.74
2025-07-19T03:30:00-05:00,2025-07-19 08:30:00+00:00,2025-07-19T03:45:00-05:00,2025-07-19 08:45:00+00:00,SBEAN_BESS,38.31
2025-07-19T03:45:00-05:00,2025-07-19 08:45:00+00:00,2025-07-19T04:00:00-05:00,2025-07-19 09:00:00+00:00,SBEAN_BESS,36.52
2025-07-19T04:00:00-05:00,2025-07-19 09:00:00+00:00,2025-07-19T04:15:00-05:00,2025-07-19 09:15:00+00:00,SBEAN_BESS,35.88
2025-07-19T04:15:00-05:00,2025-07-19 09:15:00+00:00,2025-07-19T04:30:00-05:00,2025-07-19 09:30:00+00:00,SBEAN_BESS,35.8
2025-07-19T04:30:00-05:00,2025-07-19 09:30:00+00:00,2025-07-19T04:45:00-05:00,2025-07-19 09:45:00+00:00,SBEAN_BESS,34.27
2025-07-19T04:45:00-05:00,2025-07-19 09:45:00+00:00,2025-07-19T05:00:00-05:00,2025-07-19 10:00:00+00:00,SBEAN_BESS,27.76
2025-07-19T05:00:00-05:00,2025-07-19 10:00:00+00:00,2025-07-19T05:15:00-05:00,2025-07-19 10:15:00+00:00,SBEAN_BESS,28.71
2025-07-19T05:15:00-05:00,2025-07-19 10:15:00+00:00,2025-07-19T05:30:00-05:00,2025-07-19 10:30:00+00:00,SBEAN_BESS,31.17
2025-07-19T05:30:00-05:00,2025-07-19 10:30:00+00:00,2025-07-19T05:45:00-05:00,2025-07-19 10:45:00+00:00,SBEAN_BESS,31.75
2025-07-19T05:45:00-05:00,2025-07-19 10:45:00+00:00,2025-07-19T06:00:00-05:00,2025-07-19 11:00:00+00:00,SBEAN_BESS,31.92
2025-07-19T06:00:00-05:00,2025-07-19 11:00:00+00:00,2025-07-19T06:15:00-05:00,2025-07-19 11:15:00+00:00,SBEAN_BESS,28.55
2025-07-19T06:15:00-05:00,2025-07-19 11:15:00+00:00,2025-07-19T06:30:00-05:00,2025-07-19 11:30:00+00:00,SBEAN_BESS,27.4
2025-07-19T06:30:00-05:00,2025-07-19 11:30:00+00:00,2025-07-19T06:45:00-05:00,2025-07-19 11:45:00+00:00,SBEAN_BESS,22.15
2025-07-19T06:45:00-05:00,2025-07-19 11:45:00+00:00,2025-07-19T07:00:00-05:00,2025-07-19 12:00:00+00:00,SBEAN_BESS,21.75
2025-07-19T07:00:00-05:00,2025-07-19 12:00:00+00:00,2025-07-19T07:15:00-05:00,2025-07-19 12:15:00+00:00,SBEAN_BESS,20.73
2025-07-19T07:15:00-05:00,2025-07-19 12:15:00+00:00,2025-07-19T07:30:00-05:00,2025-07-19 12:30:00+00:00,SBEAN_BESS,18.55
2025-07-19T07:30:00-05:00,2025-07-19 12:30:00+00:00,2025-07-19T07:45:00-05:00,2025-07-19 12:45:00+00:00,SBEAN_BESS,17.2
2025-07-19T07:45:00-05:00,2025-07-19 12:45:00+00:00,2025-07-19T08:00:00-05:00,2025-07-19 13:00:00+00:00,SBEAN_BESS,17.14
2025-07-19T08:00:00-05:00,2025-07-19 13:00:00+00:00,2025-07-19T08:15:00-05:00,2025-07-19 13:15:00+00:00,SBEAN_BESS,17.91
2025-07-19T08:15:00-05:00,2025-07-19 13:15:00+00:00,2025-07-19T08:30:00-05:00,2025-07-19 13:30:00+00:00,SBEAN_BESS,16.12
2025-07-19T08:30:00-05:00,2025-07-19 13:30:00+00:00,2025-07-19T08:45:00-05:00,2025-07-19 13:45:00+00:00,SBEAN_BESS,11.37
2025-07-19T08:45:00-05:00,2025-07-19 13:45:00+00:00,2025-07-19T09:00:00-05:00,2025-07-19 14:00:00+00:00,SBEAN_BESS,7.09
2025-07-19T09:00:00-05:00,2025-07-19 14:00:00+00:00,2025-07-19T09:15:00-05:00,2025-07-19 14:15:00+00:00,SBEAN_BESS,1.97
2025-07-19T09:15:00-05:00,2025-07-19 14:15:00+00:00,2025-07-19T09:30:00-05:00,2025-07-19 14:30:00+00:00,SBEAN_BESS,0.46
2025-07-19T09:30:00-05:00,2025-07-19 14:30:00+00:00,2025-07-19T09:45:00-05:00,2025-07-19 14:45:00+00:00,SBEAN_BESS,-0.18
2025-07-19T09:45:00-05:00,2025-07-19 14:45:00+00:00,2025-07-19T10:00:00-05:00,2025-07-19 15:00:00+00:00,SBEAN_BESS,-0.05
2025-07-19T10:00:00-05:00,2025-07-19 15:00:00+00:00,2025-07-19T10:15:00-05:00,2025-07-19 15:15:00+00:00,SBEAN_BESS,-0.13
2025-07-19T10:15:00-05:00,2025-07-19 15:15:00+00:00,2025-07-19T10:30:00-05:00,2025-07-19 15:30:00+00:00,SBEAN_BESS,-0.17
2025-07-19T10:30:00-05:00,2025-07-19 15:30:00+00:00,2025-07-19T10:45:00-05:00,2025-07-19 15:45:00+00:00,SBEAN_BESS,-0.16
2025-07-19T10:45:00-05:00,2025-07-19 15:45:00+00:00,2025-07-19T11:00:00-05:00,2025-07-19 16:00:00+00:00,SBEAN_BESS,-0.16
2025-07-19T11:00:00-05:00,2025-07-19 16:00:00+00:00,2025-07-19T11:15:00-05:00,2025-07-19 16:15:00+00:00,SBEAN_BESS,0.03
2025-07-19T11:15:00-05:00,2025-07-19 16:15:00+00:00,2025-07-19T11:30:00-05:00,2025-07-19 16:30:00+00:00,SBEAN_BESS,0.0
2025-07-19T11:30:00-05:00,2025-07-19 16:30:00+00:00,2025-07-19T11:45:00-05:00,2025-07-19 16:45:00+00:00,SBEAN_BESS,0.17
2025-07-19T11:45:00-05:00,2025-07-19 16:45:00+00:00,2025-07-19T12:00:00-05:00,2025-07-19 17:00:00+00:00,SBEAN_BESS,0.43
2025-07-19T12:00:00-05:00,2025-07-19 17:00:00+00:00,2025-07-19T12:15:00-05:00,2025-07-19 17:15:00+00:00,SBEAN_BESS,0.48
2025-07-19T12:15:00-05:00,2025-07-19 17:15:00+00:00,2025-07-19T12:30:00-05:00,2025-07-19 17:30:00+00:00,SBEAN_BESS,0.87
2025-07-19T12:30:00-05:00,2025-07-19 17:30:00+00:00,2025-07-19T12:45:00-05:00,2025-07-19 17:45:00+00:00,SBEAN_BESS,1.62
2025-07-19T12:45:00-05:00,2025-07-19 17:45:00+00:00,2025-07-19T13:00:00-05:00,2025-07-19 18:00:00+00:00,SBEAN_BESS,4.25
2025-07-19T13:00:00-05:00,2025-07-19 18:00:00+00:00,2025-07-19T13:15:00-05:00,2025-07-19 18:15:00+00:00,SBEAN_BESS,7.97
2025-07-19T13:15:00-05:00,2025-07-19 18:15:00+00:00,2025-07-19T13:30:00-05:00,2025-07-19 18:30:00+00:00,SBEAN_BESS,14.28
2025-07-19T13:30:00-05:00,2025-07-19 18:30:00+00:00,2025-07-19T13:45:00-05:00,2025-07-19 18:45:00+00:00,SBEAN_BESS,13.9
2025-07-19T13:45:00-05:00,2025-07-19 18:45:00+00:00,2025-07-19T14:00:00-05:00,2025-07-19 19:00:00+00:00,SBEAN_BESS,15.36
2025-07-19T14:00:00-05:00,2025-07-19 19:00:00+00:00,2025-07-19T14:15:00-05:00,2025-07-19 19:15:00+00:00,SBEAN_BESS,15.94
2025-07-19T14:15:00-05:00,2025-07-19 19:15:00+00:00,2025-07-19T14:30:00-05:00,2025-07-19 19:30:00+00:00,SBEAN_BESS,16.94
2025-07-19T14:30:00-05:00,2025-07-19 19:30:00+00:00,2025-07-19T14:45:00-05:00,2025-07-19 19:45:00+00:00,SBEAN_BESS,17.1
2025-07-19T14:45:00-05:00,2025-07-19 19:45:00+00:00,2025-07-19T15:00:00-05:00,2025-07-19 20:00:00+00:00,SBEAN_BESS,19.49
2025-07-19T15:00:00-05:00,2025-07-19 20:00:00+00:00,2025-07-19T15:15:00-05:00,2025-07-19 20:15:00+00:00,SBEAN_BESS,20.33
2025-07-19T15:15:00-05:00,2025-07-19 20:15:00+00:00,2025-07-19T15:30:00-05:00,2025-07-19 20:30:00+00:00,SBEAN_BESS,22.0
2025-07-19T15:30:00-05:00,2025-07-19 20:30:00+00:00,2025-07-19T15:45:00-05:00,2025-07-19 20:45:00+00:00,SBEAN_BESS,22.71
2025-07-19T15:45:00-05:00,2025-07-19 20:45:00+00:00,2025-07-19T16:00:00-05:00,2025-07-19 21:00:00+00:00,SBEAN_BESS,23.69
2025-07-19T16:00:00-05:00,2025-07-19 21:00:00+00:00,2025-07-19T16:15:00-05:00,2025-07-19 21:15:00+00:00,SBEAN_BESS,24.03
2025-07-19T16:15:00-05:00,2025-07-19 21:15:00+00:00,2025-07-19T16:30:00-05:00,2025-07-19 21:30:00+00:00,SBEAN_BESS,19.52
2025-07-19T16:30:00-05:00,2025-07-19 21:30:00+00:00,2025-07-19T16:45:00-05:00,2025-07-19 21:45:00+00:00,SBEAN_BESS,18.18
2025-07-19T16:45:00-05:00,2025-07-19 21:45:00+00:00,2025-07-19T17:00:00-05:00,2025-07-19 22:00:00+00:00,SBEAN_BESS,16.11
2025-07-19T17:00:00-05:00,2025-07-19 22:00:00+00:00,2025-07-19T17:15:00-05:00,2025-07-19 22:15:00+00:00,SBEAN_BESS,13.22
2025-07-19T17:15:00-05:00,2025-07-19 22:15:00+00:00,2025-07-19T17:30:00-05:00,2025-07-19 22:30:00+00:00,SBEAN_BESS,12.89
2025-07-19T17:30:00-05:00,2025-07-19 22:30:00+00:00,2025-07-19T17:45:00-05:00,2025-07-19 22:45:00+00:00,SBEAN_BESS,10.14
2025-07-19T17:45:00-05:00,2025-07-19 22:45:00+00:00,2025-07-19T18:00:00-05:00,2025-07-19 23:00:00+00:00,SBEAN_BESS,10.78
2025-07-19T18:00:00-05:00,2025-07-19 23:00:00+00:00,2025-07-19T18:15:00-05:00,2025-07-19 23:15:00+00:00,SBEAN_BESS,4.41
2025-07-19T18:15:00-05:00,2025-07-19 23:15:00+00:00,2025-07-19T18:30:00-05:00,2025-07-19 23:30:00+00:00,SBEAN_BESS,1.42
2025-07-19T18:30:00-05:00,2025-07-19 23:30:00+00:00,2025-07-19T18:45:00-05:00,2025-07-19 23:45:00+00:00,SBEAN_BESS,1.3
2025-07-19T18:45:00-05:00,2025-07-19 23:45:00+00:00,2025-07-19T19:00:00-05:00,2025-07-20 00:00:00+00:00,SBEAN_BESS,1.66
2025-07-19T19:00:00-05:00,2025-07-20 00:00:00+00:00,2025-07-19T19:15:00-05:00,2025-07-20 00:15:00+00:00,SBEAN_BESS,3.02
2025-07-19T19:15:00-05:00,2025-07-20 00:15:00+00:00,2025-07-19T19:30:00-05:00,2025-07-20 00:30:00+00:00,SBEAN_BESS,5.74
2025-07-19T19:30:00-05:00,2025-07-20 00:30:00+00:00,2025-07-19T19:45:00-05:00,2025-07-20 00:45:00+00:00,SBEAN_BESS,19.99
2025-07-19T19:45:00-05:00,2025-07-20 00:45:00+00:00,2025-07-19T20:00:00-05:00,2025-07-20 01:00:00+00:00,SBEAN_BESS,32.91
2025-07-19T20:00:00-05:00,2025-07-20 01:00:00+00:00,2025-07-19T20:15:00-05:00,2025-07-20 01:15:00+00:00,SBEAN_BESS,35.46
2025-07-19T20:15:00-05:00,2025-07-20 01:15:00+00:00,2025-07-19T20:30:00-05:00,2025-07-20 01:30:00+00:00,SBEAN_BESS,43.62
2025-07-19T20:30:00-05:00,2025-07-20 01:30:00+00:00,2025-07-19T20:45:00-05:00,2025-07-20 01:45:00+00:00,SBEAN_BESS,49.22
2025-07-19T20:45:00-05:00,2025-07-20 01:45:00+00:00,2025-07-19T21:00:00-05:00,2025-07-20 02:00:00+00:00,SBEAN_BESS,52.72
2025-07-19T21:00:00-05:00,2025-07-20 02:00:00+00:00,2025-07-19T21:15:00-05:00,2025-07-20 02:15:00+00:00,SBEAN_BESS,54.98
2025-07-19T21:15:00-05:00,2025-07-20 02:15:00+00:00,2025-07-19T21:30:00-05:00,2025-07-20 02:30:00+00:00,SBEAN_BESS,51.48
2025-07-19T21:30:00-05:00,2025-07-20 02:30:00+00:00,2025-07-19T21:45:00-05:00,2025-07-20 02:45:00+00:00,SBEAN_BESS,49.37
2025-07-19T21:45:00-05:00,2025-07-20 02:45:00+00:00,2025-07-19T22:00:00-05:00,2025-07-20 03:00:00+00:00,SBEAN_BESS,48.56
2025-07-19T22:00:00-05:00,2025-07-20 03:00:00+00:00,2025-07-19T22:15:00-05:00,2025-07-20 03:15:00+00:00,SBEAN_BESS,48.45
2025-07-19T22:15:00-05:00,2025-07-20 03:15:00+00:00,2025-07-19T22:30:00-05:00,2025-07-20 03:30:00+00:00,SBEAN_BESS,46.96
2025-07-19T22:30:00-05:00,2025-07-20 03:30:00+00:00,2025-07-19T22:45:00-05:00,2025-07-20 03:45:00+00:00,SBEAN_BESS,47.24
2025-07-19T22:45:00-05:00,2025-07-20 03:45:00+00:00,2025-07-19T23:00:00-05:00,2025-07-20 04:00:00+00:00,SBEAN_BESS,48.27
2025-07-19T23:00:00-05:00,2025-07-20 04:00:00+00:00,2025-07-19T23:15:00-05:00,2025-07-20 04:15:00+00:00,SBEAN_BESS,49.04
2025-07-19T23:15:00-05:00,2025-07-20 04:15:00+00:00,2025-07-19T23:30:00-05:00,2025-07-20 04:30:00+00:00,SBEAN_BESS,49.47
2025-07-19T23:30:00-05:00,2025-07-20 04:30:00+00:00,2025-07-19T23:45:00-05:00,2025-07-20 04:45:00+00:00,SBEAN_BESS,51.21
2025-07-19T23:45:00-05:00,2025-07-20 04:45:00+00:00,2025-07-20T00:00:00-05:00,2025-07-20 05:00:00+00:00,SBEAN_BESS,43.81
