interval_start_local,interval_start_utc,interval_end_local,interval_end_utc,location,spp
2025-01-05T00:00:00-06:00,2025-01-05 06:00:00+00:00,2025-01-05T00:15:00-06:00,2025-01-05 06:15:00+00:00,SBEAN_BESS,-29.65
2025-01-05T00:15:00-06:00,2025-01-05 06:15:00+00:00,2025-01-05T00:30:00-06:00,2025-01-05 06:30:00+00:00,SBEAN_BESS,-27.46
2025-01-05T00:30:00-06:00,2025-01-05 06:30:00+00:00,2025-01-05T00:45:00-06:00,2025-01-05 06:45:00+00:00,SBEAN_BESS,-25.62
2025-01-05T00:45:00-06:00,2025-01-05 06:45:00+00:00,2025-01-05T01:00:00-06:00,2025-01-05 07:00:00+00:00,SBEAN_BESS,-25.56
2025-01-05T01:00:00-06:00,2025-01-05 07:00:00+00:00,2025-01-05T01:15:00-06:00,2025-01-05 07:15:00+00:00,SBEAN_BESS,-25.54
2025-01-05T01:15:00-06:00,2025-01-05 07:15:00+00:00,2025-01-05T01:30:00-06:00,2025-01-05 07:30:00+00:00,SBEAN_BESS,-26.12
2025-01-05T01:30:00-06:00,2025-01-05 07:30:00+00:00,2025-01-05T01:45:00-06:00,2025-01-05 07:45:00+00:00,SBEAN_BESS,-24.38
2025-01-05T01:45:00-06:00,2025-01-05 07:45:00+00:00,2025-01-05T02:00:00-06:00,2025-01-05 08:00:00+00:00,SBEAN_BESS,-19.58
2025-01-05T02:00:00-06:00,2025-01-05 08:00:00+00:00,2025-01-05T02:15:00-06:00,2025-01-05 08:15:00+00:00,SBEAN_BESS,-6.29
2025-01-05T02:15:00-06:00,2025-01-05 08:15:00+00:00,2025-01-05T02:30:00-06:00,2025-01-05 08:30:00+00:00,SBEAN_BESS,3.71
2025-01-05T02:30:00-06:00,2025-01-05 08:30:00+00:00,2025-01-05T02:45:00-06:00,2025-01-05 08:45:00+00:00,SBEAN_BESS,1.29
2025-01-05T02:45:00-06:00,2025-01-05 08:45:00+00:00,2025-01-05T03:00:00-06:00,2025-01-05 09:00:00+00:00,SBEAN_BESS,1.26
2025-01-05T03:00:00-06:00,2025-01-05 09:00:00+00:00,2025-01-05T03:15:00-06:00,2025-01-05 09:15:00+00:00,SBEAN_BESS,12.31
2025-01-05T03:15:00-06:00,2025-01-05 09:15:00+00:00,2025-01-05T03:30:00-06:00,2025-01-05 09:30:00+00:00,SBEAN_BESS,14.69
2025-01-05T03:30:00-06:00,2025-01-05 09:30:00+00:00,2025-01-05T03:45:00-06:00,2025-01-05 09:45:00+00:00,SBEAN_BESS,13.12
2025-01-05T03:45:00-06:00,2025-01-05 09:45:00+00:00,2025-01-05T04:00:00-06:00,2025-01-05 10:00:00+00:00,SBEAN_BESS,6.71
2025-01-05T04:00:00-06:00,2025-01-05 10:00:00+00:00,2025-01-05T04:15:00-06:00,2025-01-05 10:15:00+00:00,SBEAN_BESS,-0.47
2025-01-05T04:15:00-06:00,2025-01-05 10:15:00+00:00,2025-01-05T04:30:00-06:00,2025-01-05 10:30:00+00:00,SBEAN_BESS,-21.12
2025-01-05T04:30:00-06:00,2025-01-05 10:30:00+00:00,2025-01-05T04:45:00-06:00,2025-01-05 10:45:00+00:00,SBEAN_BESS,-28.17
2025-01-05T04:45:00-06:00,2025-01-05 10:45:00+00:00,2025-01-05T05:00:00-06:00,2025-01-05 11:00:00+00:00,SBEAN_BESS,-28.22
2025-01-05T05:00:00-06:00,2025-01-05 11:00:00+00:00,2025-01-05T05:15:00-06:00,2025-01-05 11:15:00+00:00,SBEAN_BESS,-28.21
2025-01-05T05:15:00-06:00,2025-01-05 11:15:00+00:00,2025-01-05T05:30:00-06:00,2025-01-05 11:30:00+00:00,SBEAN_BESS,-28.14
2025-01-05T05:30:00-06:00,2025-01-05 11:30:00+00:00,2025-01-05T05:45:00-06:00,2025-01-05 11:45:00+00:00,SBEAN_BESS,-26.41
2025-01-05T05:45:00-06:00,2025-01-05 11:45:00+00:00,2025-01-05T06:00:00-06:00,2025-01-05 12:00:00+00:00,SBEAN_BESS,-16.87
2025-01-05T06:00:00-06:00,2025-01-05 12:00:00+00:00,2025-01-05T06:15:00-06:00,2025-01-05 12:15:00+00:00,SBEAN_BESS,2.75
2025-01-05T06:15:00-06:00,2025-01-05 12:15:00+00:00,2025-01-05T06:30:00-06:00,2025-01-05 12:30:00+00:00,SBEAN_BESS,7.71
2025-01-05T06:30:00-06:00,2025-01-05 12:30:00+00:00,2025-01-05T06:45:00-06:00,2025-01-05 12:45:00+00:00,SBEAN_BESS,5.74
2025-01-05T06:45:00-06:00,2025-01-05 12:45:00+00:00,2025-01-05T07:00:00-06:00,2025-01-05 13:00:00+00:00,SBEAN_BESS,8.07
2025-01-05T07:00:00-06:00,2025-01-05 13:00:00+00:00,2025-01-05T07:15:00-06:00,2025-01-05 13:15:00+00:00,SBEAN_BESS,2.28
2025-01-05T07:15:00-06:00,2025-01-05 13:15:00+00:00,2025-01-05T07:30:00-06:00,2025-01-05 13:30:00+00:00,SBEAN_BESS,-0.78
2025-01-05T07:30:00-06:00,2025-01-05 13:30:00+00:00,2025-01-05T07:45:00-06:00,2025-01-05 13:45:00+00:00,SBEAN_BESS,-1.84
2025-01-05T07:45:00-06:00,2025-01-05 13:45:00+00:00,2025-01-05T08:00:00-06:00,2025-01-05 14:00:00+00:00,SBEAN_BESS,-5.85
2025-01-05T08:00:00-06:00,2025-01-05 14:00:00+00:00,2025-01-05T08:15:00-06:00,2025-01-05 14:15:00+00:00,SBEAN_BESS,5.11
2025-01-05T08:15:00-06:00,2025-01-05 14:15:00+00:00,2025-01-05T08:30:00-06:00,2025-01-05 14:30:00+00:00,SBEAN_BESS,6.08
2025-01-05T08:30:00-06:00,2025-01-05 14:30:00+00:00,2025-01-05T08:45:00-06:00,2025-01-05 14:45:00+00:00,SBEAN_BESS,0.23
2025-01-05T08:45:00-06:00,2025-01-05 14:45:00+00:00,2025-01-05T09:00:00-06:00,2025-01-05 15:00:00+00:00,SBEAN_BESS,-2.98
2025-01-05T09:00:00-06:00,2025-01-05 15:00:00+00:00,2025-01-05T09:15:00-06:00,2025-01-05 15:15:00+00:00,SBEAN_BESS,-6.67
2025-01-05T09:15:00-06:00,2025-01-05 15:15:00+00:00,2025-01-05T09:30:00-06:00,2025-01-05 15:30:00+00:00,SBEAN_BESS,-10.55
2025-01-05T09:30:00-06:00,2025-01-05 15:30:00+00:00,2025-01-05T09:45:00-06:00,2025-01-05 15:45:00+00:00,SBEAN_BESS,-21.76
2025-01-05T09:45:00-06:00,2025-01-05 15:45:00+00:00,2025-01-05T10:00:00-06:00,2025-01-05 16:00:00+00:00,SBEAN_BESS,-22.19
2025-01-05T10:00:00-06:00,2025-01-05 16:00:00+00:00,2025-01-05T10:15:00-06:00,2025-01-05 16:15:00+00:00,SBEAN_BESS,-14.99
2025-01-05T10:15:00-06:00,2025-01-05 16:15:00+00:00,2025-01-05T10:30:00-06:00,2025-01-05 16:30:00+00:00,SBEAN_BESS,-14.7
2025-01-05T10:30:00-06:00,2025-01-05 16:30:00+00:00,2025-01-05T10:45:00-06:00,2025-01-05 16:45:00+00:00,SBEAN_BESS,-12.7
2025-01-05T10:45:00-06:00,2025-01-05 16:45:00+00:00,2025-01-05T11:00:00-06:00,2025-01-05 17:00:00+00:00,SBEAN_BESS,-4.49
2025-01-05T11:00:00-06:00,2025-01-05 17:00:00+00:00,2025-01-05T11:15:00-06:00,2025-01-05 17:15:00+00:00,SBEAN_BESS,-4.44
2025-01-05T11:15:00-06:00,2025-01-05 17:15:00+00:00,2025-01-05T11:30:00-06:00,2025-01-05 17:30:00+00:00,SBEAN_BESS,-4.08
2025-01-05T11:30:00-06:00,2025-01-05 17:30:00+00:00,2025-01-05T11:45:00-06:00,2025-01-05 17:45:00+00:00,SBEAN_BESS,-3.81
2025-01-05T11:45:00-06:00,2025-01-05 17:45:00+00:00,2025-01-05T12:00:00-06:00,2025-01-05 18:00:00+00:00,SBEAN_BESS,-2.94
2025-01-05T12:00:00-06:00,2025-01-05 18:00:00+00:00,2025-01-05T12:15:00-06:00,2025-01-05 18:15:00+00:00,SBEAN_BESS,-5.07
2025-01-05T12:15:00-06:00,2025-01-05 18:15:00+00:00,2025-01-05T12:30:00-06:00,2025-01-05 18:30:00+00:00,SBEAN_BESS,-2.32
2025-01-05T12:30:00-06:00,2025-01-05 18:30:00+00:00,2025-01-05T12:45:00-06:00,2025-01-05 18:45:00+00:00,SBEAN_BESS,-2.45
2025-01-05T12:45:00-06:00,2025-01-05 18:45:00+00:00,2025-01-05T13:00:00-06:00,2025-01-05 19:00:00+00:00,SBEAN_BESS,-2.37
2025-01-05T13:00:00-06:00,2025-01-05 19:00:00+00:00,2025-01-05T13:15:00-06:00,2025-01-05 19:15:00+00:00,SBEAN_BESS,-2.03
2025-01-05T13:15:00-06:00,2025-01-05 19:15:00+00:00,2025-01-05T13:30:00-06:00,2025-01-05 19:30:00+00:00,SBEAN_BESS,-2.07
2025-01-05T13:30:00-06:00,2025-01-05 19:30:00+00:00,2025-01-05T13:45:00-06:00,2025-01-05 19:45:00+00:00,SBEAN_BESS,-2.1
2025-01-05T13:45:00-06:00,2025-01-05 19:45:00+00:00,2025-01-05T14:00:00-06:00,2025-01-05 20:00:00+00:00,SBEAN_BESS,-2.17
2025-01-05T14:00:00-06:00,2025-01-05 20:00:00+00:00,2025-01-05T14:15:00-06:00,2025-01-05 20:15:00+00:00,SBEAN_BESS,-2.1
2025-01-05T14:15:00-06:00,2025-01-05 20:15:00+00:00,2025-01-05T14:30:00-06:00,2025-01-05 20:30:00+00:00,SBEAN_BESS,-2.8
2025-01-05T14:30:00-06:00,2025-01-05 20:30:00+00:00,2025-01-05T14:45:00-06:00,2025-01-05 20:45:00+00:00,SBEAN_BESS,-2.09
2025-01-05T14:45:00-06:00,2025-01-05 20:45:00+00:00,2025-01-05T15:00:00-06:00,2025-01-05 21:00:00+00:00,SBEAN_BESS,-2.37
2025-01-05T15:00:00-06:00,2025-01-05 21:00:00+00:00,2025-01-05T15:15:00-06:00,2025-01-05 21:15:00+00:00,SBEAN_BESS,-3.16
2025-01-05T15:15:00-06:00,2025-01-05 21:15:00+00:00,2025-01-05T15:30:00-06:00,2025-01-05 21:30:00+00:00,SBEAN_BESS,-3.64
2025-01-05T15:30:00-06:00,2025-01-05 21:30:00+00:00,2025-01-05T15:45:00-06:00,2025-01-05 21:45:00+00:00,SBEAN_BESS,-3
2025-01-05T15:45:00-06:00,2025-01-05 21:45:00+00:00,2025-01-05T16:00:00-06:00,2025-01-05 22:00:00+00:00,SBEAN_BESS,-7.19
2025-01-05T16:00:00-06:00,2025-01-05 22:00:00+00:00,2025-01-05T16:15:00-06:00,2025-01-05 22:15:00+00:00,SBEAN_BESS,-8.32
2025-01-05T16:15:00-06:00,2025-01-05 22:15:00+00:00,2025-01-05T16:30:00-06:00,2025-01-05 22:30:00+00:00,SBEAN_BESS,-3.54
2025-01-05T16:30:00-06:00,2025-01-05 22:30:00+00:00,2025-01-05T16:45:00-06:00,2025-01-05 22:45:00+00:00,SBEAN_BESS,-3.19
2025-01-05T16:45:00-06:00,2025-01-05 22:45:00+00:00,2025-01-05T17:00:00-06:00,2025-01-05 23:00:00+00:00,SBEAN_BESS,-1.85
2025-01-05T17:00:00-06:00,2025-01-05 23:00:00+00:00,2025-01-05T17:15:00-06:00,2025-01-05 23:15:00+00:00,SBEAN_BESS,-1.12
2025-01-05T17:15:00-06:00,2025-01-05 23:15:00+00:00,2025-01-05T17:30:00-06:00,2025-01-05 23:30:00+00:00,SBEAN_BESS,0.69
2025-01-05T17:30:00-06:00,2025-01-05 23:30:00+00:00,2025-01-05T17:45:00-06:00,2025-01-05 23:45:00+00:00,SBEAN_BESS,17.19
2025-01-05T17:45:00-06:00,2025-01-05 23:45:00+00:00,2025-01-05T18:00:00-06:00,2025-01-06 00:00:00+00:00,SBEAN_BESS,18.37
2025-01-05T18:00:00-06:00,2025-01-06 00:00:00+00:00,2025-01-05T18:15:00-06:00,2025-01-06 00:15:00+00:00,SBEAN_BESS,18.71
2025-01-05T18:15:00-06:00,2025-01-06 00:15:00+00:00,2025-01-05T18:30:00-06:00,2025-01-06 00:30:00+00:00,SBEAN_BESS,25.9
2025-01-05T18:30:00-06:00,2025-01-06 00:30:00+00:00,2025-01-05T18:45:00-06:00,2025-01-06 00:45:00+00:00,SBEAN_BESS,45.31
2025-01-05T18:45:00-06:00,2025-01-06 00:45:00+00:00,2025-01-05T19:00:00-06:00,2025-01-06 01:00:00+00:00,SBEAN_BESS,48.64
2025-01-05T19:00:00-06:00,2025-01-06 01:00:00+00:00,2025-01-05T19:15:00-06:00,2025-01-06 01:15:00+00:00,SBEAN_BESS,50.17
2025-01-05T19:15:00-06:00,2025-01-06 01:15:00+00:00,2025-01-05T19:30:00-06:00,2025-01-06 01:30:00+00:00,SBEAN_BESS,48.63
2025-01-05T19:30:00-06:00,2025-01-06 01:30:00+00:00,2025-01-05T19:45:00-06:00,2025-01-06 01:45:00+00:00,SBEAN_BESS,48.61
2025-01-05T19:45:00-06:00,2025-01-06 01:45:00+00:00,2025-01-05T20:00:00-06:00,2025-01-06 02:00:00+00:00,SBEAN_BESS,48.62
2025-01-05T20:00:00-06:00,2025-01-06 02:00:00+00:00,2025-01-05T20:15:00-06:00,2025-01-06 02:15:00+00:00,SBEAN_BESS,17.74
2025-01-05T20:15:00-06:00,2025-01-06 02:15:00+00:00,2025-01-05T20:30:00-06:00,2025-01-06 02:30:00+00:00,SBEAN_BESS,17.86
2025-01-05T20:30:00-06:00,2025-01-06 02:30:00+00:00,2025-01-05T20:45:00-06:00,2025-01-06 02:45:00+00:00,SBEAN_BESS,17.66
2025-01-05T20:45:00-06:00,2025-01-06 02:45:00+00:00,2025-01-05T21:00:00-06:00,2025-01-06 03:00:00+00:00,SBEAN_BESS,17.96
2025-01-05T21:00:00-06:00,2025-01-06 03:00:00+00:00,2025-01-05T21:15:00-06:00,2025-01-06 03:15:00+00:00,SBEAN_BESS,17.66
2025-01-05T21:15:00-06:00,2025-01-06 03:15:00+00:00,2025-01-05T21:30:00-06:00,2025-01-06 03:30:00+00:00,SBEAN_BESS,17.99
2025-01-05T21:30:00-06:00,2025-01-06 03:30:00+00:00,2025-01-05T21:45:00-06:00,2025-01-06 03:45:00+00:00,SBEAN_BESS,19.74
2025-01-05T21:45:00-06:00,2025-01-06 03:45:00+00:00,2025-01-05T22:00:00-06:00,2025-01-06 04:00:00+00:00,SBEAN_BESS,26.78
2025-01-05T22:00:00-06:00,2025-01-06 04:00:00+00:00,2025-01-05T22:15:00-06:00,2025-01-06 04:15:00+00:00,SBEAN_BESS,23.75
2025-01-05T22:15:00-06:00,2025-01-06 04:15:00+00:00,2025-01-05T22:30:00-06:00,2025-01-06 04:30:00+00:00,SBEAN_BESS,21.66
2025-01-05T22:30:00-06:00,2025-01-06 04:30:00+00:00,2025-01-05T22:45:00-06:00,2025-01-06 04:45:00+00:00,SBEAN_BESS,20.33
2025-01-05T22:45:00-06:00,2025-01-06 04:45:00+00:00,2025-01-05T23:00:00-06:00,2025-01-06 05:00:00+00:00,SBEAN_BESS,20.65
2025-01-05T23:00:00-06:00,2025-01-06 05:00:00+00:00,2025-01-05T23:15:00-06:00,2025-01-06 05:15:00+00:00,SBEAN_BESS,20.32
2025-01-05T23:15:00-06:00,2025-01-06 05:15:00+00:00,2025-01-05T23:30:00-06:00,2025-01-06 05:30:00+00:00,SBEAN_BESS,20.8
2025-01-05T23:30:00-06:00,2025-01-06 05:30:00+00:00,2025-01-05T23:45:00-06:00,2025-01-06 05:45:00+00:00,SBEAN_BESS,22.06
2025-01-05T23:45:00-06:00,2025-01-06 05:45:00+00:00,2025-01-06T00:00:00-06:00,2025-01-06 06:00:00+00:00,SBEAN_BESS,33.96
2025-01-06T00:00:00-06:00,2025-01-06 06:00:00+00:00,2025-01-06T00:15:00-06:00,2025-01-06 06:15:00+00:00,SBEAN_BESS,39.92
2025-01-06T00:15:00-06:00,2025-01-06 06:15:00+00:00,2025-01-06T00:30:00-06:00,2025-01-06 06:30:00+00:00,SBEAN_BESS,30
2025-01-06T00:30:00-06:00,2025-01-06 06:30:00+00:00,2025-01-06T00:45:00-06:00,2025-01-06 06:45:00+00:00,SBEAN_BESS,43.38
2025-01-06T00:45:00-06:00,2025-01-06 06:45:00+00:00,2025-01-06T01:00:00-06:00,2025-01-06 07:00:00+00:00,SBEAN_BESS,47.6
2025-01-06T01:00:00-06:00,2025-01-06 07:00:00+00:00,2025-01-06T01:15:00-06:00,2025-01-06 07:15:00+00:00,SBEAN_BESS,45.54
2025-01-06T01:15:00-06:00,2025-01-06 07:15:00+00:00,2025-01-06T01:30:00-06:00,2025-01-06 07:30:00+00:00,SBEAN_BESS,44.76
2025-01-06T01:30:00-06:00,2025-01-06 07:30:00+00:00,2025-01-06T01:45:00-06:00,2025-01-06 07:45:00+00:00,SBEAN_BESS,45.16
2025-01-06T01:45:00-06:00,2025-01-06 07:45:00+00:00,2025-01-06T02:00:00-06:00,2025-01-06 08:00:00+00:00,SBEAN_BESS,44.85
2025-01-06T02:00:00-06:00,2025-01-06 08:00:00+00:00,2025-01-06T02:15:00-06:00,2025-01-06 08:15:00+00:00,SBEAN_BESS,45.51
2025-01-06T02:15:00-06:00,2025-01-06 08:15:00+00:00,2025-01-06T02:30:00-06:00,2025-01-06 08:30:00+00:00,SBEAN_BESS,49.49
2025-01-06T02:30:00-06:00,2025-01-06 08:30:00+00:00,2025-01-06T02:45:00-06:00,2025-01-06 08:45:00+00:00,SBEAN_BESS,55.48
2025-01-06T02:45:00-06:00,2025-01-06 08:45:00+00:00,2025-01-06T03:00:00-06:00,2025-01-06 09:00:00+00:00,SBEAN_BESS,61.29
2025-01-06T03:00:00-06:00,2025-01-06 09:00:00+00:00,2025-01-06T03:15:00-06:00,2025-01-06 09:15:00+00:00,SBEAN_BESS,62.73
2025-01-06T03:15:00-06:00,2025-01-06 09:15:00+00:00,2025-01-06T03:30:00-06:00,2025-01-06 09:30:00+00:00,SBEAN_BESS,62.69
2025-01-06T03:30:00-06:00,2025-01-06 09:30:00+00:00,2025-01-06T03:45:00-06:00,2025-01-06 09:45:00+00:00,SBEAN_BESS,62.02
2025-01-06T03:45:00-06:00,2025-01-06 09:45:00+00:00,2025-01-06T04:00:00-06:00,2025-01-06 10:00:00+00:00,SBEAN_BESS,68.49
2025-01-06T04:00:00-06:00,2025-01-06 10:00:00+00:00,2025-01-06T04:15:00-06:00,2025-01-06 10:15:00+00:00,SBEAN_BESS,76.23
2025-01-06T04:15:00-06:00,2025-01-06 10:15:00+00:00,2025-01-06T04:30:00-06:00,2025-01-06 10:30:00+00:00,SBEAN_BESS,75.79
2025-01-06T04:30:00-06:00,2025-01-06 10:30:00+00:00,2025-01-06T04:45:00-06:00,2025-01-06 10:45:00+00:00,SBEAN_BESS,78.18
2025-01-06T04:45:00-06:00,2025-01-06 10:45:00+00:00,2025-01-06T05:00:00-06:00,2025-01-06 11:00:00+00:00,SBEAN_BESS,83.29
2025-01-06T05:00:00-06:00,2025-01-06 11:00:00+00:00,2025-01-06T05:15:00-06:00,2025-01-06 11:15:00+00:00,SBEAN_BESS,62.07
2025-01-06T05:15:00-06:00,2025-01-06 11:15:00+00:00,2025-01-06T05:30:00-06:00,2025-01-06 11:30:00+00:00,SBEAN_BESS,64.58
2025-01-06T05:30:00-06:00,2025-01-06 11:30:00+00:00,2025-01-06T05:45:00-06:00,2025-01-06 11:45:00+00:00,SBEAN_BESS,73.63
2025-01-06T05:45:00-06:00,2025-01-06 11:45:00+00:00,2025-01-06T06:00:00-06:00,2025-01-06 12:00:00+00:00,SBEAN_BESS,69.95
2025-01-06T06:00:00-06:00,2025-01-06 12:00:00+00:00,2025-01-06T06:15:00-06:00,2025-01-06 12:15:00+00:00,SBEAN_BESS,62.37
2025-01-06T06:15:00-06:00,2025-01-06 12:15:00+00:00,2025-01-06T06:30:00-06:00,2025-01-06 12:30:00+00:00,SBEAN_BESS,59.51
2025-01-06T06:30:00-06:00,2025-01-06 12:30:00+00:00,2025-01-06T06:45:00-06:00,2025-01-06 12:45:00+00:00,SBEAN_BESS,60.06
2025-01-06T06:45:00-06:00,2025-01-06 12:45:00+00:00,2025-01-06T07:00:00-06:00,2025-01-06 13:00:00+00:00,SBEAN_BESS,52.68
2025-01-06T07:00:00-06:00,2025-01-06 13:00:00+00:00,2025-01-06T07:15:00-06:00,2025-01-06 13:15:00+00:00,SBEAN_BESS,46.12
2025-01-06T07:15:00-06:00,2025-01-06 13:15:00+00:00,2025-01-06T07:30:00-06:00,2025-01-06 13:30:00+00:00,SBEAN_BESS,44.43
2025-01-06T07:30:00-06:00,2025-01-06 13:30:00+00:00,2025-01-06T07:45:00-06:00,2025-01-06 13:45:00+00:00,SBEAN_BESS,39.95
2025-01-06T07:45:00-06:00,2025-01-06 13:45:00+00:00,2025-01-06T08:00:00-06:00,2025-01-06 14:00:00+00:00,SBEAN_BESS,37.92
2025-01-06T08:00:00-06:00,2025-01-06 14:00:00+00:00,2025-01-06T08:15:00-06:00,2025-01-06 14:15:00+00:00,SBEAN_BESS,39.63
2025-01-06T08:15:00-06:00,2025-01-06 14:15:00+00:00,2025-01-06T08:30:00-06:00,2025-01-06 14:30:00+00:00,SBEAN_BESS,31.87
2025-01-06T08:30:00-06:00,2025-01-06 14:30:00+00:00,2025-01-06T08:45:00-06:00,2025-01-06 14:45:00+00:00,SBEAN_BESS,25.23
2025-01-06T08:45:00-06:00,2025-01-06 14:45:00+00:00,2025-01-06T09:00:00-06:00,2025-01-06 15:00:00+00:00,SBEAN_BESS,19.04
2025-01-06T09:00:00-06:00,2025-01-06 15:00:00+00:00,2025-01-06T09:15:00-06:00,2025-01-06 15:15:00+00:00,SBEAN_BESS,19.75
2025-01-06T09:15:00-06:00,2025-01-06 15:15:00+00:00,2025-01-06T09:30:00-06:00,2025-01-06 15:30:00+00:00,SBEAN_BESS,18.39
2025-01-06T09:30:00-06:00,2025-01-06 15:30:00+00:00,2025-01-06T09:45:00-06:00,2025-01-06 15:45:00+00:00,SBEAN_BESS,18.22
2025-01-06T09:45:00-06:00,2025-01-06 15:45:00+00:00,2025-01-06T10:00:00-06:00,2025-01-06 16:00:00+00:00,SBEAN_BESS,19.32
2025-01-06T10:00:00-06:00,2025-01-06 16:00:00+00:00,2025-01-06T10:15:00-06:00,2025-01-06 16:15:00+00:00,SBEAN_BESS,19.63
2025-01-06T10:15:00-06:00,2025-01-06 16:15:00+00:00,2025-01-06T10:30:00-06:00,2025-01-06 16:30:00+00:00,SBEAN_BESS,21.2
2025-01-06T10:30:00-06:00,2025-01-06 16:30:00+00:00,2025-01-06T10:45:00-06:00,2025-01-06 16:45:00+00:00,SBEAN_BESS,22.7
2025-01-06T10:45:00-06:00,2025-01-06 16:45:00+00:00,2025-01-06T11:00:00-06:00,2025-01-06 17:00:00+00:00,SBEAN_BESS,22.85
2025-01-06T11:00:00-06:00,2025-01-06 17:00:00+00:00,2025-01-06T11:15:00-06:00,2025-01-06 17:15:00+00:00,SBEAN_BESS,24.05
2025-01-06T11:15:00-06:00,2025-01-06 17:15:00+00:00,2025-01-06T11:30:00-06:00,2025-01-06 17:30:00+00:00,SBEAN_BESS,24.02
2025-01-06T11:30:00-06:00,2025-01-06 17:30:00+00:00,2025-01-06T11:45:00-06:00,2025-01-06 17:45:00+00:00,SBEAN_BESS,23.37
2025-01-06T11:45:00-06:00,2025-01-06 17:45:00+00:00,2025-01-06T12:00:00-06:00,2025-01-06 18:00:00+00:00,SBEAN_BESS,23.24
2025-01-06T12:00:00-06:00,2025-01-06 18:00:00+00:00,2025-01-06T12:15:00-06:00,2025-01-06 18:15:00+00:00,SBEAN_BESS,22.68
2025-01-06T12:15:00-06:00,2025-01-06 18:15:00+00:00,2025-01-06T12:30:00-06:00,2025-01-06 18:30:00+00:00,SBEAN_BESS,22.19
2025-01-06T12:30:00-06:00,2025-01-06 18:30:00+00:00,2025-01-06T12:45:00-06:00,2025-01-06 18:45:00+00:00,SBEAN_BESS,23.58
2025-01-06T12:45:00-06:00,2025-01-06 18:45:00+00:00,2025-01-06T13:00:00-06:00,2025-01-06 19:00:00+00:00,SBEAN_BESS,23.34
2025-01-06T13:00:00-06:00,2025-01-06 19:00:00+00:00,2025-01-06T13:15:00-06:00,2025-01-06 19:15:00+00:00,SBEAN_BESS,23.06
2025-01-06T13:15:00-06:00,2025-01-06 19:15:00+00:00,2025-01-06T13:30:00-06:00,2025-01-06 19:30:00+00:00,SBEAN_BESS,23.46
2025-01-06T13:30:00-06:00,2025-01-06 19:30:00+00:00,2025-01-06T13:45:00-06:00,2025-01-06 19:45:00+00:00,SBEAN_BESS,22.12
2025-01-06T13:45:00-06:00,2025-01-06 19:45:00+00:00,2025-01-06T14:00:00-06:00,2025-01-06 20:00:00+00:00,SBEAN_BESS,19.81
2025-01-06T14:00:00-06:00,2025-01-06 20:00:00+00:00,2025-01-06T14:15:00-06:00,2025-01-06 20:15:00+00:00,SBEAN_BESS,19.01
2025-01-06T14:15:00-06:00,2025-01-06 20:15:00+00:00,2025-01-06T14:30:00-06:00,2025-01-06 20:30:00+00:00,SBEAN_BESS,18.66
2025-01-06T14:30:00-06:00,2025-01-06 20:30:00+00:00,2025-01-06T14:45:00-06:00,2025-01-06 20:45:00+00:00,SBEAN_BESS,20.72
2025-01-06T14:45:00-06:00,2025-01-06 20:45:00+00:00,2025-01-06T15:00:00-06:00,2025-01-06 21:00:00+00:00,SBEAN_BESS,18.52
2025-01-06T15:00:00-06:00,2025-01-06 21:00:00+00:00,2025-01-06T15:15:00-06:00,2025-01-06 21:15:00+00:00,SBEAN_BESS,17.34
2025-01-06T15:15:00-06:00,2025-01-06 21:15:00+00:00,2025-01-06T15:30:00-06:00,2025-01-06 21:30:00+00:00,SBEAN_BESS,17.07
2025-01-06T15:30:00-06:00,2025-01-06 21:30:00+00:00,2025-01-06T15:45:00-06:00,2025-01-06 21:45:00+00:00,SBEAN_BESS,19.27
2025-01-06T15:45:00-06:00,2025-01-06 21:45:00+00:00,2025-01-06T16:00:00-06:00,2025-01-06 22:00:00+00:00,SBEAN_BESS,20.33
2025-01-06T16:00:00-06:00,2025-01-06 22:00:00+00:00,2025-01-06T16:15:00-06:00,2025-01-06 22:15:00+00:00,SBEAN_BESS,24.26
2025-01-06T16:15:00-06:00,2025-01-06 22:15:00+00:00,2025-01-06T16:30:00-06:00,2025-01-06 22:30:00+00:00,SBEAN_BESS,25.85
2025-01-06T16:30:00-06:00,2025-01-06 22:30:00+00:00,2025-01-06T16:45:00-06:00,2025-01-06 22:45:00+00:00,SBEAN_BESS,33.35
2025-01-06T16:45:00-06:00,2025-01-06 22:45:00+00:00,2025-01-06T17:00:00-06:00,2025-01-06 23:00:00+00:00,SBEAN_BESS,66.29
2025-01-06T17:00:00-06:00,2025-01-06 23:00:00+00:00,2025-01-06T17:15:00-06:00,2025-01-06 23:15:00+00:00,SBEAN_BESS,81.29
2025-01-06T17:15:00-06:00,2025-01-06 23:15:00+00:00,2025-01-06T17:30:00-06:00,2025-01-06 23:30:00+00:00,SBEAN_BESS,95.74
2025-01-06T17:30:00-06:00,2025-01-06 23:30:00+00:00,2025-01-06T17:45:00-06:00,2025-01-06 23:45:00+00:00,SBEAN_BESS,126.06
2025-01-06T17:45:00-06:00,2025-01-06 23:45:00+00:00,2025-01-06T18:00:00-06:00,2025-01-07 00:00:00+00:00,SBEAN_BESS,103.22
2025-01-06T18:00:00-06:00,2025-01-07 00:00:00+00:00,2025-01-06T18:15:00-06:00,2025-01-07 00:15:00+00:00,SBEAN_BESS,78.87
2025-01-06T18:15:00-06:00,2025-01-07 00:15:00+00:00,2025-01-06T18:30:00-06:00,2025-01-07 00:30:00+00:00,SBEAN_BESS,59.16
2025-01-06T18:30:00-06:00,2025-01-07 00:30:00+00:00,2025-01-06T18:45:00-06:00,2025-01-07 00:45:00+00:00,SBEAN_BESS,60.84
2025-01-06T18:45:00-06:00,2025-01-07 00:45:00+00:00,2025-01-06T19:00:00-06:00,2025-01-07 01:00:00+00:00,SBEAN_BESS,56.77
2025-01-06T19:00:00-06:00,2025-01-07 01:00:00+00:00,2025-01-06T19:15:00-06:00,2025-01-07 01:15:00+00:00,SBEAN_BESS,60.09
2025-01-06T19:15:00-06:00,2025-01-07 01:15:00+00:00,2025-01-06T19:30:00-06:00,2025-01-07 01:30:00+00:00,SBEAN_BESS,56.07
2025-01-06T19:30:00-06:00,2025-01-07 01:30:00+00:00,2025-01-06T19:45:00-06:00,2025-01-07 01:45:00+00:00,SBEAN_BESS,54.26
2025-01-06T19:45:00-06:00,2025-01-07 01:45:00+00:00,2025-01-06T20:00:00-06:00,2025-01-07 02:00:00+00:00,SBEAN_BESS,54.33
2025-01-06T20:00:00-06:00,2025-01-07 02:00:00+00:00,2025-01-06T20:15:00-06:00,2025-01-07 02:15:00+00:00,SBEAN_BESS,53.39
2025-01-06T20:15:00-06:00,2025-01-07 02:15:00+00:00,2025-01-06T20:30:00-06:00,2025-01-07 02:30:00+00:00,SBEAN_BESS,46.79
2025-01-06T20:30:00-06:00,2025-01-07 02:30:00+00:00,2025-01-06T20:45:00-06:00,2025-01-07 02:45:00+00:00,SBEAN_BESS,45.29
2025-01-06T20:45:00-06:00,2025-01-07 02:45:00+00:00,2025-01-06T21:00:00-06:00,2025-01-07 03:00:00+00:00,SBEAN_BESS,47.69
2025-01-06T21:00:00-06:00,2025-01-07 03:00:00+00:00,2025-01-06T21:15:00-06:00,2025-01-07 03:15:00+00:00,SBEAN_BESS,55.14
2025-01-06T21:15:00-06:00,2025-01-07 03:15:00+00:00,2025-01-06T21:30:00-06:00,2025-01-07 03:30:00+00:00,SBEAN_BESS,51.59
2025-01-06T21:30:00-06:00,2025-01-07 03:30:00+00:00,2025-01-06T21:45:00-06:00,2025-01-07 03:45:00+00:00,SBEAN_BESS,48.23
2025-01-06T21:45:00-06:00,2025-01-07 03:45:00+00:00,2025-01-06T22:00:00-06:00,2025-01-07 04:00:00+00:00,SBEAN_BESS,44
2025-01-06T22:00:00-06:00,2025-01-07 04:00:00+00:00,2025-01-06T22:15:00-06:00,2025-01-07 04:15:00+00:00,SBEAN_BESS,45.99
2025-01-06T22:15:00-06:00,2025-01-07 04:15:00+00:00,2025-01-06T22:30:00-06:00,2025-01-07 04:30:00+00:00,SBEAN_BESS,44.59
2025-01-06T22:30:00-06:00,2025-01-07 04:30:00+00:00,2025-01-06T22:45:00-06:00,2025-01-07 04:45:00+00:00,SBEAN_BESS,46.13
2025-01-06T22:45:00-06:00,2025-01-07 04:45:00+00:00,2025-01-06T23:00:00-06:00,2025-01-07 05:00:00+00:00,SBEAN_BESS,44.34
2025-01-06T23:00:00-06:00,2025-01-07 05:00:00+00:00,2025-01-06T23:15:00-06:00,2025-01-07 05:15:00+00:00,SBEAN_BESS,51.55
2025-01-06T23:15:00-06:00,2025-01-07 05:15:00+00:00,2025-01-06T23:30:00-06:00,2025-01-07 05:30:00+00:00,SBEAN_BESS,51.2
2025-01-06T23:30:00-06:00,2025-01-07 05:30:00+00:00,2025-01-06T23:45:00-06:00,2025-01-07 05:45:00+00:00,SBEAN_BESS,51.07
2025-01-06T23:45:00-06:00,2025-01-07 05:45:00+00:00,2025-01-07T00:00:00-06:00,2025-01-07 06:00:00+00:00,SBEAN_BESS,52.94
2025-01-07T00:00:00-06:00,2025-01-07 06:00:00+00:00,2025-01-07T00:15:00-06:00,2025-01-07 06:15:00+00:00,SBEAN_BESS,59.76
2025-01-07T00:15:00-06:00,2025-01-07 06:15:00+00:00,2025-01-07T00:30:00-06:00,2025-01-07 06:30:00+00:00,SBEAN_BESS,57.45
2025-01-07T00:30:00-06:00,2025-01-07 06:30:00+00:00,2025-01-07T00:45:00-06:00,2025-01-07 06:45:00+00:00,SBEAN_BESS,56.93
2025-01-07T00:45:00-06:00,2025-01-07 06:45:00+00:00,2025-01-07T01:00:00-06:00,2025-01-07 07:00:00+00:00,SBEAN_BESS,75.87
2025-01-07T01:00:00-06:00,2025-01-07 07:00:00+00:00,2025-01-07T01:15:00-06:00,2025-01-07 07:15:00+00:00,SBEAN_BESS,80.74
2025-01-07T01:15:00-06:00,2025-01-07 07:15:00+00:00,2025-01-07T01:30:00-06:00,2025-01-07 07:30:00+00:00,SBEAN_BESS,90.7
2025-01-07T01:30:00-06:00,2025-01-07 07:30:00+00:00,2025-01-07T01:45:00-06:00,2025-01-07 07:45:00+00:00,SBEAN_BESS,94.54
2025-01-07T01:45:00-06:00,2025-01-07 07:45:00+00:00,2025-01-07T02:00:00-06:00,2025-01-07 08:00:00+00:00,SBEAN_BESS,68.2
2025-01-07T02:00:00-06:00,2025-01-07 08:00:00+00:00,2025-01-07T02:15:00-06:00,2025-01-07 08:15:00+00:00,SBEAN_BESS,56.78
2025-01-07T02:15:00-06:00,2025-01-07 08:15:00+00:00,2025-01-07T02:30:00-06:00,2025-01-07 08:30:00+00:00,SBEAN_BESS,70.87
2025-01-07T02:30:00-06:00,2025-01-07 08:30:00+00:00,2025-01-07T02:45:00-06:00,2025-01-07 08:45:00+00:00,SBEAN_BESS,64.9
2025-01-07T02:45:00-06:00,2025-01-07 08:45:00+00:00,2025-01-07T03:00:00-06:00,2025-01-07 09:00:00+00:00,SBEAN_BESS,64.48
2025-01-07T03:00:00-06:00,2025-01-07 09:00:00+00:00,2025-01-07T03:15:00-06:00,2025-01-07 09:15:00+00:00,SBEAN_BESS,66.35
2025-01-07T03:15:00-06:00,2025-01-07 09:15:00+00:00,2025-01-07T03:30:00-06:00,2025-01-07 09:30:00+00:00,SBEAN_BESS,66.23
2025-01-07T03:30:00-06:00,2025-01-07 09:30:00+00:00,2025-01-07T03:45:00-06:00,2025-01-07 09:45:00+00:00,SBEAN_BESS,62.89
2025-01-07T03:45:00-06:00,2025-01-07 09:45:00+00:00,2025-01-07T04:00:00-06:00,2025-01-07 10:00:00+00:00,SBEAN_BESS,66.1
2025-01-07T04:00:00-06:00,2025-01-07 10:00:00+00:00,2025-01-07T04:15:00-06:00,2025-01-07 10:15:00+00:00,SBEAN_BESS,61.76
2025-01-07T04:15:00-06:00,2025-01-07 10:15:00+00:00,2025-01-07T04:30:00-06:00,2025-01-07 10:30:00+00:00,SBEAN_BESS,77.51
2025-01-07T04:30:00-06:00,2025-01-07 10:30:00+00:00,2025-01-07T04:45:00-06:00,2025-01-07 10:45:00+00:00,SBEAN_BESS,66.56
2025-01-07T04:45:00-06:00,2025-01-07 10:45:00+00:00,2025-01-07T05:00:00-06:00,2025-01-07 11:00:00+00:00,SBEAN_BESS,57.2
2025-01-07T05:00:00-06:00,2025-01-07 11:00:00+00:00,2025-01-07T05:15:00-06:00,2025-01-07 11:15:00+00:00,SBEAN_BESS,58.24
2025-01-07T05:15:00-06:00,2025-01-07 11:15:00+00:00,2025-01-07T05:30:00-06:00,2025-01-07 11:30:00+00:00,SBEAN_BESS,57.86
2025-01-07T05:30:00-06:00,2025-01-07 11:30:00+00:00,2025-01-07T05:45:00-06:00,2025-01-07 11:45:00+00:00,SBEAN_BESS,57.2
2025-01-07T05:45:00-06:00,2025-01-07 11:45:00+00:00,2025-01-07T06:00:00-06:00,2025-01-07 12:00:00+00:00,SBEAN_BESS,56.83
2025-01-07T06:00:00-06:00,2025-01-07 12:00:00+00:00,2025-01-07T06:15:00-06:00,2025-01-07 12:15:00+00:00,SBEAN_BESS,60.09
2025-01-07T06:15:00-06:00,2025-01-07 12:15:00+00:00,2025-01-07T06:30:00-06:00,2025-01-07 12:30:00+00:00,SBEAN_BESS,50.01
2025-01-07T06:30:00-06:00,2025-01-07 12:30:00+00:00,2025-01-07T06:45:00-06:00,2025-01-07 12:45:00+00:00,SBEAN_BESS,47.62
2025-01-07T06:45:00-06:00,2025-01-07 12:45:00+00:00,2025-01-07T07:00:00-06:00,2025-01-07 13:00:00+00:00,SBEAN_BESS,43.57
2025-01-07T07:00:00-06:00,2025-01-07 13:00:00+00:00,2025-01-07T07:15:00-06:00,2025-01-07 13:15:00+00:00,SBEAN_BESS,43.84
2025-01-07T07:15:00-06:00,2025-01-07 13:15:00+00:00,2025-01-07T07:30:00-06:00,2025-01-07 13:30:00+00:00,SBEAN_BESS,46.36
2025-01-07T07:30:00-06:00,2025-01-07 13:30:00+00:00,2025-01-07T07:45:00-06:00,2025-01-07 13:45:00+00:00,SBEAN_BESS,45.17
2025-01-07T07:45:00-06:00,2025-01-07 13:45:00+00:00,2025-01-07T08:00:00-06:00,2025-01-07 14:00:00+00:00,SBEAN_BESS,41.7
2025-01-07T08:00:00-06:00,2025-01-07 14:00:00+00:00,2025-01-07T08:15:00-06:00,2025-01-07 14:15:00+00:00,SBEAN_BESS,41.03
2025-01-07T08:15:00-06:00,2025-01-07 14:15:00+00:00,2025-01-07T08:30:00-06:00,2025-01-07 14:30:00+00:00,SBEAN_BESS,37.84
2025-01-07T08:30:00-06:00,2025-01-07 14:30:00+00:00,2025-01-07T08:45:00-06:00,2025-01-07 14:45:00+00:00,SBEAN_BESS,35.16
2025-01-07T08:45:00-06:00,2025-01-07 14:45:00+00:00,2025-01-07T09:00:00-06:00,2025-01-07 15:00:00+00:00,SBEAN_BESS,31.32
2025-01-07T09:00:00-06:00,2025-01-07 15:00:00+00:00,2025-01-07T09:15:00-06:00,2025-01-07 15:15:00+00:00,SBEAN_BESS,27.29
2025-01-07T09:15:00-06:00,2025-01-07 15:15:00+00:00,2025-01-07T09:30:00-06:00,2025-01-07 15:30:00+00:00,SBEAN_BESS,26.23
2025-01-07T09:30:00-06:00,2025-01-07 15:30:00+00:00,2025-01-07T09:45:00-06:00,2025-01-07 15:45:00+00:00,SBEAN_BESS,26.43
2025-01-07T09:45:00-06:00,2025-01-07 15:45:00+00:00,2025-01-07T10:00:00-06:00,2025-01-07 16:00:00+00:00,SBEAN_BESS,23.28
2025-01-07T10:00:00-06:00,2025-01-07 16:00:00+00:00,2025-01-07T10:15:00-06:00,2025-01-07 16:15:00+00:00,SBEAN_BESS,23.01
2025-01-07T10:15:00-06:00,2025-01-07 16:15:00+00:00,2025-01-07T10:30:00-06:00,2025-01-07 16:30:00+00:00,SBEAN_BESS,22.2
2025-01-07T10:30:00-06:00,2025-01-07 16:30:00+00:00,2025-01-07T10:45:00-06:00,2025-01-07 16:45:00+00:00,SBEAN_BESS,21.59
2025-01-07T10:45:00-06:00,2025-01-07 16:45:00+00:00,2025-01-07T11:00:00-06:00,2025-01-07 17:00:00+00:00,SBEAN_BESS,21.29
2025-01-07T11:00:00-06:00,2025-01-07 17:00:00+00:00,2025-01-07T11:15:00-06:00,2025-01-07 17:15:00+00:00,SBEAN_BESS,21.68
2025-01-07T11:15:00-06:00,2025-01-07 17:15:00+00:00,2025-01-07T11:30:00-06:00,2025-01-07 17:30:00+00:00,SBEAN_BESS,21.37
2025-01-07T11:30:00-06:00,2025-01-07 17:30:00+00:00,2025-01-07T11:45:00-06:00,2025-01-07 17:45:00+00:00,SBEAN_BESS,21.48
2025-01-07T11:45:00-06:00,2025-01-07 17:45:00+00:00,2025-01-07T12:00:00-06:00,2025-01-07 18:00:00+00:00,SBEAN_BESS,21.17
2025-01-07T12:00:00-06:00,2025-01-07 18:00:00+00:00,2025-01-07T12:15:00-06:00,2025-01-07 18:15:00+00:00,SBEAN_BESS,20.78
2025-01-07T12:15:00-06:00,2025-01-07 18:15:00+00:00,2025-01-07T12:30:00-06:00,2025-01-07 18:30:00+00:00,SBEAN_BESS,20.99
2025-01-07T12:30:00-06:00,2025-01-07 18:30:00+00:00,2025-01-07T12:45:00-06:00,2025-01-07 18:45:00+00:00,SBEAN_BESS,20.73
2025-01-07T12:45:00-06:00,2025-01-07 18:45:00+00:00,2025-01-07T13:00:00-06:00,2025-01-07 19:00:00+00:00,SBEAN_BESS,20.12
2025-01-07T13:00:00-06:00,2025-01-07 19:00:00+00:00,2025-01-07T13:15:00-06:00,2025-01-07 19:15:00+00:00,SBEAN_BESS,20.69
2025-01-07T13:15:00-06:00,2025-01-07 19:15:00+00:00,2025-01-07T13:30:00-06:00,2025-01-07 19:30:00+00:00,SBEAN_BESS,20.02
2025-01-07T13:30:00-06:00,2025-01-07 19:30:00+00:00,2025-01-07T13:45:00-06:00,2025-01-07 19:45:00+00:00,SBEAN_BESS,19.52
2025-01-07T13:45:00-06:00,2025-01-07 19:45:00+00:00,2025-01-07T14:00:00-06:00,2025-01-07 20:00:00+00:00,SBEAN_BESS,19.36
2025-01-07T14:00:00-06:00,2025-01-07 20:00:00+00:00,2025-01-07T14:15:00-06:00,2025-01-07 20:15:00+00:00,SBEAN_BESS,17.31
2025-01-07T14:15:00-06:00,2025-01-07 20:15:00+00:00,2025-01-07T14:30:00-06:00,2025-01-07 20:30:00+00:00,SBEAN_BESS,11.28
2025-01-07T14:30:00-06:00,2025-01-07 20:30:00+00:00,2025-01-07T14:45:00-06:00,2025-01-07 20:45:00+00:00,SBEAN_BESS,2.38
2025-01-07T14:45:00-06:00,2025-01-07 20:45:00+00:00,2025-01-07T15:00:00-06:00,2025-01-07 21:00:00+00:00,SBEAN_BESS,4.5
2025-01-07T15:00:00-06:00,2025-01-07 21:00:00+00:00,2025-01-07T15:15:00-06:00,2025-01-07 21:15:00+00:00,SBEAN_BESS,0.54
2025-01-07T15:15:00-06:00,2025-01-07 21:15:00+00:00,2025-01-07T15:30:00-06:00,2025-01-07 21:30:00+00:00,SBEAN_BESS,0.02
2025-01-07T15:30:00-06:00,2025-01-07 21:30:00+00:00,2025-01-07T15:45:00-06:00,2025-01-07 21:45:00+00:00,SBEAN_BESS,0.03
2025-01-07T15:45:00-06:00,2025-01-07 21:45:00+00:00,2025-01-07T16:00:00-06:00,2025-01-07 22:00:00+00:00,SBEAN_BESS,6.67
2025-01-07T16:00:00-06:00,2025-01-07 22:00:00+00:00,2025-01-07T16:15:00-06:00,2025-01-07 22:15:00+00:00,SBEAN_BESS,13.97
2025-01-07T16:15:00-06:00,2025-01-07 22:15:00+00:00,2025-01-07T16:30:00-06:00,2025-01-07 22:30:00+00:00,SBEAN_BESS,20.37
2025-01-07T16:30:00-06:00,2025-01-07 22:30:00+00:00,2025-01-07T16:45:00-06:00,2025-01-07 22:45:00+00:00,SBEAN_BESS,24.93
2025-01-07T16:45:00-06:00,2025-01-07 22:45:00+00:00,2025-01-07T17:00:00-06:00,2025-01-07 23:00:00+00:00,SBEAN_BESS,26.71
2025-01-07T17:00:00-06:00,2025-01-07 23:00:00+00:00,2025-01-07T17:15:00-06:00,2025-01-07 23:15:00+00:00,SBEAN_BESS,27
2025-01-07T17:15:00-06:00,2025-01-07 23:15:00+00:00,2025-01-07T17:30:00-06:00,2025-01-07 23:30:00+00:00,SBEAN_BESS,28.43
2025-01-07T17:30:00-06:00,2025-01-07 23:30:00+00:00,2025-01-07T17:45:00-06:00,2025-01-07 23:45:00+00:00,SBEAN_BESS,28.96
2025-01-07T17:45:00-06:00,2025-01-07 23:45:00+00:00,2025-01-07T18:00:00-06:00,2025-01-08 00:00:00+00:00,SBEAN_BESS,30.08
2025-01-07T18:00:00-06:00,2025-01-08 00:00:00+00:00,2025-01-07T18:15:00-06:00,2025-01-08 00:15:00+00:00,SBEAN_BESS,29.21
2025-01-07T18:15:00-06:00,2025-01-08 00:15:00+00:00,2025-01-07T18:30:00-06:00,2025-01-08 00:30:00+00:00,SBEAN_BESS,31.54
2025-01-07T18:30:00-06:00,2025-01-08 00:30:00+00:00,2025-01-07T18:45:00-06:00,2025-01-08 00:45:00+00:00,SBEAN_BESS,40.47
2025-01-07T18:45:00-06:00,2025-01-08 00:45:00+00:00,2025-01-07T19:00:00-06:00,2025-01-08 01:00:00+00:00,SBEAN_BESS,41.25
2025-01-07T19:00:00-06:00,2025-01-08 01:00:00+00:00,2025-01-07T19:15:00-06:00,2025-01-08 01:15:00+00:00,SBEAN_BESS,53.94
2025-01-07T19:15:00-06:00,2025-01-08 01:15:00+00:00,2025-01-07T19:30:00-06:00,2025-01-08 01:30:00+00:00,SBEAN_BESS,56.87
2025-01-07T19:30:00-06:00,2025-01-08 01:30:00+00:00,2025-01-07T19:45:00-06:00,2025-01-08 01:45:00+00:00,SBEAN_BESS,52.08
2025-01-07T19:45:00-06:00,2025-01-08 01:45:00+00:00,2025-01-07T20:00:00-06:00,2025-01-08 02:00:00+00:00,SBEAN_BESS,60.63
2025-01-07T20:00:00-06:00,2025-01-08 02:00:00+00:00,2025-01-07T20:15:00-06:00,2025-01-08 02:15:00+00:00,SBEAN_BESS,58.09
2025-01-07T20:15:00-06:00,2025-01-08 02:15:00+00:00,2025-01-07T20:30:00-06:00,2025-01-08 02:30:00+00:00,SBEAN_BESS,54.03
2025-01-07T20:30:00-06:00,2025-01-08 02:30:00+00:00,2025-01-07T20:45:00-06:00,2025-01-08 02:45:00+00:00,SBEAN_BESS,40.41
2025-01-07T20:45:00-06:00,2025-01-08 02:45:00+00:00,2025-01-07T21:00:00-06:00,2025-01-08 03:00:00+00:00,SBEAN_BESS,34.9
2025-01-07T21:00:00-06:00,2025-01-08 03:00:00+00:00,2025-01-07T21:15:00-06:00,2025-01-08 03:15:00+00:00,SBEAN_BESS,44.54
2025-01-07T21:15:00-06:00,2025-01-08 03:15:00+00:00,2025-01-07T21:30:00-06:00,2025-01-08 03:30:00+00:00,SBEAN_BESS,30.24
2025-01-07T21:30:00-06:00,2025-01-08 03:30:00+00:00,2025-01-07T21:45:00-06:00,2025-01-08 03:45:00+00:00,SBEAN_BESS,32.96
2025-01-07T21:45:00-06:00,2025-01-08 03:45:00+00:00,2025-01-07T22:00:00-06:00,2025-01-08 04:00:00+00:00,SBEAN_BESS,43.26
2025-01-07T22:00:00-06:00,2025-01-08 04:00:00+00:00,2025-01-07T22:15:00-06:00,2025-01-08 04:15:00+00:00,SBEAN_BESS,30
2025-01-07T22:15:00-06:00,2025-01-08 04:15:00+00:00,2025-01-07T22:30:00-06:00,2025-01-08 04:30:00+00:00,SBEAN_BESS,33.54
2025-01-07T22:30:00-06:00,2025-01-08 04:30:00+00:00,2025-01-07T22:45:00-06:00,2025-01-08 04:45:00+00:00,SBEAN_BESS,45.36
2025-01-07T22:45:00-06:00,2025-01-08 04:45:00+00:00,2025-01-07T23:00:00-06:00,2025-01-08 05:00:00+00:00,SBEAN_BESS,41.41
2025-01-07T23:00:00-06:00,2025-01-08 05:00:00+00:00,2025-01-07T23:15:00-06:00,2025-01-08 05:15:00+00:00,SBEAN_BESS,37.81
2025-01-07T23:15:00-06:00,2025-01-08 05:15:00+00:00,2025-01-07T23:30:00-06:00,2025-01-08 05:30:00+00:00,SBEAN_BESS,41.59
2025-01-07T23:30:00-06:00,2025-01-08 05:30:00+00:00,2025-01-07T23:45:00-06:00,2025-01-08 05:45:00+00:00,SBEAN_BESS,40.66
2025-01-07T23:45:00-06:00,2025-01-08 05:45:00+00:00,2025-01-08T00:00:00-06:00,2025-01-08 06:00:00+00:00,SBEAN_BESS,47.77
2025-01-08T00:00:00-06:00,2025-01-08 06:00:00+00:00,2025-01-08T00:15:00-06:00,2025-01-08 06:15:00+00:00,SBEAN_BESS,52.02
2025-01-08T00:15:00-06:00,2025-01-08 06:15:00+00:00,2025-01-08T00:30:00-06:00,2025-01-08 06:30:00+00:00,SBEAN_BESS,41.41
2025-01-08T00:30:00-06:00,2025-01-08 06:30:00+00:00,2025-01-08T00:45:00-06:00,2025-01-08 06:45:00+00:00,SBEAN_BESS,43.49
2025-01-08T00:45:00-06:00,2025-01-08 06:45:00+00:00,2025-01-08T01:00:00-06:00,2025-01-08 07:00:00+00:00,SBEAN_BESS,44.67
2025-01-08T01:00:00-06:00,2025-01-08 07:00:00+00:00,2025-01-08T01:15:00-06:00,2025-01-08 07:15:00+00:00,SBEAN_BESS,46.06
2025-01-08T01:15:00-06:00,2025-01-08 07:15:00+00:00,2025-01-08T01:30:00-06:00,2025-01-08 07:30:00+00:00,SBEAN_BESS,56.29
2025-01-08T01:30:00-06:00,2025-01-08 07:30:00+00:00,2025-01-08T01:45:00-06:00,2025-01-08 07:45:00+00:00,SBEAN_BESS,57.03
2025-01-08T01:45:00-06:00,2025-01-08 07:45:00+00:00,2025-01-08T02:00:00-06:00,2025-01-08 08:00:00+00:00,SBEAN_BESS,57.89
2025-01-08T02:00:00-06:00,2025-01-08 08:00:00+00:00,2025-01-08T02:15:00-06:00,2025-01-08 08:15:00+00:00,SBEAN_BESS,46.47
2025-01-08T02:15:00-06:00,2025-01-08 08:15:00+00:00,2025-01-08T02:30:00-06:00,2025-01-08 08:30:00+00:00,SBEAN_BESS,61.69
2025-01-08T02:30:00-06:00,2025-01-08 08:30:00+00:00,2025-01-08T02:45:00-06:00,2025-01-08 08:45:00+00:00,SBEAN_BESS,58.9
2025-01-08T02:45:00-06:00,2025-01-08 08:45:00+00:00,2025-01-08T03:00:00-06:00,2025-01-08 09:00:00+00:00,SBEAN_BESS,64.43
2025-01-08T03:00:00-06:00,2025-01-08 09:00:00+00:00,2025-01-08T03:15:00-06:00,2025-01-08 09:15:00+00:00,SBEAN_BESS,63.11
2025-01-08T03:15:00-06:00,2025-01-08 09:15:00+00:00,2025-01-08T03:30:00-06:00,2025-01-08 09:30:00+00:00,SBEAN_BESS,60.18
2025-01-08T03:30:00-06:00,2025-01-08 09:30:00+00:00,2025-01-08T03:45:00-06:00,2025-01-08 09:45:00+00:00,SBEAN_BESS,52.93
2025-01-08T03:45:00-06:00,2025-01-08 09:45:00+00:00,2025-01-08T04:00:00-06:00,2025-01-08 10:00:00+00:00,SBEAN_BESS,52.16
2025-01-08T04:00:00-06:00,2025-01-08 10:00:00+00:00,2025-01-08T04:15:00-06:00,2025-01-08 10:15:00+00:00,SBEAN_BESS,42.21
2025-01-08T04:15:00-06:00,2025-01-08 10:15:00+00:00,2025-01-08T04:30:00-06:00,2025-01-08 10:30:00+00:00,SBEAN_BESS,60.38
2025-01-08T04:30:00-06:00,2025-01-08 10:30:00+00:00,2025-01-08T04:45:00-06:00,2025-01-08 10:45:00+00:00,SBEAN_BESS,60.23
2025-01-08T04:45:00-06:00,2025-01-08 10:45:00+00:00,2025-01-08T05:00:00-06:00,2025-01-08 11:00:00+00:00,SBEAN_BESS,58.67
2025-01-08T05:00:00-06:00,2025-01-08 11:00:00+00:00,2025-01-08T05:15:00-06:00,2025-01-08 11:15:00+00:00,SBEAN_BESS,68.62
2025-01-08T05:15:00-06:00,2025-01-08 11:15:00+00:00,2025-01-08T05:30:00-06:00,2025-01-08 11:30:00+00:00,SBEAN_BESS,65.36
2025-01-08T05:30:00-06:00,2025-01-08 11:30:00+00:00,2025-01-08T05:45:00-06:00,2025-01-08 11:45:00+00:00,SBEAN_BESS,66.38
2025-01-08T05:45:00-06:00,2025-01-08 11:45:00+00:00,2025-01-08T06:00:00-06:00,2025-01-08 12:00:00+00:00,SBEAN_BESS,68.63
2025-01-08T06:00:00-06:00,2025-01-08 12:00:00+00:00,2025-01-08T06:15:00-06:00,2025-01-08 12:15:00+00:00,SBEAN_BESS,48.41
2025-01-08T06:15:00-06:00,2025-01-08 12:15:00+00:00,2025-01-08T06:30:00-06:00,2025-01-08 12:30:00+00:00,SBEAN_BESS,53.82
2025-01-08T06:30:00-06:00,2025-01-08 12:30:00+00:00,2025-01-08T06:45:00-06:00,2025-01-08 12:45:00+00:00,SBEAN_BESS,51.4
2025-01-08T06:45:00-06:00,2025-01-08 12:45:00+00:00,2025-01-08T07:00:00-06:00,2025-01-08 13:00:00+00:00,SBEAN_BESS,46.07
2025-01-08T07:00:00-06:00,2025-01-08 13:00:00+00:00,2025-01-08T07:15:00-06:00,2025-01-08 13:15:00+00:00,SBEAN_BESS,43.74
2025-01-08T07:15:00-06:00,2025-01-08 13:15:00+00:00,2025-01-08T07:30:00-06:00,2025-01-08 13:30:00+00:00,SBEAN_BESS,44.26
2025-01-08T07:30:00-06:00,2025-01-08 13:30:00+00:00,2025-01-08T07:45:00-06:00,2025-01-08 13:45:00+00:00,SBEAN_BESS,45.45
2025-01-08T07:45:00-06:00,2025-01-08 13:45:00+00:00,2025-01-08T08:00:00-06:00,2025-01-08 14:00:00+00:00,SBEAN_BESS,47.82
2025-01-08T08:00:00-06:00,2025-01-08 14:00:00+00:00,2025-01-08T08:15:00-06:00,2025-01-08 14:15:00+00:00,SBEAN_BESS,71.53
2025-01-08T08:15:00-06:00,2025-01-08 14:15:00+00:00,2025-01-08T08:30:00-06:00,2025-01-08 14:30:00+00:00,SBEAN_BESS,63.59
2025-01-08T08:30:00-06:00,2025-01-08 14:30:00+00:00,2025-01-08T08:45:00-06:00,2025-01-08 14:45:00+00:00,SBEAN_BESS,44.97
2025-01-08T08:45:00-06:00,2025-01-08 14:45:00+00:00,2025-01-08T09:00:00-06:00,2025-01-08 15:00:00+00:00,SBEAN_BESS,38.44
2025-01-08T09:00:00-06:00,2025-01-08 15:00:00+00:00,2025-01-08T09:15:00-06:00,2025-01-08 15:15:00+00:00,SBEAN_BESS,36.43
2025-01-08T09:15:00-06:00,2025-01-08 15:15:00+00:00,2025-01-08T09:30:00-06:00,2025-01-08 15:30:00+00:00,SBEAN_BESS,33.02
2025-01-08T09:30:00-06:00,2025-01-08 15:30:00+00:00,2025-01-08T09:45:00-06:00,2025-01-08 15:45:00+00:00,SBEAN_BESS,32.84
2025-01-08T09:45:00-06:00,2025-01-08 15:45:00+00:00,2025-01-08T10:00:00-06:00,2025-01-08 16:00:00+00:00,SBEAN_BESS,32.33
2025-01-08T10:00:00-06:00,2025-01-08 16:00:00+00:00,2025-01-08T10:15:00-06:00,2025-01-08 16:15:00+00:00,SBEAN_BESS,31.45
2025-01-08T10:15:00-06:00,2025-01-08 16:15:00+00:00,2025-01-08T10:30:00-06:00,2025-01-08 16:30:00+00:00,SBEAN_BESS,31.51
2025-01-08T10:30:00-06:00,2025-01-08 16:30:00+00:00,2025-01-08T10:45:00-06:00,2025-01-08 16:45:00+00:00,SBEAN_BESS,32.95
2025-01-08T10:45:00-06:00,2025-01-08 16:45:00+00:00,2025-01-08T11:00:00-06:00,2025-01-08 17:00:00+00:00,SBEAN_BESS,32.42
2025-01-08T11:00:00-06:00,2025-01-08 17:00:00+00:00,2025-01-08T11:15:00-06:00,2025-01-08 17:15:00+00:00,SBEAN_BESS,31.98
2025-01-08T11:15:00-06:00,2025-01-08 17:15:00+00:00,2025-01-08T11:30:00-06:00,2025-01-08 17:30:00+00:00,SBEAN_BESS,30.13
2025-01-08T11:30:00-06:00,2025-01-08 17:30:00+00:00,2025-01-08T11:45:00-06:00,2025-01-08 17:45:00+00:00,SBEAN_BESS,29.22
2025-01-08T11:45:00-06:00,2025-01-08 17:45:00+00:00,2025-01-08T12:00:00-06:00,2025-01-08 18:00:00+00:00,SBEAN_BESS,29.59
2025-01-08T12:00:00-06:00,2025-01-08 18:00:00+00:00,2025-01-08T12:15:00-06:00,2025-01-08 18:15:00+00:00,SBEAN_BESS,33.41
2025-01-08T12:15:00-06:00,2025-01-08 18:15:00+00:00,2025-01-08T12:30:00-06:00,2025-01-08 18:30:00+00:00,SBEAN_BESS,31.68
2025-01-08T12:30:00-06:00,2025-01-08 18:30:00+00:00,2025-01-08T12:45:00-06:00,2025-01-08 18:45:00+00:00,SBEAN_BESS,29.27
2025-01-08T12:45:00-06:00,2025-01-08 18:45:00+00:00,2025-01-08T13:00:00-06:00,2025-01-08 19:00:00+00:00,SBEAN_BESS,28.82
2025-01-08T13:00:00-06:00,2025-01-08 19:00:00+00:00,2025-01-08T13:15:00-06:00,2025-01-08 19:15:00+00:00,SBEAN_BESS,27.75
2025-01-08T13:15:00-06:00,2025-01-08 19:15:00+00:00,2025-01-08T13:30:00-06:00,2025-01-08 19:30:00+00:00,SBEAN_BESS,28.92
2025-01-08T13:30:00-06:00,2025-01-08 19:30:00+00:00,2025-01-08T13:45:00-06:00,2025-01-08 19:45:00+00:00,SBEAN_BESS,29.17
2025-01-08T13:45:00-06:00,2025-01-08 19:45:00+00:00,2025-01-08T14:00:00-06:00,2025-01-08 20:00:00+00:00,SBEAN_BESS,27.03
2025-01-08T14:00:00-06:00,2025-01-08 20:00:00+00:00,2025-01-08T14:15:00-06:00,2025-01-08 20:15:00+00:00,SBEAN_BESS,29.17
2025-01-08T14:15:00-06:00,2025-01-08 20:15:00+00:00,2025-01-08T14:30:00-06:00,2025-01-08 20:30:00+00:00,SBEAN_BESS,29.51
2025-01-08T14:30:00-06:00,2025-01-08 20:30:00+00:00,2025-01-08T14:45:00-06:00,2025-01-08 20:45:00+00:00,SBEAN_BESS,31.02
2025-01-08T14:45:00-06:00,2025-01-08 20:45:00+00:00,2025-01-08T15:00:00-06:00,2025-01-08 21:00:00+00:00,SBEAN_BESS,33.66
2025-01-08T15:00:00-06:00,2025-01-08 21:00:00+00:00,2025-01-08T15:15:00-06:00,2025-01-08 21:15:00+00:00,SBEAN_BESS,33.8
2025-01-08T15:15:00-06:00,2025-01-08 21:15:00+00:00,2025-01-08T15:30:00-06:00,2025-01-08 21:30:00+00:00,SBEAN_BESS,36.63
2025-01-08T15:30:00-06:00,2025-01-08 21:30:00+00:00,2025-01-08T15:45:00-06:00,2025-01-08 21:45:00+00:00,SBEAN_BESS,47.63
2025-01-08T15:45:00-06:00,2025-01-08 21:45:00+00:00,2025-01-08T16:00:00-06:00,2025-01-08 22:00:00+00:00,SBEAN_BESS,57.18
2025-01-08T16:00:00-06:00,2025-01-08 22:00:00+00:00,2025-01-08T16:15:00-06:00,2025-01-08 22:15:00+00:00,SBEAN_BESS,280.77
2025-01-08T16:15:00-06:00,2025-01-08 22:15:00+00:00,2025-01-08T16:30:00-06:00,2025-01-08 22:30:00+00:00,SBEAN_BESS,125.06
2025-01-08T16:30:00-06:00,2025-01-08 22:30:00+00:00,2025-01-08T16:45:00-06:00,2025-01-08 22:45:00+00:00,SBEAN_BESS,69.36
2025-01-08T16:45:00-06:00,2025-01-08 22:45:00+00:00,2025-01-08T17:00:00-06:00,2025-01-08 23:00:00+00:00,SBEAN_BESS,66.47
2025-01-08T17:00:00-06:00,2025-01-08 23:00:00+00:00,2025-01-08T17:15:00-06:00,2025-01-08 23:15:00+00:00,SBEAN_BESS,65.68
2025-01-08T17:15:00-06:00,2025-01-08 23:15:00+00:00,2025-01-08T17:30:00-06:00,2025-01-08 23:30:00+00:00,SBEAN_BESS,74.58
2025-01-08T17:30:00-06:00,2025-01-08 23:30:00+00:00,2025-01-08T17:45:00-06:00,2025-01-08 23:45:00+00:00,SBEAN_BESS,78.11
2025-01-08T17:45:00-06:00,2025-01-08 23:45:00+00:00,2025-01-08T18:00:00-06:00,2025-01-09 00:00:00+00:00,SBEAN_BESS,73.5
2025-01-08T18:00:00-06:00,2025-01-09 00:00:00+00:00,2025-01-08T18:15:00-06:00,2025-01-09 00:15:00+00:00,SBEAN_BESS,66.48
2025-01-08T18:15:00-06:00,2025-01-09 00:15:00+00:00,2025-01-08T18:30:00-06:00,2025-01-09 00:30:00+00:00,SBEAN_BESS,72.61
2025-01-08T18:30:00-06:00,2025-01-09 00:30:00+00:00,2025-01-08T18:45:00-06:00,2025-01-09 00:45:00+00:00,SBEAN_BESS,76.51
2025-01-08T18:45:00-06:00,2025-01-09 00:45:00+00:00,2025-01-08T19:00:00-06:00,2025-01-09 01:00:00+00:00,SBEAN_BESS,70.74
2025-01-08T19:00:00-06:00,2025-01-09 01:00:00+00:00,2025-01-08T19:15:00-06:00,2025-01-09 01:15:00+00:00,SBEAN_BESS,74.45
2025-01-08T19:15:00-06:00,2025-01-09 01:15:00+00:00,2025-01-08T19:30:00-06:00,2025-01-09 01:30:00+00:00,SBEAN_BESS,76.63
2025-01-08T19:30:00-06:00,2025-01-09 01:30:00+00:00,2025-01-08T19:45:00-06:00,2025-01-09 01:45:00+00:00,SBEAN_BESS,75.78
2025-01-08T19:45:00-06:00,2025-01-09 01:45:00+00:00,2025-01-08T20:00:00-06:00,2025-01-09 02:00:00+00:00,SBEAN_BESS,81.82
2025-01-08T20:00:00-06:00,2025-01-09 02:00:00+00:00,2025-01-08T20:15:00-06:00,2025-01-09 02:15:00+00:00,SBEAN_BESS,85.57
2025-01-08T20:15:00-06:00,2025-01-09 02:15:00+00:00,2025-01-08T20:30:00-06:00,2025-01-09 02:30:00+00:00,SBEAN_BESS,97.81
2025-01-08T20:30:00-06:00,2025-01-09 02:30:00+00:00,2025-01-08T20:45:00-06:00,2025-01-09 02:45:00+00:00,SBEAN_BESS,82.32
2025-01-08T20:45:00-06:00,2025-01-09 02:45:00+00:00,2025-01-08T21:00:00-06:00,2025-01-09 03:00:00+00:00,SBEAN_BESS,74.77
2025-01-08T21:00:00-06:00,2025-01-09 03:00:00+00:00,2025-01-08T21:15:00-06:00,2025-01-09 03:15:00+00:00,SBEAN_BESS,71.13
2025-01-08T21:15:00-06:00,2025-01-09 03:15:00+00:00,2025-01-08T21:30:00-06:00,2025-01-09 03:30:00+00:00,SBEAN_BESS,70.99
2025-01-08T21:30:00-06:00,2025-01-09 03:30:00+00:00,2025-01-08T21:45:00-06:00,2025-01-09 03:45:00+00:00,SBEAN_BESS,73.1
2025-01-08T21:45:00-06:00,2025-01-09 03:45:00+00:00,2025-01-08T22:00:00-06:00,2025-01-09 04:00:00+00:00,SBEAN_BESS,77.38
2025-01-08T22:00:00-06:00,2025-01-09 04:00:00+00:00,2025-01-08T22:15:00-06:00,2025-01-09 04:15:00+00:00,SBEAN_BESS,66.16
2025-01-08T22:15:00-06:00,2025-01-09 04:15:00+00:00,2025-01-08T22:30:00-06:00,2025-01-09 04:30:00+00:00,SBEAN_BESS,69.79
2025-01-08T22:30:00-06:00,2025-01-09 04:30:00+00:00,2025-01-08T22:45:00-06:00,2025-01-09 04:45:00+00:00,SBEAN_BESS,65.66
2025-01-08T22:45:00-06:00,2025-01-09 04:45:00+00:00,2025-01-08T23:00:00-06:00,2025-01-09 05:00:00+00:00,SBEAN_BESS,69.64
2025-01-08T23:00:00-06:00,2025-01-09 05:00:00+00:00,2025-01-08T23:15:00-06:00,2025-01-09 05:15:00+00:00,SBEAN_BESS,68.36
2025-01-08T23:15:00-06:00,2025-01-09 05:15:00+00:00,2025-01-08T23:30:00-06:00,2025-01-09 05:30:00+00:00,SBEAN_BESS,67.84
2025-01-08T23:30:00-06:00,2025-01-09 05:30:00+00:00,2025-01-08T23:45:00-06:00,2025-01-09 05:45:00+00:00,SBEAN_BESS,64.89
2025-01-08T23:45:00-06:00,2025-01-09 05:45:00+00:00,2025-01-09T00:00:00-06:00,2025-01-09 06:00:00+00:00,SBEAN_BESS,63.62
2025-01-09T00:00:00-06:00,2025-01-09 06:00:00+00:00,2025-01-09T00:15:00-06:00,2025-01-09 06:15:00+00:00,SBEAN_BESS,60.19
2025-01-09T00:15:00-06:00,2025-01-09 06:15:00+00:00,2025-01-09T00:30:00-06:00,2025-01-09 06:30:00+00:00,SBEAN_BESS,72.29
2025-01-09T00:30:00-06:00,2025-01-09 06:30:00+00:00,2025-01-09T00:45:00-06:00,2025-01-09 06:45:00+00:00,SBEAN_BESS,67.48
2025-01-09T00:45:00-06:00,2025-01-09 06:45:00+00:00,2025-01-09T01:00:00-06:00,2025-01-09 07:00:00+00:00,SBEAN_BESS,71.62
2025-01-09T01:00:00-06:00,2025-01-09 07:00:00+00:00,2025-01-09T01:15:00-06:00,2025-01-09 07:15:00+00:00,SBEAN_BESS,72.7
2025-01-09T01:15:00-06:00,2025-01-09 07:15:00+00:00,2025-01-09T01:30:00-06:00,2025-01-09 07:30:00+00:00,SBEAN_BESS,66.73
2025-01-09T01:30:00-06:00,2025-01-09 07:30:00+00:00,2025-01-09T01:45:00-06:00,2025-01-09 07:45:00+00:00,SBEAN_BESS,68.77
2025-01-09T01:45:00-06:00,2025-01-09 07:45:00+00:00,2025-01-09T02:00:00-06:00,2025-01-09 08:00:00+00:00,SBEAN_BESS,73.08
2025-01-09T02:00:00-06:00,2025-01-09 08:00:00+00:00,2025-01-09T02:15:00-06:00,2025-01-09 08:15:00+00:00,SBEAN_BESS,71.49
2025-01-09T02:15:00-06:00,2025-01-09 08:15:00+00:00,2025-01-09T02:30:00-06:00,2025-01-09 08:30:00+00:00,SBEAN_BESS,72.29
2025-01-09T02:30:00-06:00,2025-01-09 08:30:00+00:00,2025-01-09T02:45:00-06:00,2025-01-09 08:45:00+00:00,SBEAN_BESS,72.31
2025-01-09T02:45:00-06:00,2025-01-09 08:45:00+00:00,2025-01-09T03:00:00-06:00,2025-01-09 09:00:00+00:00,SBEAN_BESS,79.17
2025-01-09T03:00:00-06:00,2025-01-09 09:00:00+00:00,2025-01-09T03:15:00-06:00,2025-01-09 09:15:00+00:00,SBEAN_BESS,79.06
2025-01-09T03:15:00-06:00,2025-01-09 09:15:00+00:00,2025-01-09T03:30:00-06:00,2025-01-09 09:30:00+00:00,SBEAN_BESS,70.61
2025-01-09T03:30:00-06:00,2025-01-09 09:30:00+00:00,2025-01-09T03:45:00-06:00,2025-01-09 09:45:00+00:00,SBEAN_BESS,71.75
2025-01-09T03:45:00-06:00,2025-01-09 09:45:00+00:00,2025-01-09T04:00:00-06:00,2025-01-09 10:00:00+00:00,SBEAN_BESS,85.32
2025-01-09T04:00:00-06:00,2025-01-09 10:00:00+00:00,2025-01-09T04:15:00-06:00,2025-01-09 10:15:00+00:00,SBEAN_BESS,68.04
2025-01-09T04:15:00-06:00,2025-01-09 10:15:00+00:00,2025-01-09T04:30:00-06:00,2025-01-09 10:30:00+00:00,SBEAN_BESS,74.43
2025-01-09T04:30:00-06:00,2025-01-09 10:30:00+00:00,2025-01-09T04:45:00-06:00,2025-01-09 10:45:00+00:00,SBEAN_BESS,74.85
2025-01-09T04:45:00-06:00,2025-01-09 10:45:00+00:00,2025-01-09T05:00:00-06:00,2025-01-09 11:00:00+00:00,SBEAN_BESS,72.71
2025-01-09T05:00:00-06:00,2025-01-09 11:00:00+00:00,2025-01-09T05:15:00-06:00,2025-01-09 11:15:00+00:00,SBEAN_BESS,80.32
2025-01-09T05:15:00-06:00,2025-01-09 11:15:00+00:00,2025-01-09T05:30:00-06:00,2025-01-09 11:30:00+00:00,SBEAN_BESS,82.84
2025-01-09T05:30:00-06:00,2025-01-09 11:30:00+00:00,2025-01-09T05:45:00-06:00,2025-01-09 11:45:00+00:00,SBEAN_BESS,82.81
2025-01-09T05:45:00-06:00,2025-01-09 11:45:00+00:00,2025-01-09T06:00:00-06:00,2025-01-09 12:00:00+00:00,SBEAN_BESS,87.25
2025-01-09T06:00:00-06:00,2025-01-09 12:00:00+00:00,2025-01-09T06:15:00-06:00,2025-01-09 12:15:00+00:00,SBEAN_BESS,80.87
2025-01-09T06:15:00-06:00,2025-01-09 12:15:00+00:00,2025-01-09T06:30:00-06:00,2025-01-09 12:30:00+00:00,SBEAN_BESS,77.58
2025-01-09T06:30:00-06:00,2025-01-09 12:30:00+00:00,2025-01-09T06:45:00-06:00,2025-01-09 12:45:00+00:00,SBEAN_BESS,75.76
2025-01-09T06:45:00-06:00,2025-01-09 12:45:00+00:00,2025-01-09T07:00:00-06:00,2025-01-09 13:00:00+00:00,SBEAN_BESS,84.22
2025-01-09T07:00:00-06:00,2025-01-09 13:00:00+00:00,2025-01-09T07:15:00-06:00,2025-01-09 13:15:00+00:00,SBEAN_BESS,67.39
2025-01-09T07:15:00-06:00,2025-01-09 13:15:00+00:00,2025-01-09T07:30:00-06:00,2025-01-09 13:30:00+00:00,SBEAN_BESS,67.29
2025-01-09T07:30:00-06:00,2025-01-09 13:30:00+00:00,2025-01-09T07:45:00-06:00,2025-01-09 13:45:00+00:00,SBEAN_BESS,66.57
2025-01-09T07:45:00-06:00,2025-01-09 13:45:00+00:00,2025-01-09T08:00:00-06:00,2025-01-09 14:00:00+00:00,SBEAN_BESS,63.95
2025-01-09T08:00:00-06:00,2025-01-09 14:00:00+00:00,2025-01-09T08:15:00-06:00,2025-01-09 14:15:00+00:00,SBEAN_BESS,74.83
2025-01-09T08:15:00-06:00,2025-01-09 14:15:00+00:00,2025-01-09T08:30:00-06:00,2025-01-09 14:30:00+00:00,SBEAN_BESS,70.55
2025-01-09T08:30:00-06:00,2025-01-09 14:30:00+00:00,2025-01-09T08:45:00-06:00,2025-01-09 14:45:00+00:00,SBEAN_BESS,61.7
2025-01-09T08:45:00-06:00,2025-01-09 14:45:00+00:00,2025-01-09T09:00:00-06:00,2025-01-09 15:00:00+00:00,SBEAN_BESS,51.63
2025-01-09T09:00:00-06:00,2025-01-09 15:00:00+00:00,2025-01-09T09:15:00-06:00,2025-01-09 15:15:00+00:00,SBEAN_BESS,44.71
2025-01-09T09:15:00-06:00,2025-01-09 15:15:00+00:00,2025-01-09T09:30:00-06:00,2025-01-09 15:30:00+00:00,SBEAN_BESS,41.99
2025-01-09T09:30:00-06:00,2025-01-09 15:30:00+00:00,2025-01-09T09:45:00-06:00,2025-01-09 15:45:00+00:00,SBEAN_BESS,41.86
2025-01-09T09:45:00-06:00,2025-01-09 15:45:00+00:00,2025-01-09T10:00:00-06:00,2025-01-09 16:00:00+00:00,SBEAN_BESS,38.64
2025-01-09T10:00:00-06:00,2025-01-09 16:00:00+00:00,2025-01-09T10:15:00-06:00,2025-01-09 16:15:00+00:00,SBEAN_BESS,43.46
2025-01-09T10:15:00-06:00,2025-01-09 16:15:00+00:00,2025-01-09T10:30:00-06:00,2025-01-09 16:30:00+00:00,SBEAN_BESS,37.85
2025-01-09T10:30:00-06:00,2025-01-09 16:30:00+00:00,2025-01-09T10:45:00-06:00,2025-01-09 16:45:00+00:00,SBEAN_BESS,34.29
2025-01-09T10:45:00-06:00,2025-01-09 16:45:00+00:00,2025-01-09T11:00:00-06:00,2025-01-09 17:00:00+00:00,SBEAN_BESS,34.57
2025-01-09T11:00:00-06:00,2025-01-09 17:00:00+00:00,2025-01-09T11:15:00-06:00,2025-01-09 17:15:00+00:00,SBEAN_BESS,37.41
2025-01-09T11:15:00-06:00,2025-01-09 17:15:00+00:00,2025-01-09T11:30:00-06:00,2025-01-09 17:30:00+00:00,SBEAN_BESS,35.38
2025-01-09T11:30:00-06:00,2025-01-09 17:30:00+00:00,2025-01-09T11:45:00-06:00,2025-01-09 17:45:00+00:00,SBEAN_BESS,35
2025-01-09T11:45:00-06:00,2025-01-09 17:45:00+00:00,2025-01-09T12:00:00-06:00,2025-01-09 18:00:00+00:00,SBEAN_BESS,34.14
2025-01-09T12:00:00-06:00,2025-01-09 18:00:00+00:00,2025-01-09T12:15:00-06:00,2025-01-09 18:15:00+00:00,SBEAN_BESS,36.12
2025-01-09T12:15:00-06:00,2025-01-09 18:15:00+00:00,2025-01-09T12:30:00-06:00,2025-01-09 18:30:00+00:00,SBEAN_BESS,37.96
2025-01-09T12:30:00-06:00,2025-01-09 18:30:00+00:00,2025-01-09T12:45:00-06:00,2025-01-09 18:45:00+00:00,SBEAN_BESS,44.65
2025-01-09T12:45:00-06:00,2025-01-09 18:45:00+00:00,2025-01-09T13:00:00-06:00,2025-01-09 19:00:00+00:00,SBEAN_BESS,45.71
2025-01-09T13:00:00-06:00,2025-01-09 19:00:00+00:00,2025-01-09T13:15:00-06:00,2025-01-09 19:15:00+00:00,SBEAN_BESS,39.84
2025-01-09T13:15:00-06:00,2025-01-09 19:15:00+00:00,2025-01-09T13:30:00-06:00,2025-01-09 19:30:00+00:00,SBEAN_BESS,42.21
2025-01-09T13:30:00-06:00,2025-01-09 19:30:00+00:00,2025-01-09T13:45:00-06:00,2025-01-09 19:45:00+00:00,SBEAN_BESS,40.19
2025-01-09T13:45:00-06:00,2025-01-09 19:45:00+00:00,2025-01-09T14:00:00-06:00,2025-01-09 20:00:00+00:00,SBEAN_BESS,42.09
2025-01-09T14:00:00-06:00,2025-01-09 20:00:00+00:00,2025-01-09T14:15:00-06:00,2025-01-09 20:15:00+00:00,SBEAN_BESS,43.93
2025-01-09T14:15:00-06:00,2025-01-09 20:15:00+00:00,2025-01-09T14:30:00-06:00,2025-01-09 20:30:00+00:00,SBEAN_BESS,37.59
2025-01-09T14:30:00-06:00,2025-01-09 20:30:00+00:00,2025-01-09T14:45:00-06:00,2025-01-09 20:45:00+00:00,SBEAN_BESS,43
2025-01-09T14:45:00-06:00,2025-01-09 20:45:00+00:00,2025-01-09T15:00:00-06:00,2025-01-09 21:00:00+00:00,SBEAN_BESS,37.99
2025-01-09T15:00:00-06:00,2025-01-09 21:00:00+00:00,2025-01-09T15:15:00-06:00,2025-01-09 21:15:00+00:00,SBEAN_BESS,48.7
2025-01-09T15:15:00-06:00,2025-01-09 21:15:00+00:00,2025-01-09T15:30:00-06:00,2025-01-09 21:30:00+00:00,SBEAN_BESS,44.12
2025-01-09T15:30:00-06:00,2025-01-09 21:30:00+00:00,2025-01-09T15:45:00-06:00,2025-01-09 21:45:00+00:00,SBEAN_BESS,44.93
2025-01-09T15:45:00-06:00,2025-01-09 21:45:00+00:00,2025-01-09T16:00:00-06:00,2025-01-09 22:00:00+00:00,SBEAN_BESS,49.21
2025-01-09T16:00:00-06:00,2025-01-09 22:00:00+00:00,2025-01-09T16:15:00-06:00,2025-01-09 22:15:00+00:00,SBEAN_BESS,44.06
2025-01-09T16:15:00-06:00,2025-01-09 22:15:00+00:00,2025-01-09T16:30:00-06:00,2025-01-09 22:30:00+00:00,SBEAN_BESS,61.86
2025-01-09T16:30:00-06:00,2025-01-09 22:30:00+00:00,2025-01-09T16:45:00-06:00,2025-01-09 22:45:00+00:00,SBEAN_BESS,73.49
2025-01-09T16:45:00-06:00,2025-01-09 22:45:00+00:00,2025-01-09T17:00:00-06:00,2025-01-09 23:00:00+00:00,SBEAN_BESS,64.26
2025-01-09T17:00:00-06:00,2025-01-09 23:00:00+00:00,2025-01-09T17:15:00-06:00,2025-01-09 23:15:00+00:00,SBEAN_BESS,65.4
2025-01-09T17:15:00-06:00,2025-01-09 23:15:00+00:00,2025-01-09T17:30:00-06:00,2025-01-09 23:30:00+00:00,SBEAN_BESS,76.53
2025-01-09T17:30:00-06:00,2025-01-09 23:30:00+00:00,2025-01-09T17:45:00-06:00,2025-01-09 23:45:00+00:00,SBEAN_BESS,78.66
2025-01-09T17:45:00-06:00,2025-01-09 23:45:00+00:00,2025-01-09T18:00:00-06:00,2025-01-10 00:00:00+00:00,SBEAN_BESS,79.42
2025-01-09T18:00:00-06:00,2025-01-10 00:00:00+00:00,2025-01-09T18:15:00-06:00,2025-01-10 00:15:00+00:00,SBEAN_BESS,65.96
2025-01-09T18:15:00-06:00,2025-01-10 00:15:00+00:00,2025-01-09T18:30:00-06:00,2025-01-10 00:30:00+00:00,SBEAN_BESS,65.03
2025-01-09T18:30:00-06:00,2025-01-10 00:30:00+00:00,2025-01-09T18:45:00-06:00,2025-01-10 00:45:00+00:00,SBEAN_BESS,65.77
2025-01-09T18:45:00-06:00,2025-01-10 00:45:00+00:00,2025-01-09T19:00:00-06:00,2025-01-10 01:00:00+00:00,SBEAN_BESS,56.49
2025-01-09T19:00:00-06:00,2025-01-10 01:00:00+00:00,2025-01-09T19:15:00-06:00,2025-01-10 01:15:00+00:00,SBEAN_BESS,52.61
2025-01-09T19:15:00-06:00,2025-01-10 01:15:00+00:00,2025-01-09T19:30:00-06:00,2025-01-10 01:30:00+00:00,SBEAN_BESS,47.39
2025-01-09T19:30:00-06:00,2025-01-10 01:30:00+00:00,2025-01-09T19:45:00-06:00,2025-01-10 01:45:00+00:00,SBEAN_BESS,43.45
2025-01-09T19:45:00-06:00,2025-01-10 01:45:00+00:00,2025-01-09T20:00:00-06:00,2025-01-10 02:00:00+00:00,SBEAN_BESS,42.77
2025-01-09T20:00:00-06:00,2025-01-10 02:00:00+00:00,2025-01-09T20:15:00-06:00,2025-01-10 02:15:00+00:00,SBEAN_BESS,46.97
2025-01-09T20:15:00-06:00,2025-01-10 02:15:00+00:00,2025-01-09T20:30:00-06:00,2025-01-10 02:30:00+00:00,SBEAN_BESS,51.25
2025-01-09T20:30:00-06:00,2025-01-10 02:30:00+00:00,2025-01-09T20:45:00-06:00,2025-01-10 02:45:00+00:00,SBEAN_BESS,47.18
2025-01-09T20:45:00-06:00,2025-01-10 02:45:00+00:00,2025-01-09T21:00:00-06:00,2025-01-10 03:00:00+00:00,SBEAN_BESS,46.09
2025-01-09T21:00:00-06:00,2025-01-10 03:00:00+00:00,2025-01-09T21:15:00-06:00,2025-01-10 03:15:00+00:00,SBEAN_BESS,46.7
2025-01-09T21:15:00-06:00,2025-01-10 03:15:00+00:00,2025-01-09T21:30:00-06:00,2025-01-10 03:30:00+00:00,SBEAN_BESS,58.27
2025-01-09T21:30:00-06:00,2025-01-10 03:30:00+00:00,2025-01-09T21:45:00-06:00,2025-01-10 03:45:00+00:00,SBEAN_BESS,50.31
2025-01-09T21:45:00-06:00,2025-01-10 03:45:00+00:00,2025-01-09T22:00:00-06:00,2025-01-10 04:00:00+00:00,SBEAN_BESS,44.43
2025-01-09T22:00:00-06:00,2025-01-10 04:00:00+00:00,2025-01-09T22:15:00-06:00,2025-01-10 04:15:00+00:00,SBEAN_BESS,41.8
2025-01-09T22:15:00-06:00,2025-01-10 04:15:00+00:00,2025-01-09T22:30:00-06:00,2025-01-10 04:30:00+00:00,SBEAN_BESS,35.96
2025-01-09T22:30:00-06:00,2025-01-10 04:30:00+00:00,2025-01-09T22:45:00-06:00,2025-01-10 04:45:00+00:00,SBEAN_BESS,34.48
2025-01-09T22:45:00-06:00,2025-01-10 04:45:00+00:00,2025-01-09T23:00:00-06:00,2025-01-10 05:00:00+00:00,SBEAN_BESS,33.23
2025-01-09T23:00:00-06:00,2025-01-10 05:00:00+00:00,2025-01-09T23:15:00-06:00,2025-01-10 05:15:00+00:00,SBEAN_BESS,33.83
2025-01-09T23:15:00-06:00,2025-01-10 05:15:00+00:00,2025-01-09T23:30:00-06:00,2025-01-10 05:30:00+00:00,SBEAN_BESS,31.77
2025-01-09T23:30:00-06:00,2025-01-10 05:30:00+00:00,2025-01-09T23:45:00-06:00,2025-01-10 05:45:00+00:00,SBEAN_BESS,29.9
2025-01-09T23:45:00-06:00,2025-01-10 05:45:00+00:00,2025-01-10T00:00:00-06:00,2025-01-10 06:00:00+00:00,SBEAN_BESS,29.45
2025-01-10T00:00:00-06:00,2025-01-10 06:00:00+00:00,2025-01-10T00:15:00-06:00,2025-01-10 06:15:00+00:00,SBEAN_BESS,26.94
2025-01-10T00:15:00-06:00,2025-01-10 06:15:00+00:00,2025-01-10T00:30:00-06:00,2025-01-10 06:30:00+00:00,SBEAN_BESS,26.71
2025-01-10T00:30:00-06:00,2025-01-10 06:30:00+00:00,2025-01-10T00:45:00-06:00,2025-01-10 06:45:00+00:00,SBEAN_BESS,26.17
2025-01-10T00:45:00-06:00,2025-01-10 06:45:00+00:00,2025-01-10T01:00:00-06:00,2025-01-10 07:00:00+00:00,SBEAN_BESS,26.23
2025-01-10T01:00:00-06:00,2025-01-10 07:00:00+00:00,2025-01-10T01:15:00-06:00,2025-01-10 07:15:00+00:00,SBEAN_BESS,25.3
2025-01-10T01:15:00-06:00,2025-01-10 07:15:00+00:00,2025-01-10T01:30:00-06:00,2025-01-10 07:30:00+00:00,SBEAN_BESS,24.66
2025-01-10T01:30:00-06:00,2025-01-10 07:30:00+00:00,2025-01-10T01:45:00-06:00,2025-01-10 07:45:00+00:00,SBEAN_BESS,24.43
2025-01-10T01:45:00-06:00,2025-01-10 07:45:00+00:00,2025-01-10T02:00:00-06:00,2025-01-10 08:00:00+00:00,SBEAN_BESS,24.34
2025-01-10T02:00:00-06:00,2025-01-10 08:00:00+00:00,2025-01-10T02:15:00-06:00,2025-01-10 08:15:00+00:00,SBEAN_BESS,24.19
2025-01-10T02:15:00-06:00,2025-01-10 08:15:00+00:00,2025-01-10T02:30:00-06:00,2025-01-10 08:30:00+00:00,SBEAN_BESS,23.63
2025-01-10T02:30:00-06:00,2025-01-10 08:30:00+00:00,2025-01-10T02:45:00-06:00,2025-01-10 08:45:00+00:00,SBEAN_BESS,23.07
2025-01-10T02:45:00-06:00,2025-01-10 08:45:00+00:00,2025-01-10T03:00:00-06:00,2025-01-10 09:00:00+00:00,SBEAN_BESS,22.73
2025-01-10T03:00:00-06:00,2025-01-10 09:00:00+00:00,2025-01-10T03:15:00-06:00,2025-01-10 09:15:00+00:00,SBEAN_BESS,22.51
2025-01-10T03:15:00-06:00,2025-01-10 09:15:00+00:00,2025-01-10T03:30:00-06:00,2025-01-10 09:30:00+00:00,SBEAN_BESS,22.34
2025-01-10T03:30:00-06:00,2025-01-10 09:30:00+00:00,2025-01-10T03:45:00-06:00,2025-01-10 09:45:00+00:00,SBEAN_BESS,21.54
2025-01-10T03:45:00-06:00,2025-01-10 09:45:00+00:00,2025-01-10T04:00:00-06:00,2025-01-10 10:00:00+00:00,SBEAN_BESS,22.08
2025-01-10T04:00:00-06:00,2025-01-10 10:00:00+00:00,2025-01-10T04:15:00-06:00,2025-01-10 10:15:00+00:00,SBEAN_BESS,21.86
2025-01-10T04:15:00-06:00,2025-01-10 10:15:00+00:00,2025-01-10T04:30:00-06:00,2025-01-10 10:30:00+00:00,SBEAN_BESS,21.79
2025-01-10T04:30:00-06:00,2025-01-10 10:30:00+00:00,2025-01-10T04:45:00-06:00,2025-01-10 10:45:00+00:00,SBEAN_BESS,21.55
2025-01-10T04:45:00-06:00,2025-01-10 10:45:00+00:00,2025-01-10T05:00:00-06:00,2025-01-10 11:00:00+00:00,SBEAN_BESS,21.76
2025-01-10T05:00:00-06:00,2025-01-10 11:00:00+00:00,2025-01-10T05:15:00-06:00,2025-01-10 11:15:00+00:00,SBEAN_BESS,28.33
2025-01-10T05:15:00-06:00,2025-01-10 11:15:00+00:00,2025-01-10T05:30:00-06:00,2025-01-10 11:30:00+00:00,SBEAN_BESS,21.96
2025-01-10T05:30:00-06:00,2025-01-10 11:30:00+00:00,2025-01-10T05:45:00-06:00,2025-01-10 11:45:00+00:00,SBEAN_BESS,22.02
2025-01-10T05:45:00-06:00,2025-01-10 11:45:00+00:00,2025-01-10T06:00:00-06:00,2025-01-10 12:00:00+00:00,SBEAN_BESS,22.18
2025-01-10T06:00:00-06:00,2025-01-10 12:00:00+00:00,2025-01-10T06:15:00-06:00,2025-01-10 12:15:00+00:00,SBEAN_BESS,23.76
2025-01-10T06:15:00-06:00,2025-01-10 12:15:00+00:00,2025-01-10T06:30:00-06:00,2025-01-10 12:30:00+00:00,SBEAN_BESS,25.68
2025-01-10T06:30:00-06:00,2025-01-10 12:30:00+00:00,2025-01-10T06:45:00-06:00,2025-01-10 12:45:00+00:00,SBEAN_BESS,25.73
2025-01-10T06:45:00-06:00,2025-01-10 12:45:00+00:00,2025-01-10T07:00:00-06:00,2025-01-10 13:00:00+00:00,SBEAN_BESS,24.92
2025-01-10T07:00:00-06:00,2025-01-10 13:00:00+00:00,2025-01-10T07:15:00-06:00,2025-01-10 13:15:00+00:00,SBEAN_BESS,23.75
2025-01-10T07:15:00-06:00,2025-01-10 13:15:00+00:00,2025-01-10T07:30:00-06:00,2025-01-10 13:30:00+00:00,SBEAN_BESS,22.11
2025-01-10T07:30:00-06:00,2025-01-10 13:30:00+00:00,2025-01-10T07:45:00-06:00,2025-01-10 13:45:00+00:00,SBEAN_BESS,22.52
2025-01-10T07:45:00-06:00,2025-01-10 13:45:00+00:00,2025-01-10T08:00:00-06:00,2025-01-10 14:00:00+00:00,SBEAN_BESS,23.68
2025-01-10T08:00:00-06:00,2025-01-10 14:00:00+00:00,2025-01-10T08:15:00-06:00,2025-01-10 14:15:00+00:00,SBEAN_BESS,23.94
2025-01-10T08:15:00-06:00,2025-01-10 14:15:00+00:00,2025-01-10T08:30:00-06:00,2025-01-10 14:30:00+00:00,SBEAN_BESS,24.42
2025-01-10T08:30:00-06:00,2025-01-10 14:30:00+00:00,2025-01-10T08:45:00-06:00,2025-01-10 14:45:00+00:00,SBEAN_BESS,21.99
2025-01-10T08:45:00-06:00,2025-01-10 14:45:00+00:00,2025-01-10T09:00:00-06:00,2025-01-10 15:00:00+00:00,SBEAN_BESS,21.31
2025-01-10T09:00:00-06:00,2025-01-10 15:00:00+00:00,2025-01-10T09:15:00-06:00,2025-01-10 15:15:00+00:00,SBEAN_BESS,19.82
2025-01-10T09:15:00-06:00,2025-01-10 15:15:00+00:00,2025-01-10T09:30:00-06:00,2025-01-10 15:30:00+00:00,SBEAN_BESS,18.61
2025-01-10T09:30:00-06:00,2025-01-10 15:30:00+00:00,2025-01-10T09:45:00-06:00,2025-01-10 15:45:00+00:00,SBEAN_BESS,8.98
2025-01-10T09:45:00-06:00,2025-01-10 15:45:00+00:00,2025-01-10T10:00:00-06:00,2025-01-10 16:00:00+00:00,SBEAN_BESS,0.18
2025-01-10T10:00:00-06:00,2025-01-10 16:00:00+00:00,2025-01-10T10:15:00-06:00,2025-01-10 16:15:00+00:00,SBEAN_BESS,0.1
2025-01-10T10:15:00-06:00,2025-01-10 16:15:00+00:00,2025-01-10T10:30:00-06:00,2025-01-10 16:30:00+00:00,SBEAN_BESS,-0.15
2025-01-10T10:30:00-06:00,2025-01-10 16:30:00+00:00,2025-01-10T10:45:00-06:00,2025-01-10 16:45:00+00:00,SBEAN_BESS,-0.27
2025-01-10T10:45:00-06:00,2025-01-10 16:45:00+00:00,2025-01-10T11:00:00-06:00,2025-01-10 17:00:00+00:00,SBEAN_BESS,0.19
2025-01-10T11:00:00-06:00,2025-01-10 17:00:00+00:00,2025-01-10T11:15:00-06:00,2025-01-10 17:15:00+00:00,SBEAN_BESS,0.08
2025-01-10T11:15:00-06:00,2025-01-10 17:15:00+00:00,2025-01-10T11:30:00-06:00,2025-01-10 17:30:00+00:00,SBEAN_BESS,0
2025-01-10T11:30:00-06:00,2025-01-10 17:30:00+00:00,2025-01-10T11:45:00-06:00,2025-01-10 17:45:00+00:00,SBEAN_BESS,0.28
2025-01-10T11:45:00-06:00,2025-01-10 17:45:00+00:00,2025-01-10T12:00:00-06:00,2025-01-10 18:00:00+00:00,SBEAN_BESS,0.15
2025-01-10T12:00:00-06:00,2025-01-10 18:00:00+00:00,2025-01-10T12:15:00-06:00,2025-01-10 18:15:00+00:00,SBEAN_BESS,0.04
2025-01-10T12:15:00-06:00,2025-01-10 18:15:00+00:00,2025-01-10T12:30:00-06:00,2025-01-10 18:30:00+00:00,SBEAN_BESS,-0.01
2025-01-10T12:30:00-06:00,2025-01-10 18:30:00+00:00,2025-01-10T12:45:00-06:00,2025-01-10 18:45:00+00:00,SBEAN_BESS,-0.05
2025-01-10T12:45:00-06:00,2025-01-10 18:45:00+00:00,2025-01-10T13:00:00-06:00,2025-01-10 19:00:00+00:00,SBEAN_BESS,-0.09
2025-01-10T13:00:00-06:00,2025-01-10 19:00:00+00:00,2025-01-10T13:15:00-06:00,2025-01-10 19:15:00+00:00,SBEAN_BESS,0
2025-01-10T13:15:00-06:00,2025-01-10 19:15:00+00:00,2025-01-10T13:30:00-06:00,2025-01-10 19:30:00+00:00,SBEAN_BESS,-0.01
2025-01-10T13:30:00-06:00,2025-01-10 19:30:00+00:00,2025-01-10T13:45:00-06:00,2025-01-10 19:45:00+00:00,SBEAN_BESS,-0.43
2025-01-10T13:45:00-06:00,2025-01-10 19:45:00+00:00,2025-01-10T14:00:00-06:00,2025-01-10 20:00:00+00:00,SBEAN_BESS,-0.12
2025-01-10T14:00:00-06:00,2025-01-10 20:00:00+00:00,2025-01-10T14:15:00-06:00,2025-01-10 20:15:00+00:00,SBEAN_BESS,-0.12
2025-01-10T14:15:00-06:00,2025-01-10 20:15:00+00:00,2025-01-10T14:30:00-06:00,2025-01-10 20:30:00+00:00,SBEAN_BESS,-0.11
2025-01-10T14:30:00-06:00,2025-01-10 20:30:00+00:00,2025-01-10T14:45:00-06:00,2025-01-10 20:45:00+00:00,SBEAN_BESS,-0.12
2025-01-10T14:45:00-06:00,2025-01-10 20:45:00+00:00,2025-01-10T15:00:00-06:00,2025-01-10 21:00:00+00:00,SBEAN_BESS,0
2025-01-10T15:00:00-06:00,2025-01-10 21:00:00+00:00,2025-01-10T15:15:00-06:00,2025-01-10 21:15:00+00:00,SBEAN_BESS,0.05
2025-01-10T15:15:00-06:00,2025-01-10 21:15:00+00:00,2025-01-10T15:30:00-06:00,2025-01-10 21:30:00+00:00,SBEAN_BESS,0.5
2025-01-10T15:30:00-06:00,2025-01-10 21:30:00+00:00,2025-01-10T15:45:00-06:00,2025-01-10 21:45:00+00:00,SBEAN_BESS,6.27
2025-01-10T15:45:00-06:00,2025-01-10 21:45:00+00:00,2025-01-10T16:00:00-06:00,2025-01-10 22:00:00+00:00,SBEAN_BESS,18.53
2025-01-10T16:00:00-06:00,2025-01-10 22:00:00+00:00,2025-01-10T16:15:00-06:00,2025-01-10 22:15:00+00:00,SBEAN_BESS,18.82
2025-01-10T16:15:00-06:00,2025-01-10 22:15:00+00:00,2025-01-10T16:30:00-06:00,2025-01-10 22:30:00+00:00,SBEAN_BESS,20.07
2025-01-10T16:30:00-06:00,2025-01-10 22:30:00+00:00,2025-01-10T16:45:00-06:00,2025-01-10 22:45:00+00:00,SBEAN_BESS,22.62
2025-01-10T16:45:00-06:00,2025-01-10 22:45:00+00:00,2025-01-10T17:00:00-06:00,2025-01-10 23:00:00+00:00,SBEAN_BESS,26.42
2025-01-10T17:00:00-06:00,2025-01-10 23:00:00+00:00,2025-01-10T17:15:00-06:00,2025-01-10 23:15:00+00:00,SBEAN_BESS,29.77
2025-01-10T17:15:00-06:00,2025-01-10 23:15:00+00:00,2025-01-10T17:30:00-06:00,2025-01-10 23:30:00+00:00,SBEAN_BESS,43.09
2025-01-10T17:30:00-06:00,2025-01-10 23:30:00+00:00,2025-01-10T17:45:00-06:00,2025-01-10 23:45:00+00:00,SBEAN_BESS,54.87
2025-01-10T17:45:00-06:00,2025-01-10 23:45:00+00:00,2025-01-10T18:00:00-06:00,2025-01-11 00:00:00+00:00,SBEAN_BESS,63.68
2025-01-10T18:00:00-06:00,2025-01-11 00:00:00+00:00,2025-01-10T18:15:00-06:00,2025-01-11 00:15:00+00:00,SBEAN_BESS,58.99
2025-01-10T18:15:00-06:00,2025-01-11 00:15:00+00:00,2025-01-10T18:30:00-06:00,2025-01-11 00:30:00+00:00,SBEAN_BESS,74.5
2025-01-10T18:30:00-06:00,2025-01-11 00:30:00+00:00,2025-01-10T18:45:00-06:00,2025-01-11 00:45:00+00:00,SBEAN_BESS,75.55
2025-01-10T18:45:00-06:00,2025-01-11 00:45:00+00:00,2025-01-10T19:00:00-06:00,2025-01-11 01:00:00+00:00,SBEAN_BESS,72.29
2025-01-10T19:00:00-06:00,2025-01-11 01:00:00+00:00,2025-01-10T19:15:00-06:00,2025-01-11 01:15:00+00:00,SBEAN_BESS,67.54
2025-01-10T19:15:00-06:00,2025-01-11 01:15:00+00:00,2025-01-10T19:30:00-06:00,2025-01-11 01:30:00+00:00,SBEAN_BESS,58.15
2025-01-10T19:30:00-06:00,2025-01-11 01:30:00+00:00,2025-01-10T19:45:00-06:00,2025-01-11 01:45:00+00:00,SBEAN_BESS,50.13
2025-01-10T19:45:00-06:00,2025-01-11 01:45:00+00:00,2025-01-10T20:00:00-06:00,2025-01-11 02:00:00+00:00,SBEAN_BESS,51.14
2025-01-10T20:00:00-06:00,2025-01-11 02:00:00+00:00,2025-01-10T20:15:00-06:00,2025-01-11 02:15:00+00:00,SBEAN_BESS,55.15
2025-01-10T20:15:00-06:00,2025-01-11 02:15:00+00:00,2025-01-10T20:30:00-06:00,2025-01-11 02:30:00+00:00,SBEAN_BESS,52.59
2025-01-10T20:30:00-06:00,2025-01-11 02:30:00+00:00,2025-01-10T20:45:00-06:00,2025-01-11 02:45:00+00:00,SBEAN_BESS,53.84
2025-01-10T20:45:00-06:00,2025-01-11 02:45:00+00:00,2025-01-10T21:00:00-06:00,2025-01-11 03:00:00+00:00,SBEAN_BESS,49.28
2025-01-10T21:00:00-06:00,2025-01-11 03:00:00+00:00,2025-01-10T21:15:00-06:00,2025-01-11 03:15:00+00:00,SBEAN_BESS,41.91
2025-01-10T21:15:00-06:00,2025-01-11 03:15:00+00:00,2025-01-10T21:30:00-06:00,2025-01-11 03:30:00+00:00,SBEAN_BESS,41.95
2025-01-10T21:30:00-06:00,2025-01-11 03:30:00+00:00,2025-01-10T21:45:00-06:00,2025-01-11 03:45:00+00:00,SBEAN_BESS,49.28
2025-01-10T21:45:00-06:00,2025-01-11 03:45:00+00:00,2025-01-10T22:00:00-06:00,2025-01-11 04:00:00+00:00,SBEAN_BESS,53.06
2025-01-10T22:00:00-06:00,2025-01-11 04:00:00+00:00,2025-01-10T22:15:00-06:00,2025-01-11 04:15:00+00:00,SBEAN_BESS,57.92
2025-01-10T22:15:00-06:00,2025-01-11 04:15:00+00:00,2025-01-10T22:30:00-06:00,2025-01-11 04:30:00+00:00,SBEAN_BESS,65.73
2025-01-10T22:30:00-06:00,2025-01-11 04:30:00+00:00,2025-01-10T22:45:00-06:00,2025-01-11 04:45:00+00:00,SBEAN_BESS,67.53
2025-01-10T22:45:00-06:00,2025-01-11 04:45:00+00:00,2025-01-10T23:00:00-06:00,2025-01-11 05:00:00+00:00,SBEAN_BESS,70.04
2025-01-10T23:00:00-06:00,2025-01-11 05:00:00+00:00,2025-01-10T23:15:00-06:00,2025-01-11 05:15:00+00:00,SBEAN_BESS,72
2025-01-10T23:15:00-06:00,2025-01-11 05:15:00+00:00,2025-01-10T23:30:00-06:00,2025-01-11 05:30:00+00:00,SBEAN_BESS,53.48
2025-01-10T23:30:00-06:00,2025-01-11 05:30:00+00:00,2025-01-10T23:45:00-06:00,2025-01-11 05:45:00+00:00,SBEAN_BESS,48.93
2025-01-10T23:45:00-06:00,2025-01-11 05:45:00+00:00,2025-01-11T00:00:00-06:00,2025-01-11 06:00:00+00:00,SBEAN_BESS,45.86
2025-01-11T00:00:00-06:00,2025-01-11 06:00:00+00:00,2025-01-11T00:15:00-06:00,2025-01-11 06:15:00+00:00,SBEAN_BESS,39.07
2025-01-11T00:15:00-06:00,2025-01-11 06:15:00+00:00,2025-01-11T00:30:00-06:00,2025-01-11 06:30:00+00:00,SBEAN_BESS,39.71
2025-01-11T00:30:00-06:00,2025-01-11 06:30:00+00:00,2025-01-11T00:45:00-06:00,2025-01-11 06:45:00+00:00,SBEAN_BESS,40.06
2025-01-11T00:45:00-06:00,2025-01-11 06:45:00+00:00,2025-01-11T01:00:00-06:00,2025-01-11 07:00:00+00:00,SBEAN_BESS,37.33
2025-01-11T01:00:00-06:00,2025-01-11 07:00:00+00:00,2025-01-11T01:15:00-06:00,2025-01-11 07:15:00+00:00,SBEAN_BESS,34.68
2025-01-11T01:15:00-06:00,2025-01-11 07:15:00+00:00,2025-01-11T01:30:00-06:00,2025-01-11 07:30:00+00:00,SBEAN_BESS,34.29
2025-01-11T01:30:00-06:00,2025-01-11 07:30:00+00:00,2025-01-11T01:45:00-06:00,2025-01-11 07:45:00+00:00,SBEAN_BESS,35.16
2025-01-11T01:45:00-06:00,2025-01-11 07:45:00+00:00,2025-01-11T02:00:00-06:00,2025-01-11 08:00:00+00:00,SBEAN_BESS,36.63
2025-01-11T02:00:00-06:00,2025-01-11 08:00:00+00:00,2025-01-11T02:15:00-06:00,2025-01-11 08:15:00+00:00,SBEAN_BESS,38.66
2025-01-11T02:15:00-06:00,2025-01-11 08:15:00+00:00,2025-01-11T02:30:00-06:00,2025-01-11 08:30:00+00:00,SBEAN_BESS,46.14
2025-01-11T02:30:00-06:00,2025-01-11 08:30:00+00:00,2025-01-11T02:45:00-06:00,2025-01-11 08:45:00+00:00,SBEAN_BESS,53.56
2025-01-11T02:45:00-06:00,2025-01-11 08:45:00+00:00,2025-01-11T03:00:00-06:00,2025-01-11 09:00:00+00:00,SBEAN_BESS,50.23
2025-01-11T03:00:00-06:00,2025-01-11 09:00:00+00:00,2025-01-11T03:15:00-06:00,2025-01-11 09:15:00+00:00,SBEAN_BESS,49.99
2025-01-11T03:15:00-06:00,2025-01-11 09:15:00+00:00,2025-01-11T03:30:00-06:00,2025-01-11 09:30:00+00:00,SBEAN_BESS,52.66
2025-01-11T03:30:00-06:00,2025-01-11 09:30:00+00:00,2025-01-11T03:45:00-06:00,2025-01-11 09:45:00+00:00,SBEAN_BESS,55.12
2025-01-11T03:45:00-06:00,2025-01-11 09:45:00+00:00,2025-01-11T04:00:00-06:00,2025-01-11 10:00:00+00:00,SBEAN_BESS,55.26
2025-01-11T04:00:00-06:00,2025-01-11 10:00:00+00:00,2025-01-11T04:15:00-06:00,2025-01-11 10:15:00+00:00,SBEAN_BESS,45.66
2025-01-11T04:15:00-06:00,2025-01-11 10:15:00+00:00,2025-01-11T04:30:00-06:00,2025-01-11 10:30:00+00:00,SBEAN_BESS,36.46
2025-01-11T04:30:00-06:00,2025-01-11 10:30:00+00:00,2025-01-11T04:45:00-06:00,2025-01-11 10:45:00+00:00,SBEAN_BESS,39.47
2025-01-11T04:45:00-06:00,2025-01-11 10:45:00+00:00,2025-01-11T05:00:00-06:00,2025-01-11 11:00:00+00:00,SBEAN_BESS,38.58
2025-01-11T05:00:00-06:00,2025-01-11 11:00:00+00:00,2025-01-11T05:15:00-06:00,2025-01-11 11:15:00+00:00,SBEAN_BESS,38.18
2025-01-11T05:15:00-06:00,2025-01-11 11:15:00+00:00,2025-01-11T05:30:00-06:00,2025-01-11 11:30:00+00:00,SBEAN_BESS,39.05
2025-01-11T05:30:00-06:00,2025-01-11 11:30:00+00:00,2025-01-11T05:45:00-06:00,2025-01-11 11:45:00+00:00,SBEAN_BESS,31.54
2025-01-11T05:45:00-06:00,2025-01-11 11:45:00+00:00,2025-01-11T06:00:00-06:00,2025-01-11 12:00:00+00:00,SBEAN_BESS,26.84
2025-01-11T06:00:00-06:00,2025-01-11 12:00:00+00:00,2025-01-11T06:15:00-06:00,2025-01-11 12:15:00+00:00,SBEAN_BESS,25.09
2025-01-11T06:15:00-06:00,2025-01-11 12:15:00+00:00,2025-01-11T06:30:00-06:00,2025-01-11 12:30:00+00:00,SBEAN_BESS,24.83
2025-01-11T06:30:00-06:00,2025-01-11 12:30:00+00:00,2025-01-11T06:45:00-06:00,2025-01-11 12:45:00+00:00,SBEAN_BESS,24.46
2025-01-11T06:45:00-06:00,2025-01-11 12:45:00+00:00,2025-01-11T07:00:00-06:00,2025-01-11 13:00:00+00:00,SBEAN_BESS,24.28
2025-01-11T07:00:00-06:00,2025-01-11 13:00:00+00:00,2025-01-11T07:15:00-06:00,2025-01-11 13:15:00+00:00,SBEAN_BESS,23.74
2025-01-11T07:15:00-06:00,2025-01-11 13:15:00+00:00,2025-01-11T07:30:00-06:00,2025-01-11 13:30:00+00:00,SBEAN_BESS,21.91
2025-01-11T07:30:00-06:00,2025-01-11 13:30:00+00:00,2025-01-11T07:45:00-06:00,2025-01-11 13:45:00+00:00,SBEAN_BESS,23.53
2025-01-11T07:45:00-06:00,2025-01-11 13:45:00+00:00,2025-01-11T08:00:00-06:00,2025-01-11 14:00:00+00:00,SBEAN_BESS,21.39
2025-01-11T08:00:00-06:00,2025-01-11 14:00:00+00:00,2025-01-11T08:15:00-06:00,2025-01-11 14:15:00+00:00,SBEAN_BESS,24.68
2025-01-11T08:15:00-06:00,2025-01-11 14:15:00+00:00,2025-01-11T08:30:00-06:00,2025-01-11 14:30:00+00:00,SBEAN_BESS,13.47
2025-01-11T08:30:00-06:00,2025-01-11 14:30:00+00:00,2025-01-11T08:45:00-06:00,2025-01-11 14:45:00+00:00,SBEAN_BESS,0.98
2025-01-11T08:45:00-06:00,2025-01-11 14:45:00+00:00,2025-01-11T09:00:00-06:00,2025-01-11 15:00:00+00:00,SBEAN_BESS,0.8
2025-01-11T09:00:00-06:00,2025-01-11 15:00:00+00:00,2025-01-11T09:15:00-06:00,2025-01-11 15:15:00+00:00,SBEAN_BESS,0.69
2025-01-11T09:15:00-06:00,2025-01-11 15:15:00+00:00,2025-01-11T09:30:00-06:00,2025-01-11 15:30:00+00:00,SBEAN_BESS,0.58
2025-01-11T09:30:00-06:00,2025-01-11 15:30:00+00:00,2025-01-11T09:45:00-06:00,2025-01-11 15:45:00+00:00,SBEAN_BESS,0.41
2025-01-11T09:45:00-06:00,2025-01-11 15:45:00+00:00,2025-01-11T10:00:00-06:00,2025-01-11 16:00:00+00:00,SBEAN_BESS,0.41
2025-01-11T10:00:00-06:00,2025-01-11 16:00:00+00:00,2025-01-11T10:15:00-06:00,2025-01-11 16:15:00+00:00,SBEAN_BESS,0.39
2025-01-11T10:15:00-06:00,2025-01-11 16:15:00+00:00,2025-01-11T10:30:00-06:00,2025-01-11 16:30:00+00:00,SBEAN_BESS,0.4
2025-01-11T10:30:00-06:00,2025-01-11 16:30:00+00:00,2025-01-11T10:45:00-06:00,2025-01-11 16:45:00+00:00,SBEAN_BESS,0.33
2025-01-11T10:45:00-06:00,2025-01-11 16:45:00+00:00,2025-01-11T11:00:00-06:00,2025-01-11 17:00:00+00:00,SBEAN_BESS,0.1
2025-01-11T11:00:00-06:00,2025-01-11 17:00:00+00:00,2025-01-11T11:15:00-06:00,2025-01-11 17:15:00+00:00,SBEAN_BESS,-0.02
2025-01-11T11:15:00-06:00,2025-01-11 17:15:00+00:00,2025-01-11T11:30:00-06:00,2025-01-11 17:30:00+00:00,SBEAN_BESS,-0.07
2025-01-11T11:30:00-06:00,2025-01-11 17:30:00+00:00,2025-01-11T11:45:00-06:00,2025-01-11 17:45:00+00:00,SBEAN_BESS,-0.07
2025-01-11T11:45:00-06:00,2025-01-11 17:45:00+00:00,2025-01-11T12:00:00-06:00,2025-01-11 18:00:00+00:00,SBEAN_BESS,-0.11
2025-01-11T12:00:00-06:00,2025-01-11 18:00:00+00:00,2025-01-11T12:15:00-06:00,2025-01-11 18:15:00+00:00,SBEAN_BESS,-0.25
2025-01-11T12:15:00-06:00,2025-01-11 18:15:00+00:00,2025-01-11T12:30:00-06:00,2025-01-11 18:30:00+00:00,SBEAN_BESS,-0.2
2025-01-11T12:30:00-06:00,2025-01-11 18:30:00+00:00,2025-01-11T12:45:00-06:00,2025-01-11 18:45:00+00:00,SBEAN_BESS,-0.28
2025-01-11T12:45:00-06:00,2025-01-11 18:45:00+00:00,2025-01-11T13:00:00-06:00,2025-01-11 19:00:00+00:00,SBEAN_BESS,-0.41
2025-01-11T13:00:00-06:00,2025-01-11 19:00:00+00:00,2025-01-11T13:15:00-06:00,2025-01-11 19:15:00+00:00,SBEAN_BESS,-0.27
2025-01-11T13:15:00-06:00,2025-01-11 19:15:00+00:00,2025-01-11T13:30:00-06:00,2025-01-11 19:30:00+00:00,SBEAN_BESS,-0.5
2025-01-11T13:30:00-06:00,2025-01-11 19:30:00+00:00,2025-01-11T13:45:00-06:00,2025-01-11 19:45:00+00:00,SBEAN_BESS,-0.62
2025-01-11T13:45:00-06:00,2025-01-11 19:45:00+00:00,2025-01-11T14:00:00-06:00,2025-01-11 20:00:00+00:00,SBEAN_BESS,-0.69
2025-01-11T14:00:00-06:00,2025-01-11 20:00:00+00:00,2025-01-11T14:15:00-06:00,2025-01-11 20:15:00+00:00,SBEAN_BESS,-0.73
2025-01-11T14:15:00-06:00,2025-01-11 20:15:00+00:00,2025-01-11T14:30:00-06:00,2025-01-11 20:30:00+00:00,SBEAN_BESS,-0.79
2025-01-11T14:30:00-06:00,2025-01-11 20:30:00+00:00,2025-01-11T14:45:00-06:00,2025-01-11 20:45:00+00:00,SBEAN_BESS,-0.81
2025-01-11T14:45:00-06:00,2025-01-11 20:45:00+00:00,2025-01-11T15:00:00-06:00,2025-01-11 21:00:00+00:00,SBEAN_BESS,-0.8
2025-01-11T15:00:00-06:00,2025-01-11 21:00:00+00:00,2025-01-11T15:15:00-06:00,2025-01-11 21:15:00+00:00,SBEAN_BESS,-0.81
2025-01-11T15:15:00-06:00,2025-01-11 21:15:00+00:00,2025-01-11T15:30:00-06:00,2025-01-11 21:30:00+00:00,SBEAN_BESS,-0.89
2025-01-11T15:30:00-06:00,2025-01-11 21:30:00+00:00,2025-01-11T15:45:00-06:00,2025-01-11 21:45:00+00:00,SBEAN_BESS,-1.13
2025-01-11T15:45:00-06:00,2025-01-11 21:45:00+00:00,2025-01-11T16:00:00-06:00,2025-01-11 22:00:00+00:00,SBEAN_BESS,-1.88
2025-01-11T16:00:00-06:00,2025-01-11 22:00:00+00:00,2025-01-11T16:15:00-06:00,2025-01-11 22:15:00+00:00,SBEAN_BESS,-2.13
2025-01-11T16:15:00-06:00,2025-01-11 22:15:00+00:00,2025-01-11T16:30:00-06:00,2025-01-11 22:30:00+00:00,SBEAN_BESS,-1.7
2025-01-11T16:30:00-06:00,2025-01-11 22:30:00+00:00,2025-01-11T16:45:00-06:00,2025-01-11 22:45:00+00:00,SBEAN_BESS,-0.51
2025-01-11T16:45:00-06:00,2025-01-11 22:45:00+00:00,2025-01-11T17:00:00-06:00,2025-01-11 23:00:00+00:00,SBEAN_BESS,0.02
2025-01-11T17:00:00-06:00,2025-01-11 23:00:00+00:00,2025-01-11T17:15:00-06:00,2025-01-11 23:15:00+00:00,SBEAN_BESS,5.07
2025-01-11T17:15:00-06:00,2025-01-11 23:15:00+00:00,2025-01-11T17:30:00-06:00,2025-01-11 23:30:00+00:00,SBEAN_BESS,26.13
2025-01-11T17:30:00-06:00,2025-01-11 23:30:00+00:00,2025-01-11T17:45:00-06:00,2025-01-11 23:45:00+00:00,SBEAN_BESS,30.53
2025-01-11T17:45:00-06:00,2025-01-11 23:45:00+00:00,2025-01-11T18:00:00-06:00,2025-01-12 00:00:00+00:00,SBEAN_BESS,33.84
2025-01-11T18:00:00-06:00,2025-01-12 00:00:00+00:00,2025-01-11T18:15:00-06:00,2025-01-12 00:15:00+00:00,SBEAN_BESS,33.79
2025-01-11T18:15:00-06:00,2025-01-12 00:15:00+00:00,2025-01-11T18:30:00-06:00,2025-01-12 00:30:00+00:00,SBEAN_BESS,35.54
2025-01-11T18:30:00-06:00,2025-01-12 00:30:00+00:00,2025-01-11T18:45:00-06:00,2025-01-12 00:45:00+00:00,SBEAN_BESS,38.27
2025-01-11T18:45:00-06:00,2025-01-12 00:45:00+00:00,2025-01-11T19:00:00-06:00,2025-01-12 01:00:00+00:00,SBEAN_BESS,38.53
2025-01-11T19:00:00-06:00,2025-01-12 01:00:00+00:00,2025-01-11T19:15:00-06:00,2025-01-12 01:15:00+00:00,SBEAN_BESS,41.2
2025-01-11T19:15:00-06:00,2025-01-12 01:15:00+00:00,2025-01-11T19:30:00-06:00,2025-01-12 01:30:00+00:00,SBEAN_BESS,43.72
2025-01-11T19:30:00-06:00,2025-01-12 01:30:00+00:00,2025-01-11T19:45:00-06:00,2025-01-12 01:45:00+00:00,SBEAN_BESS,48.51
2025-01-11T19:45:00-06:00,2025-01-12 01:45:00+00:00,2025-01-11T20:00:00-06:00,2025-01-12 02:00:00+00:00,SBEAN_BESS,54.02
2025-01-11T20:00:00-06:00,2025-01-12 02:00:00+00:00,2025-01-11T20:15:00-06:00,2025-01-12 02:15:00+00:00,SBEAN_BESS,56.84
2025-01-11T20:15:00-06:00,2025-01-12 02:15:00+00:00,2025-01-11T20:30:00-06:00,2025-01-12 02:30:00+00:00,SBEAN_BESS,59.46
2025-01-11T20:30:00-06:00,2025-01-12 02:30:00+00:00,2025-01-11T20:45:00-06:00,2025-01-12 02:45:00+00:00,SBEAN_BESS,64.96
2025-01-11T20:45:00-06:00,2025-01-12 02:45:00+00:00,2025-01-11T21:00:00-06:00,2025-01-12 03:00:00+00:00,SBEAN_BESS,66.18
2025-01-11T21:00:00-06:00,2025-01-12 03:00:00+00:00,2025-01-11T21:15:00-06:00,2025-01-12 03:15:00+00:00,SBEAN_BESS,63.47
2025-01-11T21:15:00-06:00,2025-01-12 03:15:00+00:00,2025-01-11T21:30:00-06:00,2025-01-12 03:30:00+00:00,SBEAN_BESS,66.94
2025-01-11T21:30:00-06:00,2025-01-12 03:30:00+00:00,2025-01-11T21:45:00-06:00,2025-01-12 03:45:00+00:00,SBEAN_BESS,65.12
2025-01-11T21:45:00-06:00,2025-01-12 03:45:00+00:00,2025-01-11T22:00:00-06:00,2025-01-12 04:00:00+00:00,SBEAN_BESS,71.41
2025-01-11T22:00:00-06:00,2025-01-12 04:00:00+00:00,2025-01-11T22:15:00-06:00,2025-01-12 04:15:00+00:00,SBEAN_BESS,73.74
2025-01-11T22:15:00-06:00,2025-01-12 04:15:00+00:00,2025-01-11T22:30:00-06:00,2025-01-12 04:30:00+00:00,SBEAN_BESS,77.11
2025-01-11T22:30:00-06:00,2025-01-12 04:30:00+00:00,2025-01-11T22:45:00-06:00,2025-01-12 04:45:00+00:00,SBEAN_BESS,75.79
2025-01-11T22:45:00-06:00,2025-01-12 04:45:00+00:00,2025-01-11T23:00:00-06:00,2025-01-12 05:00:00+00:00,SBEAN_BESS,75.68
2025-01-11T23:00:00-06:00,2025-01-12 05:00:00+00:00,2025-01-11T23:15:00-06:00,2025-01-12 05:15:00+00:00,SBEAN_BESS,76.05
2025-01-11T23:15:00-06:00,2025-01-12 05:15:00+00:00,2025-01-11T23:30:00-06:00,2025-01-12 05:30:00+00:00,SBEAN_BESS,76.21
2025-01-11T23:30:00-06:00,2025-01-12 05:30:00+00:00,2025-01-11T23:45:00-06:00,2025-01-12 05:45:00+00:00,SBEAN_BESS,66.87
2025-01-11T23:45:00-06:00,2025-01-12 05:45:00+00:00,2025-01-12T00:00:00-06:00,2025-01-12 06:00:00+00:00,SBEAN_BESS,66.33
2025-01-12T00:00:00-06:00,2025-01-12 06:00:00+00:00,2025-01-12T00:15:00-06:00,2025-01-12 06:15:00+00:00,SBEAN_BESS,66.71
2025-01-12T00:15:00-06:00,2025-01-12 06:15:00+00:00,2025-01-12T00:30:00-06:00,2025-01-12 06:30:00+00:00,SBEAN_BESS,76.46
2025-01-12T00:30:00-06:00,2025-01-12 06:30:00+00:00,2025-01-12T00:45:00-06:00,2025-01-12 06:45:00+00:00,SBEAN_BESS,82.73
2025-01-12T00:45:00-06:00,2025-01-12 06:45:00+00:00,2025-01-12T01:00:00-06:00,2025-01-12 07:00:00+00:00,SBEAN_BESS,81.88
2025-01-12T01:00:00-06:00,2025-01-12 07:00:00+00:00,2025-01-12T01:15:00-06:00,2025-01-12 07:15:00+00:00,SBEAN_BESS,80.35
2025-01-12T01:15:00-06:00,2025-01-12 07:15:00+00:00,2025-01-12T01:30:00-06:00,2025-01-12 07:30:00+00:00,SBEAN_BESS,59.34
2025-01-12T01:30:00-06:00,2025-01-12 07:30:00+00:00,2025-01-12T01:45:00-06:00,2025-01-12 07:45:00+00:00,SBEAN_BESS,59.95
2025-01-12T01:45:00-06:00,2025-01-12 07:45:00+00:00,2025-01-12T02:00:00-06:00,2025-01-12 08:00:00+00:00,SBEAN_BESS,65.72
2025-01-12T02:00:00-06:00,2025-01-12 08:00:00+00:00,2025-01-12T02:15:00-06:00,2025-01-12 08:15:00+00:00,SBEAN_BESS,48.2
2025-01-12T02:15:00-06:00,2025-01-12 08:15:00+00:00,2025-01-12T02:30:00-06:00,2025-01-12 08:30:00+00:00,SBEAN_BESS,53.16
2025-01-12T02:30:00-06:00,2025-01-12 08:30:00+00:00,2025-01-12T02:45:00-06:00,2025-01-12 08:45:00+00:00,SBEAN_BESS,66.91
2025-01-12T02:45:00-06:00,2025-01-12 08:45:00+00:00,2025-01-12T03:00:00-06:00,2025-01-12 09:00:00+00:00,SBEAN_BESS,76.39
2025-01-12T03:00:00-06:00,2025-01-12 09:00:00+00:00,2025-01-12T03:15:00-06:00,2025-01-12 09:15:00+00:00,SBEAN_BESS,90.49
2025-01-12T03:15:00-06:00,2025-01-12 09:15:00+00:00,2025-01-12T03:30:00-06:00,2025-01-12 09:30:00+00:00,SBEAN_BESS,72.62
2025-01-12T03:30:00-06:00,2025-01-12 09:30:00+00:00,2025-01-12T03:45:00-06:00,2025-01-12 09:45:00+00:00,SBEAN_BESS,70.4
2025-01-12T03:45:00-06:00,2025-01-12 09:45:00+00:00,2025-01-12T04:00:00-06:00,2025-01-12 10:00:00+00:00,SBEAN_BESS,89.26
2025-01-12T04:00:00-06:00,2025-01-12 10:00:00+00:00,2025-01-12T04:15:00-06:00,2025-01-12 10:15:00+00:00,SBEAN_BESS,87.28
2025-01-12T04:15:00-06:00,2025-01-12 10:15:00+00:00,2025-01-12T04:30:00-06:00,2025-01-12 10:30:00+00:00,SBEAN_BESS,87.27
2025-01-12T04:30:00-06:00,2025-01-12 10:30:00+00:00,2025-01-12T04:45:00-06:00,2025-01-12 10:45:00+00:00,SBEAN_BESS,68.1
2025-01-12T04:45:00-06:00,2025-01-12 10:45:00+00:00,2025-01-12T05:00:00-06:00,2025-01-12 11:00:00+00:00,SBEAN_BESS,45.13
2025-01-12T05:00:00-06:00,2025-01-12 11:00:00+00:00,2025-01-12T05:15:00-06:00,2025-01-12 11:15:00+00:00,SBEAN_BESS,66.08
2025-01-12T05:15:00-06:00,2025-01-12 11:15:00+00:00,2025-01-12T05:30:00-06:00,2025-01-12 11:30:00+00:00,SBEAN_BESS,71.83
2025-01-12T05:30:00-06:00,2025-01-12 11:30:00+00:00,2025-01-12T05:45:00-06:00,2025-01-12 11:45:00+00:00,SBEAN_BESS,73.56
2025-01-12T05:45:00-06:00,2025-01-12 11:45:00+00:00,2025-01-12T06:00:00-06:00,2025-01-12 12:00:00+00:00,SBEAN_BESS,66.28
2025-01-12T06:00:00-06:00,2025-01-12 12:00:00+00:00,2025-01-12T06:15:00-06:00,2025-01-12 12:15:00+00:00,SBEAN_BESS,67.54
2025-01-12T06:15:00-06:00,2025-01-12 12:15:00+00:00,2025-01-12T06:30:00-06:00,2025-01-12 12:30:00+00:00,SBEAN_BESS,73.97
2025-01-12T06:30:00-06:00,2025-01-12 12:30:00+00:00,2025-01-12T06:45:00-06:00,2025-01-12 12:45:00+00:00,SBEAN_BESS,81.33
2025-01-12T06:45:00-06:00,2025-01-12 12:45:00+00:00,2025-01-12T07:00:00-06:00,2025-01-12 13:00:00+00:00,SBEAN_BESS,66.55
2025-01-12T07:00:00-06:00,2025-01-12 13:00:00+00:00,2025-01-12T07:15:00-06:00,2025-01-12 13:15:00+00:00,SBEAN_BESS,61.11
2025-01-12T07:15:00-06:00,2025-01-12 13:15:00+00:00,2025-01-12T07:30:00-06:00,2025-01-12 13:30:00+00:00,SBEAN_BESS,67.57
2025-01-12T07:30:00-06:00,2025-01-12 13:30:00+00:00,2025-01-12T07:45:00-06:00,2025-01-12 13:45:00+00:00,SBEAN_BESS,74.04
2025-01-12T07:45:00-06:00,2025-01-12 13:45:00+00:00,2025-01-12T08:00:00-06:00,2025-01-12 14:00:00+00:00,SBEAN_BESS,69.98
2025-01-12T08:00:00-06:00,2025-01-12 14:00:00+00:00,2025-01-12T08:15:00-06:00,2025-01-12 14:15:00+00:00,SBEAN_BESS,55.35
2025-01-12T08:15:00-06:00,2025-01-12 14:15:00+00:00,2025-01-12T08:30:00-06:00,2025-01-12 14:30:00+00:00,SBEAN_BESS,34.3
2025-01-12T08:30:00-06:00,2025-01-12 14:30:00+00:00,2025-01-12T08:45:00-06:00,2025-01-12 14:45:00+00:00,SBEAN_BESS,27.38
2025-01-12T08:45:00-06:00,2025-01-12 14:45:00+00:00,2025-01-12T09:00:00-06:00,2025-01-12 15:00:00+00:00,SBEAN_BESS,23.83
2025-01-12T09:00:00-06:00,2025-01-12 15:00:00+00:00,2025-01-12T09:15:00-06:00,2025-01-12 15:15:00+00:00,SBEAN_BESS,25.72
2025-01-12T09:15:00-06:00,2025-01-12 15:15:00+00:00,2025-01-12T09:30:00-06:00,2025-01-12 15:30:00+00:00,SBEAN_BESS,24.48
2025-01-12T09:30:00-06:00,2025-01-12 15:30:00+00:00,2025-01-12T09:45:00-06:00,2025-01-12 15:45:00+00:00,SBEAN_BESS,22.66
2025-01-12T09:45:00-06:00,2025-01-12 15:45:00+00:00,2025-01-12T10:00:00-06:00,2025-01-12 16:00:00+00:00,SBEAN_BESS,20.88
2025-01-12T10:00:00-06:00,2025-01-12 16:00:00+00:00,2025-01-12T10:15:00-06:00,2025-01-12 16:15:00+00:00,SBEAN_BESS,15.62
2025-01-12T10:15:00-06:00,2025-01-12 16:15:00+00:00,2025-01-12T10:30:00-06:00,2025-01-12 16:30:00+00:00,SBEAN_BESS,10.73
2025-01-12T10:30:00-06:00,2025-01-12 16:30:00+00:00,2025-01-12T10:45:00-06:00,2025-01-12 16:45:00+00:00,SBEAN_BESS,6.2
2025-01-12T10:45:00-06:00,2025-01-12 16:45:00+00:00,2025-01-12T11:00:00-06:00,2025-01-12 17:00:00+00:00,SBEAN_BESS,9.18
2025-01-12T11:00:00-06:00,2025-01-12 17:00:00+00:00,2025-01-12T11:15:00-06:00,2025-01-12 17:15:00+00:00,SBEAN_BESS,11.78
2025-01-12T11:15:00-06:00,2025-01-12 17:15:00+00:00,2025-01-12T11:30:00-06:00,2025-01-12 17:30:00+00:00,SBEAN_BESS,13.84
2025-01-12T11:30:00-06:00,2025-01-12 17:30:00+00:00,2025-01-12T11:45:00-06:00,2025-01-12 17:45:00+00:00,SBEAN_BESS,12.2
2025-01-12T11:45:00-06:00,2025-01-12 17:45:00+00:00,2025-01-12T12:00:00-06:00,2025-01-12 18:00:00+00:00,SBEAN_BESS,6.89
2025-01-12T12:00:00-06:00,2025-01-12 18:00:00+00:00,2025-01-12T12:15:00-06:00,2025-01-12 18:15:00+00:00,SBEAN_BESS,8.13
2025-01-12T12:15:00-06:00,2025-01-12 18:15:00+00:00,2025-01-12T12:30:00-06:00,2025-01-12 18:30:00+00:00,SBEAN_BESS,7.45
2025-01-12T12:30:00-06:00,2025-01-12 18:30:00+00:00,2025-01-12T12:45:00-06:00,2025-01-12 18:45:00+00:00,SBEAN_BESS,9.49
2025-01-12T12:45:00-06:00,2025-01-12 18:45:00+00:00,2025-01-12T13:00:00-06:00,2025-01-12 19:00:00+00:00,SBEAN_BESS,11.35
2025-01-12T13:00:00-06:00,2025-01-12 19:00:00+00:00,2025-01-12T13:15:00-06:00,2025-01-12 19:15:00+00:00,SBEAN_BESS,11.74
2025-01-12T13:15:00-06:00,2025-01-12 19:15:00+00:00,2025-01-12T13:30:00-06:00,2025-01-12 19:30:00+00:00,SBEAN_BESS,12.69
2025-01-12T13:30:00-06:00,2025-01-12 19:30:00+00:00,2025-01-12T13:45:00-06:00,2025-01-12 19:45:00+00:00,SBEAN_BESS,12.96
2025-01-12T13:45:00-06:00,2025-01-12 19:45:00+00:00,2025-01-12T14:00:00-06:00,2025-01-12 20:00:00+00:00,SBEAN_BESS,11.92
2025-01-12T14:00:00-06:00,2025-01-12 20:00:00+00:00,2025-01-12T14:15:00-06:00,2025-01-12 20:15:00+00:00,SBEAN_BESS,3.27
2025-01-12T14:15:00-06:00,2025-01-12 20:15:00+00:00,2025-01-12T14:30:00-06:00,2025-01-12 20:30:00+00:00,SBEAN_BESS,7.52
2025-01-12T14:30:00-06:00,2025-01-12 20:30:00+00:00,2025-01-12T14:45:00-06:00,2025-01-12 20:45:00+00:00,SBEAN_BESS,3.15
2025-01-12T14:45:00-06:00,2025-01-12 20:45:00+00:00,2025-01-12T15:00:00-06:00,2025-01-12 21:00:00+00:00,SBEAN_BESS,4.26
2025-01-12T15:00:00-06:00,2025-01-12 21:00:00+00:00,2025-01-12T15:15:00-06:00,2025-01-12 21:15:00+00:00,SBEAN_BESS,2.14
2025-01-12T15:15:00-06:00,2025-01-12 21:15:00+00:00,2025-01-12T15:30:00-06:00,2025-01-12 21:30:00+00:00,SBEAN_BESS,1.19
2025-01-12T15:30:00-06:00,2025-01-12 21:30:00+00:00,2025-01-12T15:45:00-06:00,2025-01-12 21:45:00+00:00,SBEAN_BESS,0.34
2025-01-12T15:45:00-06:00,2025-01-12 21:45:00+00:00,2025-01-12T16:00:00-06:00,2025-01-12 22:00:00+00:00,SBEAN_BESS,0.47
2025-01-12T16:00:00-06:00,2025-01-12 22:00:00+00:00,2025-01-12T16:15:00-06:00,2025-01-12 22:15:00+00:00,SBEAN_BESS,9.62
2025-01-12T16:15:00-06:00,2025-01-12 22:15:00+00:00,2025-01-12T16:30:00-06:00,2025-01-12 22:30:00+00:00,SBEAN_BESS,19.98
2025-01-12T16:30:00-06:00,2025-01-12 22:30:00+00:00,2025-01-12T16:45:00-06:00,2025-01-12 22:45:00+00:00,SBEAN_BESS,23.91
2025-01-12T16:45:00-06:00,2025-01-12 22:45:00+00:00,2025-01-12T17:00:00-06:00,2025-01-12 23:00:00+00:00,SBEAN_BESS,28.46
2025-01-12T17:00:00-06:00,2025-01-12 23:00:00+00:00,2025-01-12T17:15:00-06:00,2025-01-12 23:15:00+00:00,SBEAN_BESS,28.56
2025-01-12T17:15:00-06:00,2025-01-12 23:15:00+00:00,2025-01-12T17:30:00-06:00,2025-01-12 23:30:00+00:00,SBEAN_BESS,34.51
2025-01-12T17:30:00-06:00,2025-01-12 23:30:00+00:00,2025-01-12T17:45:00-06:00,2025-01-12 23:45:00+00:00,SBEAN_BESS,44.83
2025-01-12T17:45:00-06:00,2025-01-12 23:45:00+00:00,2025-01-12T18:00:00-06:00,2025-01-13 00:00:00+00:00,SBEAN_BESS,64.19
2025-01-12T18:00:00-06:00,2025-01-13 00:00:00+00:00,2025-01-12T18:15:00-06:00,2025-01-13 00:15:00+00:00,SBEAN_BESS,66.92
2025-01-12T18:15:00-06:00,2025-01-13 00:15:00+00:00,2025-01-12T18:30:00-06:00,2025-01-13 00:30:00+00:00,SBEAN_BESS,71.05
2025-01-12T18:30:00-06:00,2025-01-13 00:30:00+00:00,2025-01-12T18:45:00-06:00,2025-01-13 00:45:00+00:00,SBEAN_BESS,70.64
2025-01-12T18:45:00-06:00,2025-01-13 00:45:00+00:00,2025-01-12T19:00:00-06:00,2025-01-13 01:00:00+00:00,SBEAN_BESS,67.38
2025-01-12T19:00:00-06:00,2025-01-13 01:00:00+00:00,2025-01-12T19:15:00-06:00,2025-01-13 01:15:00+00:00,SBEAN_BESS,71.01
2025-01-12T19:15:00-06:00,2025-01-13 01:15:00+00:00,2025-01-12T19:30:00-06:00,2025-01-13 01:30:00+00:00,SBEAN_BESS,67.64
2025-01-12T19:30:00-06:00,2025-01-13 01:30:00+00:00,2025-01-12T19:45:00-06:00,2025-01-13 01:45:00+00:00,SBEAN_BESS,67.19
2025-01-12T19:45:00-06:00,2025-01-13 01:45:00+00:00,2025-01-12T20:00:00-06:00,2025-01-13 02:00:00+00:00,SBEAN_BESS,67.05
2025-01-12T20:00:00-06:00,2025-01-13 02:00:00+00:00,2025-01-12T20:15:00-06:00,2025-01-13 02:15:00+00:00,SBEAN_BESS,68.83
2025-01-12T20:15:00-06:00,2025-01-13 02:15:00+00:00,2025-01-12T20:30:00-06:00,2025-01-13 02:30:00+00:00,SBEAN_BESS,67.97
2025-01-12T20:30:00-06:00,2025-01-13 02:30:00+00:00,2025-01-12T20:45:00-06:00,2025-01-13 02:45:00+00:00,SBEAN_BESS,68.35
2025-01-12T20:45:00-06:00,2025-01-13 02:45:00+00:00,2025-01-12T21:00:00-06:00,2025-01-13 03:00:00+00:00,SBEAN_BESS,71.68
2025-01-12T21:00:00-06:00,2025-01-13 03:00:00+00:00,2025-01-12T21:15:00-06:00,2025-01-13 03:15:00+00:00,SBEAN_BESS,85.07
2025-01-12T21:15:00-06:00,2025-01-13 03:15:00+00:00,2025-01-12T21:30:00-06:00,2025-01-13 03:30:00+00:00,SBEAN_BESS,77.65
2025-01-12T21:30:00-06:00,2025-01-13 03:30:00+00:00,2025-01-12T21:45:00-06:00,2025-01-13 03:45:00+00:00,SBEAN_BESS,66.94
2025-01-12T21:45:00-06:00,2025-01-13 03:45:00+00:00,2025-01-12T22:00:00-06:00,2025-01-13 04:00:00+00:00,SBEAN_BESS,62.34
2025-01-12T22:00:00-06:00,2025-01-13 04:00:00+00:00,2025-01-12T22:15:00-06:00,2025-01-13 04:15:00+00:00,SBEAN_BESS,61.73
2025-01-12T22:15:00-06:00,2025-01-13 04:15:00+00:00,2025-01-12T22:30:00-06:00,2025-01-13 04:30:00+00:00,SBEAN_BESS,58.56
2025-01-12T22:30:00-06:00,2025-01-13 04:30:00+00:00,2025-01-12T22:45:00-06:00,2025-01-13 04:45:00+00:00,SBEAN_BESS,55.24
2025-01-12T22:45:00-06:00,2025-01-13 04:45:00+00:00,2025-01-12T23:00:00-06:00,2025-01-13 05:00:00+00:00,SBEAN_BESS,54.43
2025-01-12T23:00:00-06:00,2025-01-13 05:00:00+00:00,2025-01-12T23:15:00-06:00,2025-01-13 05:15:00+00:00,SBEAN_BESS,51.7
2025-01-12T23:15:00-06:00,2025-01-13 05:15:00+00:00,2025-01-12T23:30:00-06:00,2025-01-13 05:30:00+00:00,SBEAN_BESS,49.29
2025-01-12T23:30:00-06:00,2025-01-13 05:30:00+00:00,2025-01-12T23:45:00-06:00,2025-01-13 05:45:00+00:00,SBEAN_BESS,44.95
2025-01-12T23:45:00-06:00,2025-01-13 05:45:00+00:00,2025-01-13T00:00:00-06:00,2025-01-13 06:00:00+00:00,SBEAN_BESS,46.98
2025-01-13T00:00:00-06:00,2025-01-13 06:00:00+00:00,2025-01-13T00:15:00-06:00,2025-01-13 06:15:00+00:00,SBEAN_BESS,49.6
2025-01-13T00:15:00-06:00,2025-01-13 06:15:00+00:00,2025-01-13T00:30:00-06:00,2025-01-13 06:30:00+00:00,SBEAN_BESS,49.42
2025-01-13T00:30:00-06:00,2025-01-13 06:30:00+00:00,2025-01-13T00:45:00-06:00,2025-01-13 06:45:00+00:00,SBEAN_BESS,47.61
2025-01-13T00:45:00-06:00,2025-01-13 06:45:00+00:00,2025-01-13T01:00:00-06:00,2025-01-13 07:00:00+00:00,SBEAN_BESS,50.96
2025-01-13T01:00:00-06:00,2025-01-13 07:00:00+00:00,2025-01-13T01:15:00-06:00,2025-01-13 07:15:00+00:00,SBEAN_BESS,53.22
2025-01-13T01:15:00-06:00,2025-01-13 07:15:00+00:00,2025-01-13T01:30:00-06:00,2025-01-13 07:30:00+00:00,SBEAN_BESS,53.68
2025-01-13T01:30:00-06:00,2025-01-13 07:30:00+00:00,2025-01-13T01:45:00-06:00,2025-01-13 07:45:00+00:00,SBEAN_BESS,53.71
2025-01-13T01:45:00-06:00,2025-01-13 07:45:00+00:00,2025-01-13T02:00:00-06:00,2025-01-13 08:00:00+00:00,SBEAN_BESS,58.99
2025-01-13T02:00:00-06:00,2025-01-13 08:00:00+00:00,2025-01-13T02:15:00-06:00,2025-01-13 08:15:00+00:00,SBEAN_BESS,59.52
2025-01-13T02:15:00-06:00,2025-01-13 08:15:00+00:00,2025-01-13T02:30:00-06:00,2025-01-13 08:30:00+00:00,SBEAN_BESS,60.13
2025-01-13T02:30:00-06:00,2025-01-13 08:30:00+00:00,2025-01-13T02:45:00-06:00,2025-01-13 08:45:00+00:00,SBEAN_BESS,60.7
2025-01-13T02:45:00-06:00,2025-01-13 08:45:00+00:00,2025-01-13T03:00:00-06:00,2025-01-13 09:00:00+00:00,SBEAN_BESS,61.39
2025-01-13T03:00:00-06:00,2025-01-13 09:00:00+00:00,2025-01-13T03:15:00-06:00,2025-01-13 09:15:00+00:00,SBEAN_BESS,61.58
2025-01-13T03:15:00-06:00,2025-01-13 09:15:00+00:00,2025-01-13T03:30:00-06:00,2025-01-13 09:30:00+00:00,SBEAN_BESS,67.55
2025-01-13T03:30:00-06:00,2025-01-13 09:30:00+00:00,2025-01-13T03:45:00-06:00,2025-01-13 09:45:00+00:00,SBEAN_BESS,71.53
2025-01-13T03:45:00-06:00,2025-01-13 09:45:00+00:00,2025-01-13T04:00:00-06:00,2025-01-13 10:00:00+00:00,SBEAN_BESS,78.33
2025-01-13T04:00:00-06:00,2025-01-13 10:00:00+00:00,2025-01-13T04:15:00-06:00,2025-01-13 10:15:00+00:00,SBEAN_BESS,108.6
2025-01-13T04:15:00-06:00,2025-01-13 10:15:00+00:00,2025-01-13T04:30:00-06:00,2025-01-13 10:30:00+00:00,SBEAN_BESS,79.41
2025-01-13T04:30:00-06:00,2025-01-13 10:30:00+00:00,2025-01-13T04:45:00-06:00,2025-01-13 10:45:00+00:00,SBEAN_BESS,69.31
2025-01-13T04:45:00-06:00,2025-01-13 10:45:00+00:00,2025-01-13T05:00:00-06:00,2025-01-13 11:00:00+00:00,SBEAN_BESS,76.24
2025-01-13T05:00:00-06:00,2025-01-13 11:00:00+00:00,2025-01-13T05:15:00-06:00,2025-01-13 11:15:00+00:00,SBEAN_BESS,79.34
2025-01-13T05:15:00-06:00,2025-01-13 11:15:00+00:00,2025-01-13T05:30:00-06:00,2025-01-13 11:30:00+00:00,SBEAN_BESS,79.1
2025-01-13T05:30:00-06:00,2025-01-13 11:30:00+00:00,2025-01-13T05:45:00-06:00,2025-01-13 11:45:00+00:00,SBEAN_BESS,79.54
2025-01-13T05:45:00-06:00,2025-01-13 11:45:00+00:00,2025-01-13T06:00:00-06:00,2025-01-13 12:00:00+00:00,SBEAN_BESS,82.2
2025-01-13T06:00:00-06:00,2025-01-13 12:00:00+00:00,2025-01-13T06:15:00-06:00,2025-01-13 12:15:00+00:00,SBEAN_BESS,82.67
2025-01-13T06:15:00-06:00,2025-01-13 12:15:00+00:00,2025-01-13T06:30:00-06:00,2025-01-13 12:30:00+00:00,SBEAN_BESS,94.29
2025-01-13T06:30:00-06:00,2025-01-13 12:30:00+00:00,2025-01-13T06:45:00-06:00,2025-01-13 12:45:00+00:00,SBEAN_BESS,115.55
2025-01-13T06:45:00-06:00,2025-01-13 12:45:00+00:00,2025-01-13T07:00:00-06:00,2025-01-13 13:00:00+00:00,SBEAN_BESS,126.13
2025-01-13T07:00:00-06:00,2025-01-13 13:00:00+00:00,2025-01-13T07:15:00-06:00,2025-01-13 13:15:00+00:00,SBEAN_BESS,167.26
2025-01-13T07:15:00-06:00,2025-01-13 13:15:00+00:00,2025-01-13T07:30:00-06:00,2025-01-13 13:30:00+00:00,SBEAN_BESS,186.82
2025-01-13T07:30:00-06:00,2025-01-13 13:30:00+00:00,2025-01-13T07:45:00-06:00,2025-01-13 13:45:00+00:00,SBEAN_BESS,158.8
2025-01-13T07:45:00-06:00,2025-01-13 13:45:00+00:00,2025-01-13T08:00:00-06:00,2025-01-13 14:00:00+00:00,SBEAN_BESS,123.29
2025-01-13T08:00:00-06:00,2025-01-13 14:00:00+00:00,2025-01-13T08:15:00-06:00,2025-01-13 14:15:00+00:00,SBEAN_BESS,119.9
2025-01-13T08:15:00-06:00,2025-01-13 14:15:00+00:00,2025-01-13T08:30:00-06:00,2025-01-13 14:30:00+00:00,SBEAN_BESS,52.43
2025-01-13T08:30:00-06:00,2025-01-13 14:30:00+00:00,2025-01-13T08:45:00-06:00,2025-01-13 14:45:00+00:00,SBEAN_BESS,35.25
2025-01-13T08:45:00-06:00,2025-01-13 14:45:00+00:00,2025-01-13T09:00:00-06:00,2025-01-13 15:00:00+00:00,SBEAN_BESS,31.09
2025-01-13T09:00:00-06:00,2025-01-13 15:00:00+00:00,2025-01-13T09:15:00-06:00,2025-01-13 15:15:00+00:00,SBEAN_BESS,29.67
2025-01-13T09:15:00-06:00,2025-01-13 15:15:00+00:00,2025-01-13T09:30:00-06:00,2025-01-13 15:30:00+00:00,SBEAN_BESS,27.31
2025-01-13T09:30:00-06:00,2025-01-13 15:30:00+00:00,2025-01-13T09:45:00-06:00,2025-01-13 15:45:00+00:00,SBEAN_BESS,25.91
2025-01-13T09:45:00-06:00,2025-01-13 15:45:00+00:00,2025-01-13T10:00:00-06:00,2025-01-13 16:00:00+00:00,SBEAN_BESS,24.88
2025-01-13T10:00:00-06:00,2025-01-13 16:00:00+00:00,2025-01-13T10:15:00-06:00,2025-01-13 16:15:00+00:00,SBEAN_BESS,26.2
2025-01-13T10:15:00-06:00,2025-01-13 16:15:00+00:00,2025-01-13T10:30:00-06:00,2025-01-13 16:30:00+00:00,SBEAN_BESS,27.81
2025-01-13T10:30:00-06:00,2025-01-13 16:30:00+00:00,2025-01-13T10:45:00-06:00,2025-01-13 16:45:00+00:00,SBEAN_BESS,26.14
2025-01-13T10:45:00-06:00,2025-01-13 16:45:00+00:00,2025-01-13T11:00:00-06:00,2025-01-13 17:00:00+00:00,SBEAN_BESS,25.33
2025-01-13T11:00:00-06:00,2025-01-13 17:00:00+00:00,2025-01-13T11:15:00-06:00,2025-01-13 17:15:00+00:00,SBEAN_BESS,24.13
2025-01-13T11:15:00-06:00,2025-01-13 17:15:00+00:00,2025-01-13T11:30:00-06:00,2025-01-13 17:30:00+00:00,SBEAN_BESS,23.7
2025-01-13T11:30:00-06:00,2025-01-13 17:30:00+00:00,2025-01-13T11:45:00-06:00,2025-01-13 17:45:00+00:00,SBEAN_BESS,22.97
2025-01-13T11:45:00-06:00,2025-01-13 17:45:00+00:00,2025-01-13T12:00:00-06:00,2025-01-13 18:00:00+00:00,SBEAN_BESS,22.84
2025-01-13T12:00:00-06:00,2025-01-13 18:00:00+00:00,2025-01-13T12:15:00-06:00,2025-01-13 18:15:00+00:00,SBEAN_BESS,22.82
2025-01-13T12:15:00-06:00,2025-01-13 18:15:00+00:00,2025-01-13T12:30:00-06:00,2025-01-13 18:30:00+00:00,SBEAN_BESS,22.54
2025-01-13T12:30:00-06:00,2025-01-13 18:30:00+00:00,2025-01-13T12:45:00-06:00,2025-01-13 18:45:00+00:00,SBEAN_BESS,22.05
2025-01-13T12:45:00-06:00,2025-01-13 18:45:00+00:00,2025-01-13T13:00:00-06:00,2025-01-13 19:00:00+00:00,SBEAN_BESS,21.84
2025-01-13T13:00:00-06:00,2025-01-13 19:00:00+00:00,2025-01-13T13:15:00-06:00,2025-01-13 19:15:00+00:00,SBEAN_BESS,21.92
2025-01-13T13:15:00-06:00,2025-01-13 19:15:00+00:00,2025-01-13T13:30:00-06:00,2025-01-13 19:30:00+00:00,SBEAN_BESS,21.48
2025-01-13T13:30:00-06:00,2025-01-13 19:30:00+00:00,2025-01-13T13:45:00-06:00,2025-01-13 19:45:00+00:00,SBEAN_BESS,21.24
2025-01-13T13:45:00-06:00,2025-01-13 19:45:00+00:00,2025-01-13T14:00:00-06:00,2025-01-13 20:00:00+00:00,SBEAN_BESS,20.93
2025-01-13T14:00:00-06:00,2025-01-13 20:00:00+00:00,2025-01-13T14:15:00-06:00,2025-01-13 20:15:00+00:00,SBEAN_BESS,20.27
2025-01-13T14:15:00-06:00,2025-01-13 20:15:00+00:00,2025-01-13T14:30:00-06:00,2025-01-13 20:30:00+00:00,SBEAN_BESS,19.53
2025-01-13T14:30:00-06:00,2025-01-13 20:30:00+00:00,2025-01-13T14:45:00-06:00,2025-01-13 20:45:00+00:00,SBEAN_BESS,19.85
2025-01-13T14:45:00-06:00,2025-01-13 20:45:00+00:00,2025-01-13T15:00:00-06:00,2025-01-13 21:00:00+00:00,SBEAN_BESS,20.18
2025-01-13T15:00:00-06:00,2025-01-13 21:00:00+00:00,2025-01-13T15:15:00-06:00,2025-01-13 21:15:00+00:00,SBEAN_BESS,20.19
2025-01-13T15:15:00-06:00,2025-01-13 21:15:00+00:00,2025-01-13T15:30:00-06:00,2025-01-13 21:30:00+00:00,SBEAN_BESS,19.1
2025-01-13T15:30:00-06:00,2025-01-13 21:30:00+00:00,2025-01-13T15:45:00-06:00,2025-01-13 21:45:00+00:00,SBEAN_BESS,21.49
2025-01-13T15:45:00-06:00,2025-01-13 21:45:00+00:00,2025-01-13T16:00:00-06:00,2025-01-13 22:00:00+00:00,SBEAN_BESS,21.48
2025-01-13T16:00:00-06:00,2025-01-13 22:00:00+00:00,2025-01-13T16:15:00-06:00,2025-01-13 22:15:00+00:00,SBEAN_BESS,20.63
2025-01-13T16:15:00-06:00,2025-01-13 22:15:00+00:00,2025-01-13T16:30:00-06:00,2025-01-13 22:30:00+00:00,SBEAN_BESS,22.68
2025-01-13T16:30:00-06:00,2025-01-13 22:30:00+00:00,2025-01-13T16:45:00-06:00,2025-01-13 22:45:00+00:00,SBEAN_BESS,24.66
2025-01-13T16:45:00-06:00,2025-01-13 22:45:00+00:00,2025-01-13T17:00:00-06:00,2025-01-13 23:00:00+00:00,SBEAN_BESS,31.2
2025-01-13T17:00:00-06:00,2025-01-13 23:00:00+00:00,2025-01-13T17:15:00-06:00,2025-01-13 23:15:00+00:00,SBEAN_BESS,34.58
2025-01-13T17:15:00-06:00,2025-01-13 23:15:00+00:00,2025-01-13T17:30:00-06:00,2025-01-13 23:30:00+00:00,SBEAN_BESS,54.37
2025-01-13T17:30:00-06:00,2025-01-13 23:30:00+00:00,2025-01-13T17:45:00-06:00,2025-01-13 23:45:00+00:00,SBEAN_BESS,82.33
2025-01-13T17:45:00-06:00,2025-01-13 23:45:00+00:00,2025-01-13T18:00:00-06:00,2025-01-14 00:00:00+00:00,SBEAN_BESS,90.75
2025-01-13T18:00:00-06:00,2025-01-14 00:00:00+00:00,2025-01-13T18:15:00-06:00,2025-01-14 00:15:00+00:00,SBEAN_BESS,92.76
2025-01-13T18:15:00-06:00,2025-01-14 00:15:00+00:00,2025-01-13T18:30:00-06:00,2025-01-14 00:30:00+00:00,SBEAN_BESS,88.02
2025-01-13T18:30:00-06:00,2025-01-14 00:30:00+00:00,2025-01-13T18:45:00-06:00,2025-01-14 00:45:00+00:00,SBEAN_BESS,89.52
2025-01-13T18:45:00-06:00,2025-01-14 00:45:00+00:00,2025-01-13T19:00:00-06:00,2025-01-14 01:00:00+00:00,SBEAN_BESS,113.15
2025-01-13T19:00:00-06:00,2025-01-14 01:00:00+00:00,2025-01-13T19:15:00-06:00,2025-01-14 01:15:00+00:00,SBEAN_BESS,117.07
2025-01-13T19:15:00-06:00,2025-01-14 01:15:00+00:00,2025-01-13T19:30:00-06:00,2025-01-14 01:30:00+00:00,SBEAN_BESS,106.56
2025-01-13T19:30:00-06:00,2025-01-14 01:30:00+00:00,2025-01-13T19:45:00-06:00,2025-01-14 01:45:00+00:00,SBEAN_BESS,147.94
2025-01-13T19:45:00-06:00,2025-01-14 01:45:00+00:00,2025-01-13T20:00:00-06:00,2025-01-14 02:00:00+00:00,SBEAN_BESS,127.73
2025-01-13T20:00:00-06:00,2025-01-14 02:00:00+00:00,2025-01-13T20:15:00-06:00,2025-01-14 02:15:00+00:00,SBEAN_BESS,90.06
2025-01-13T20:15:00-06:00,2025-01-14 02:15:00+00:00,2025-01-13T20:30:00-06:00,2025-01-14 02:30:00+00:00,SBEAN_BESS,70.22
2025-01-13T20:30:00-06:00,2025-01-14 02:30:00+00:00,2025-01-13T20:45:00-06:00,2025-01-14 02:45:00+00:00,SBEAN_BESS,55.28
2025-01-13T20:45:00-06:00,2025-01-14 02:45:00+00:00,2025-01-13T21:00:00-06:00,2025-01-14 03:00:00+00:00,SBEAN_BESS,65.5
2025-01-13T21:00:00-06:00,2025-01-14 03:00:00+00:00,2025-01-13T21:15:00-06:00,2025-01-14 03:15:00+00:00,SBEAN_BESS,74.25
2025-01-13T21:15:00-06:00,2025-01-14 03:15:00+00:00,2025-01-13T21:30:00-06:00,2025-01-14 03:30:00+00:00,SBEAN_BESS,65.05
2025-01-13T21:30:00-06:00,2025-01-14 03:30:00+00:00,2025-01-13T21:45:00-06:00,2025-01-14 03:45:00+00:00,SBEAN_BESS,63.14
2025-01-13T21:45:00-06:00,2025-01-14 03:45:00+00:00,2025-01-13T22:00:00-06:00,2025-01-14 04:00:00+00:00,SBEAN_BESS,64.92
2025-01-13T22:00:00-06:00,2025-01-14 04:00:00+00:00,2025-01-13T22:15:00-06:00,2025-01-14 04:15:00+00:00,SBEAN_BESS,63.37
2025-01-13T22:15:00-06:00,2025-01-14 04:15:00+00:00,2025-01-13T22:30:00-06:00,2025-01-14 04:30:00+00:00,SBEAN_BESS,58.87
2025-01-13T22:30:00-06:00,2025-01-14 04:30:00+00:00,2025-01-13T22:45:00-06:00,2025-01-14 04:45:00+00:00,SBEAN_BESS,54.99
2025-01-13T22:45:00-06:00,2025-01-14 04:45:00+00:00,2025-01-13T23:00:00-06:00,2025-01-14 05:00:00+00:00,SBEAN_BESS,51.19
2025-01-13T23:00:00-06:00,2025-01-14 05:00:00+00:00,2025-01-13T23:15:00-06:00,2025-01-14 05:15:00+00:00,SBEAN_BESS,53.52
2025-01-13T23:15:00-06:00,2025-01-14 05:15:00+00:00,2025-01-13T23:30:00-06:00,2025-01-14 05:30:00+00:00,SBEAN_BESS,51.74
2025-01-13T23:30:00-06:00,2025-01-14 05:30:00+00:00,2025-01-13T23:45:00-06:00,2025-01-14 05:45:00+00:00,SBEAN_BESS,52.48
2025-01-13T23:45:00-06:00,2025-01-14 05:45:00+00:00,2025-01-14T00:00:00-06:00,2025-01-14 06:00:00+00:00,SBEAN_BESS,49.96
2025-01-14T00:00:00-06:00,2025-01-14 06:00:00+00:00,2025-01-14T00:15:00-06:00,2025-01-14 06:15:00+00:00,SBEAN_BESS,52.87
2025-01-14T00:15:00-06:00,2025-01-14 06:15:00+00:00,2025-01-14T00:30:00-06:00,2025-01-14 06:30:00+00:00,SBEAN_BESS,57.04
2025-01-14T00:30:00-06:00,2025-01-14 06:30:00+00:00,2025-01-14T00:45:00-06:00,2025-01-14 06:45:00+00:00,SBEAN_BESS,72.02
2025-01-14T00:45:00-06:00,2025-01-14 06:45:00+00:00,2025-01-14T01:00:00-06:00,2025-01-14 07:00:00+00:00,SBEAN_BESS,66.51
2025-01-14T01:00:00-06:00,2025-01-14 07:00:00+00:00,2025-01-14T01:15:00-06:00,2025-01-14 07:15:00+00:00,SBEAN_BESS,65.1
2025-01-14T01:15:00-06:00,2025-01-14 07:15:00+00:00,2025-01-14T01:30:00-06:00,2025-01-14 07:30:00+00:00,SBEAN_BESS,63.03
2025-01-14T01:30:00-06:00,2025-01-14 07:30:00+00:00,2025-01-14T01:45:00-06:00,2025-01-14 07:45:00+00:00,SBEAN_BESS,66.42
2025-01-14T01:45:00-06:00,2025-01-14 07:45:00+00:00,2025-01-14T02:00:00-06:00,2025-01-14 08:00:00+00:00,SBEAN_BESS,68.06
2025-01-14T02:00:00-06:00,2025-01-14 08:00:00+00:00,2025-01-14T02:15:00-06:00,2025-01-14 08:15:00+00:00,SBEAN_BESS,69.44
2025-01-14T02:15:00-06:00,2025-01-14 08:15:00+00:00,2025-01-14T02:30:00-06:00,2025-01-14 08:30:00+00:00,SBEAN_BESS,87.7
2025-01-14T02:30:00-06:00,2025-01-14 08:30:00+00:00,2025-01-14T02:45:00-06:00,2025-01-14 08:45:00+00:00,SBEAN_BESS,97.23
2025-01-14T02:45:00-06:00,2025-01-14 08:45:00+00:00,2025-01-14T03:00:00-06:00,2025-01-14 09:00:00+00:00,SBEAN_BESS,84.59
2025-01-14T03:00:00-06:00,2025-01-14 09:00:00+00:00,2025-01-14T03:15:00-06:00,2025-01-14 09:15:00+00:00,SBEAN_BESS,71.13
2025-01-14T03:15:00-06:00,2025-01-14 09:15:00+00:00,2025-01-14T03:30:00-06:00,2025-01-14 09:30:00+00:00,SBEAN_BESS,59.36
2025-01-14T03:30:00-06:00,2025-01-14 09:30:00+00:00,2025-01-14T03:45:00-06:00,2025-01-14 09:45:00+00:00,SBEAN_BESS,55.04
2025-01-14T03:45:00-06:00,2025-01-14 09:45:00+00:00,2025-01-14T04:00:00-06:00,2025-01-14 10:00:00+00:00,SBEAN_BESS,59.58
2025-01-14T04:00:00-06:00,2025-01-14 10:00:00+00:00,2025-01-14T04:15:00-06:00,2025-01-14 10:15:00+00:00,SBEAN_BESS,60.94
2025-01-14T04:15:00-06:00,2025-01-14 10:15:00+00:00,2025-01-14T04:30:00-06:00,2025-01-14 10:30:00+00:00,SBEAN_BESS,67.1
2025-01-14T04:30:00-06:00,2025-01-14 10:30:00+00:00,2025-01-14T04:45:00-06:00,2025-01-14 10:45:00+00:00,SBEAN_BESS,80.79
2025-01-14T04:45:00-06:00,2025-01-14 10:45:00+00:00,2025-01-14T05:00:00-06:00,2025-01-14 11:00:00+00:00,SBEAN_BESS,101.6
2025-01-14T05:00:00-06:00,2025-01-14 11:00:00+00:00,2025-01-14T05:15:00-06:00,2025-01-14 11:15:00+00:00,SBEAN_BESS,73.97
2025-01-14T05:15:00-06:00,2025-01-14 11:15:00+00:00,2025-01-14T05:30:00-06:00,2025-01-14 11:30:00+00:00,SBEAN_BESS,89.52
2025-01-14T05:30:00-06:00,2025-01-14 11:30:00+00:00,2025-01-14T05:45:00-06:00,2025-01-14 11:45:00+00:00,SBEAN_BESS,102.67
2025-01-14T05:45:00-06:00,2025-01-14 11:45:00+00:00,2025-01-14T06:00:00-06:00,2025-01-14 12:00:00+00:00,SBEAN_BESS,80.56
2025-01-14T06:00:00-06:00,2025-01-14 12:00:00+00:00,2025-01-14T06:15:00-06:00,2025-01-14 12:15:00+00:00,SBEAN_BESS,46.86
2025-01-14T06:15:00-06:00,2025-01-14 12:15:00+00:00,2025-01-14T06:30:00-06:00,2025-01-14 12:30:00+00:00,SBEAN_BESS,60.23
2025-01-14T06:30:00-06:00,2025-01-14 12:30:00+00:00,2025-01-14T06:45:00-06:00,2025-01-14 12:45:00+00:00,SBEAN_BESS,87.77
2025-01-14T06:45:00-06:00,2025-01-14 12:45:00+00:00,2025-01-14T07:00:00-06:00,2025-01-14 13:00:00+00:00,SBEAN_BESS,77.03
2025-01-14T07:00:00-06:00,2025-01-14 13:00:00+00:00,2025-01-14T07:15:00-06:00,2025-01-14 13:15:00+00:00,SBEAN_BESS,75.19
2025-01-14T07:15:00-06:00,2025-01-14 13:15:00+00:00,2025-01-14T07:30:00-06:00,2025-01-14 13:30:00+00:00,SBEAN_BESS,112.08
2025-01-14T07:30:00-06:00,2025-01-14 13:30:00+00:00,2025-01-14T07:45:00-06:00,2025-01-14 13:45:00+00:00,SBEAN_BESS,53.09
2025-01-14T07:45:00-06:00,2025-01-14 13:45:00+00:00,2025-01-14T08:00:00-06:00,2025-01-14 14:00:00+00:00,SBEAN_BESS,134.46
2025-01-14T08:00:00-06:00,2025-01-14 14:00:00+00:00,2025-01-14T08:15:00-06:00,2025-01-14 14:15:00+00:00,SBEAN_BESS,135.2
2025-01-14T08:15:00-06:00,2025-01-14 14:15:00+00:00,2025-01-14T08:30:00-06:00,2025-01-14 14:30:00+00:00,SBEAN_BESS,89.75
2025-01-14T08:30:00-06:00,2025-01-14 14:30:00+00:00,2025-01-14T08:45:00-06:00,2025-01-14 14:45:00+00:00,SBEAN_BESS,34.28
2025-01-14T08:45:00-06:00,2025-01-14 14:45:00+00:00,2025-01-14T09:00:00-06:00,2025-01-14 15:00:00+00:00,SBEAN_BESS,30.28
2025-01-14T09:00:00-06:00,2025-01-14 15:00:00+00:00,2025-01-14T09:15:00-06:00,2025-01-14 15:15:00+00:00,SBEAN_BESS,37.5
2025-01-14T09:15:00-06:00,2025-01-14 15:15:00+00:00,2025-01-14T09:30:00-06:00,2025-01-14 15:30:00+00:00,SBEAN_BESS,36.38
2025-01-14T09:30:00-06:00,2025-01-14 15:30:00+00:00,2025-01-14T09:45:00-06:00,2025-01-14 15:45:00+00:00,SBEAN_BESS,37.07
2025-01-14T09:45:00-06:00,2025-01-14 15:45:00+00:00,2025-01-14T10:00:00-06:00,2025-01-14 16:00:00+00:00,SBEAN_BESS,35.31
2025-01-14T10:00:00-06:00,2025-01-14 16:00:00+00:00,2025-01-14T10:15:00-06:00,2025-01-14 16:15:00+00:00,SBEAN_BESS,36.55
2025-01-14T10:15:00-06:00,2025-01-14 16:15:00+00:00,2025-01-14T10:30:00-06:00,2025-01-14 16:30:00+00:00,SBEAN_BESS,36
2025-01-14T10:30:00-06:00,2025-01-14 16:30:00+00:00,2025-01-14T10:45:00-06:00,2025-01-14 16:45:00+00:00,SBEAN_BESS,36.07
2025-01-14T10:45:00-06:00,2025-01-14 16:45:00+00:00,2025-01-14T11:00:00-06:00,2025-01-14 17:00:00+00:00,SBEAN_BESS,31.03
2025-01-14T11:00:00-06:00,2025-01-14 17:00:00+00:00,2025-01-14T11:15:00-06:00,2025-01-14 17:15:00+00:00,SBEAN_BESS,28.74
2025-01-14T11:15:00-06:00,2025-01-14 17:15:00+00:00,2025-01-14T11:30:00-06:00,2025-01-14 17:30:00+00:00,SBEAN_BESS,30.1
2025-01-14T11:30:00-06:00,2025-01-14 17:30:00+00:00,2025-01-14T11:45:00-06:00,2025-01-14 17:45:00+00:00,SBEAN_BESS,30.24
2025-01-14T11:45:00-06:00,2025-01-14 17:45:00+00:00,2025-01-14T12:00:00-06:00,2025-01-14 18:00:00+00:00,SBEAN_BESS,29.27
2025-01-14T12:00:00-06:00,2025-01-14 18:00:00+00:00,2025-01-14T12:15:00-06:00,2025-01-14 18:15:00+00:00,SBEAN_BESS,31.17
2025-01-14T12:15:00-06:00,2025-01-14 18:15:00+00:00,2025-01-14T12:30:00-06:00,2025-01-14 18:30:00+00:00,SBEAN_BESS,31.23
2025-01-14T12:30:00-06:00,2025-01-14 18:30:00+00:00,2025-01-14T12:45:00-06:00,2025-01-14 18:45:00+00:00,SBEAN_BESS,31.03
2025-01-14T12:45:00-06:00,2025-01-14 18:45:00+00:00,2025-01-14T13:00:00-06:00,2025-01-14 19:00:00+00:00,SBEAN_BESS,30.95
2025-01-14T13:00:00-06:00,2025-01-14 19:00:00+00:00,2025-01-14T13:15:00-06:00,2025-01-14 19:15:00+00:00,SBEAN_BESS,34.28
2025-01-14T13:15:00-06:00,2025-01-14 19:15:00+00:00,2025-01-14T13:30:00-06:00,2025-01-14 19:30:00+00:00,SBEAN_BESS,33.47
2025-01-14T13:30:00-06:00,2025-01-14 19:30:00+00:00,2025-01-14T13:45:00-06:00,2025-01-14 19:45:00+00:00,SBEAN_BESS,34.55
2025-01-14T13:45:00-06:00,2025-01-14 19:45:00+00:00,2025-01-14T14:00:00-06:00,2025-01-14 20:00:00+00:00,SBEAN_BESS,33.74
2025-01-14T14:00:00-06:00,2025-01-14 20:00:00+00:00,2025-01-14T14:15:00-06:00,2025-01-14 20:15:00+00:00,SBEAN_BESS,34.9
2025-01-14T14:15:00-06:00,2025-01-14 20:15:00+00:00,2025-01-14T14:30:00-06:00,2025-01-14 20:30:00+00:00,SBEAN_BESS,36.98
2025-01-14T14:30:00-06:00,2025-01-14 20:30:00+00:00,2025-01-14T14:45:00-06:00,2025-01-14 20:45:00+00:00,SBEAN_BESS,38.04
2025-01-14T14:45:00-06:00,2025-01-14 20:45:00+00:00,2025-01-14T15:00:00-06:00,2025-01-14 21:00:00+00:00,SBEAN_BESS,35.8
2025-01-14T15:00:00-06:00,2025-01-14 21:00:00+00:00,2025-01-14T15:15:00-06:00,2025-01-14 21:15:00+00:00,SBEAN_BESS,37.86
2025-01-14T15:15:00-06:00,2025-01-14 21:15:00+00:00,2025-01-14T15:30:00-06:00,2025-01-14 21:30:00+00:00,SBEAN_BESS,36.95
2025-01-14T15:30:00-06:00,2025-01-14 21:30:00+00:00,2025-01-14T15:45:00-06:00,2025-01-14 21:45:00+00:00,SBEAN_BESS,33.72
2025-01-14T15:45:00-06:00,2025-01-14 21:45:00+00:00,2025-01-14T16:00:00-06:00,2025-01-14 22:00:00+00:00,SBEAN_BESS,32.74
2025-01-14T16:00:00-06:00,2025-01-14 22:00:00+00:00,2025-01-14T16:15:00-06:00,2025-01-14 22:15:00+00:00,SBEAN_BESS,34
2025-01-14T16:15:00-06:00,2025-01-14 22:15:00+00:00,2025-01-14T16:30:00-06:00,2025-01-14 22:30:00+00:00,SBEAN_BESS,40.75
2025-01-14T16:30:00-06:00,2025-01-14 22:30:00+00:00,2025-01-14T16:45:00-06:00,2025-01-14 22:45:00+00:00,SBEAN_BESS,41.65
2025-01-14T16:45:00-06:00,2025-01-14 22:45:00+00:00,2025-01-14T17:00:00-06:00,2025-01-14 23:00:00+00:00,SBEAN_BESS,48.11
2025-01-14T17:00:00-06:00,2025-01-14 23:00:00+00:00,2025-01-14T17:15:00-06:00,2025-01-14 23:15:00+00:00,SBEAN_BESS,55.5
2025-01-14T17:15:00-06:00,2025-01-14 23:15:00+00:00,2025-01-14T17:30:00-06:00,2025-01-14 23:30:00+00:00,SBEAN_BESS,110.16
2025-01-14T17:30:00-06:00,2025-01-14 23:30:00+00:00,2025-01-14T17:45:00-06:00,2025-01-14 23:45:00+00:00,SBEAN_BESS,123.22
2025-01-14T17:45:00-06:00,2025-01-14 23:45:00+00:00,2025-01-14T18:00:00-06:00,2025-01-15 00:00:00+00:00,SBEAN_BESS,136.26
2025-01-14T18:00:00-06:00,2025-01-15 00:00:00+00:00,2025-01-14T18:15:00-06:00,2025-01-15 00:15:00+00:00,SBEAN_BESS,121.25
2025-01-14T18:15:00-06:00,2025-01-15 00:15:00+00:00,2025-01-14T18:30:00-06:00,2025-01-15 00:30:00+00:00,SBEAN_BESS,128.23
2025-01-14T18:30:00-06:00,2025-01-15 00:30:00+00:00,2025-01-14T18:45:00-06:00,2025-01-15 00:45:00+00:00,SBEAN_BESS,109.75
2025-01-14T18:45:00-06:00,2025-01-15 00:45:00+00:00,2025-01-14T19:00:00-06:00,2025-01-15 01:00:00+00:00,SBEAN_BESS,103.63
2025-01-14T19:00:00-06:00,2025-01-15 01:00:00+00:00,2025-01-14T19:15:00-06:00,2025-01-15 01:15:00+00:00,SBEAN_BESS,105.64
2025-01-14T19:15:00-06:00,2025-01-15 01:15:00+00:00,2025-01-14T19:30:00-06:00,2025-01-15 01:30:00+00:00,SBEAN_BESS,111.66
2025-01-14T19:30:00-06:00,2025-01-15 01:30:00+00:00,2025-01-14T19:45:00-06:00,2025-01-15 01:45:00+00:00,SBEAN_BESS,135.74
2025-01-14T19:45:00-06:00,2025-01-15 01:45:00+00:00,2025-01-14T20:00:00-06:00,2025-01-15 02:00:00+00:00,SBEAN_BESS,139.61
2025-01-14T20:00:00-06:00,2025-01-15 02:00:00+00:00,2025-01-14T20:15:00-06:00,2025-01-15 02:15:00+00:00,SBEAN_BESS,110.27
2025-01-14T20:15:00-06:00,2025-01-15 02:15:00+00:00,2025-01-14T20:30:00-06:00,2025-01-15 02:30:00+00:00,SBEAN_BESS,122.62
2025-01-14T20:30:00-06:00,2025-01-15 02:30:00+00:00,2025-01-14T20:45:00-06:00,2025-01-15 02:45:00+00:00,SBEAN_BESS,98.72
2025-01-14T20:45:00-06:00,2025-01-15 02:45:00+00:00,2025-01-14T21:00:00-06:00,2025-01-15 03:00:00+00:00,SBEAN_BESS,91.86
2025-01-14T21:00:00-06:00,2025-01-15 03:00:00+00:00,2025-01-14T21:15:00-06:00,2025-01-15 03:15:00+00:00,SBEAN_BESS,83.15
2025-01-14T21:15:00-06:00,2025-01-15 03:15:00+00:00,2025-01-14T21:30:00-06:00,2025-01-15 03:30:00+00:00,SBEAN_BESS,81.08
2025-01-14T21:30:00-06:00,2025-01-15 03:30:00+00:00,2025-01-14T21:45:00-06:00,2025-01-15 03:45:00+00:00,SBEAN_BESS,82.48
2025-01-14T21:45:00-06:00,2025-01-15 03:45:00+00:00,2025-01-14T22:00:00-06:00,2025-01-15 04:00:00+00:00,SBEAN_BESS,84.76
2025-01-14T22:00:00-06:00,2025-01-15 04:00:00+00:00,2025-01-14T22:15:00-06:00,2025-01-15 04:15:00+00:00,SBEAN_BESS,84.33
2025-01-14T22:15:00-06:00,2025-01-15 04:15:00+00:00,2025-01-14T22:30:00-06:00,2025-01-15 04:30:00+00:00,SBEAN_BESS,95.41
2025-01-14T22:30:00-06:00,2025-01-15 04:30:00+00:00,2025-01-14T22:45:00-06:00,2025-01-15 04:45:00+00:00,SBEAN_BESS,80.39
2025-01-14T22:45:00-06:00,2025-01-15 04:45:00+00:00,2025-01-14T23:00:00-06:00,2025-01-15 05:00:00+00:00,SBEAN_BESS,77.9
2025-01-14T23:00:00-06:00,2025-01-15 05:00:00+00:00,2025-01-14T23:15:00-06:00,2025-01-15 05:15:00+00:00,SBEAN_BESS,92.33
2025-01-14T23:15:00-06:00,2025-01-15 05:15:00+00:00,2025-01-14T23:30:00-06:00,2025-01-15 05:30:00+00:00,SBEAN_BESS,79.69
2025-01-14T23:30:00-06:00,2025-01-15 05:30:00+00:00,2025-01-14T23:45:00-06:00,2025-01-15 05:45:00+00:00,SBEAN_BESS,99.42
2025-01-14T23:45:00-06:00,2025-01-15 05:45:00+00:00,2025-01-15T00:00:00-06:00,2025-01-15 06:00:00+00:00,SBEAN_BESS,129.37
2025-01-15T00:00:00-06:00,2025-01-15 06:00:00+00:00,2025-01-15T00:15:00-06:00,2025-01-15 06:15:00+00:00,SBEAN_BESS,135.21
2025-01-15T00:15:00-06:00,2025-01-15 06:15:00+00:00,2025-01-15T00:30:00-06:00,2025-01-15 06:30:00+00:00,SBEAN_BESS,134.81
2025-01-15T00:30:00-06:00,2025-01-15 06:30:00+00:00,2025-01-15T00:45:00-06:00,2025-01-15 06:45:00+00:00,SBEAN_BESS,169.58
2025-01-15T00:45:00-06:00,2025-01-15 06:45:00+00:00,2025-01-15T01:00:00-06:00,2025-01-15 07:00:00+00:00,SBEAN_BESS,199.53
2025-01-15T01:00:00-06:00,2025-01-15 07:00:00+00:00,2025-01-15T01:15:00-06:00,2025-01-15 07:15:00+00:00,SBEAN_BESS,166.5
2025-01-15T01:15:00-06:00,2025-01-15 07:15:00+00:00,2025-01-15T01:30:00-06:00,2025-01-15 07:30:00+00:00,SBEAN_BESS,168.59
2025-01-15T01:30:00-06:00,2025-01-15 07:30:00+00:00,2025-01-15T01:45:00-06:00,2025-01-15 07:45:00+00:00,SBEAN_BESS,192.81
2025-01-15T01:45:00-06:00,2025-01-15 07:45:00+00:00,2025-01-15T02:00:00-06:00,2025-01-15 08:00:00+00:00,SBEAN_BESS,191.98
2025-01-15T02:00:00-06:00,2025-01-15 08:00:00+00:00,2025-01-15T02:15:00-06:00,2025-01-15 08:15:00+00:00,SBEAN_BESS,227.23
2025-01-15T02:15:00-06:00,2025-01-15 08:15:00+00:00,2025-01-15T02:30:00-06:00,2025-01-15 08:30:00+00:00,SBEAN_BESS,253.49
2025-01-15T02:30:00-06:00,2025-01-15 08:30:00+00:00,2025-01-15T02:45:00-06:00,2025-01-15 08:45:00+00:00,SBEAN_BESS,246.81
2025-01-15T02:45:00-06:00,2025-01-15 08:45:00+00:00,2025-01-15T03:00:00-06:00,2025-01-15 09:00:00+00:00,SBEAN_BESS,235.35
2025-01-15T03:00:00-06:00,2025-01-15 09:00:00+00:00,2025-01-15T03:15:00-06:00,2025-01-15 09:15:00+00:00,SBEAN_BESS,310.24
2025-01-15T03:15:00-06:00,2025-01-15 09:15:00+00:00,2025-01-15T03:30:00-06:00,2025-01-15 09:30:00+00:00,SBEAN_BESS,320.64
2025-01-15T03:30:00-06:00,2025-01-15 09:30:00+00:00,2025-01-15T03:45:00-06:00,2025-01-15 09:45:00+00:00,SBEAN_BESS,327.52
2025-01-15T03:45:00-06:00,2025-01-15 09:45:00+00:00,2025-01-15T04:00:00-06:00,2025-01-15 10:00:00+00:00,SBEAN_BESS,376.51
2025-01-15T04:00:00-06:00,2025-01-15 10:00:00+00:00,2025-01-15T04:15:00-06:00,2025-01-15 10:15:00+00:00,SBEAN_BESS,392.88
2025-01-15T04:15:00-06:00,2025-01-15 10:15:00+00:00,2025-01-15T04:30:00-06:00,2025-01-15 10:30:00+00:00,SBEAN_BESS,173.11
2025-01-15T04:30:00-06:00,2025-01-15 10:30:00+00:00,2025-01-15T04:45:00-06:00,2025-01-15 10:45:00+00:00,SBEAN_BESS,275.22
2025-01-15T04:45:00-06:00,2025-01-15 10:45:00+00:00,2025-01-15T05:00:00-06:00,2025-01-15 11:00:00+00:00,SBEAN_BESS,410.65
2025-01-15T05:00:00-06:00,2025-01-15 11:00:00+00:00,2025-01-15T05:15:00-06:00,2025-01-15 11:15:00+00:00,SBEAN_BESS,476.88
2025-01-15T05:15:00-06:00,2025-01-15 11:15:00+00:00,2025-01-15T05:30:00-06:00,2025-01-15 11:30:00+00:00,SBEAN_BESS,394.43
2025-01-15T05:30:00-06:00,2025-01-15 11:30:00+00:00,2025-01-15T05:45:00-06:00,2025-01-15 11:45:00+00:00,SBEAN_BESS,386.81
2025-01-15T05:45:00-06:00,2025-01-15 11:45:00+00:00,2025-01-15T06:00:00-06:00,2025-01-15 12:00:00+00:00,SBEAN_BESS,480.53
2025-01-15T06:00:00-06:00,2025-01-15 12:00:00+00:00,2025-01-15T06:15:00-06:00,2025-01-15 12:15:00+00:00,SBEAN_BESS,345.22
2025-01-15T06:15:00-06:00,2025-01-15 12:15:00+00:00,2025-01-15T06:30:00-06:00,2025-01-15 12:30:00+00:00,SBEAN_BESS,353.53
2025-01-15T06:30:00-06:00,2025-01-15 12:30:00+00:00,2025-01-15T06:45:00-06:00,2025-01-15 12:45:00+00:00,SBEAN_BESS,344.67
2025-01-15T06:45:00-06:00,2025-01-15 12:45:00+00:00,2025-01-15T07:00:00-06:00,2025-01-15 13:00:00+00:00,SBEAN_BESS,1042.52
2025-01-15T07:00:00-06:00,2025-01-15 13:00:00+00:00,2025-01-15T07:15:00-06:00,2025-01-15 13:15:00+00:00,SBEAN_BESS,1895.39
2025-01-15T07:15:00-06:00,2025-01-15 13:15:00+00:00,2025-01-15T07:30:00-06:00,2025-01-15 13:30:00+00:00,SBEAN_BESS,1956.17
2025-01-15T07:30:00-06:00,2025-01-15 13:30:00+00:00,2025-01-15T07:45:00-06:00,2025-01-15 13:45:00+00:00,SBEAN_BESS,2137.73
2025-01-15T07:45:00-06:00,2025-01-15 13:45:00+00:00,2025-01-15T08:00:00-06:00,2025-01-15 14:00:00+00:00,SBEAN_BESS,1401.44
2025-01-15T08:00:00-06:00,2025-01-15 14:00:00+00:00,2025-01-15T08:15:00-06:00,2025-01-15 14:15:00+00:00,SBEAN_BESS,223.98
2025-01-15T08:15:00-06:00,2025-01-15 14:15:00+00:00,2025-01-15T08:30:00-06:00,2025-01-15 14:30:00+00:00,SBEAN_BESS,55.29
2025-01-15T08:30:00-06:00,2025-01-15 14:30:00+00:00,2025-01-15T08:45:00-06:00,2025-01-15 14:45:00+00:00,SBEAN_BESS,50.73
2025-01-15T08:45:00-06:00,2025-01-15 14:45:00+00:00,2025-01-15T09:00:00-06:00,2025-01-15 15:00:00+00:00,SBEAN_BESS,40.72
2025-01-15T09:00:00-06:00,2025-01-15 15:00:00+00:00,2025-01-15T09:15:00-06:00,2025-01-15 15:15:00+00:00,SBEAN_BESS,31.71
2025-01-15T09:15:00-06:00,2025-01-15 15:15:00+00:00,2025-01-15T09:30:00-06:00,2025-01-15 15:30:00+00:00,SBEAN_BESS,31.35
2025-01-15T09:30:00-06:00,2025-01-15 15:30:00+00:00,2025-01-15T09:45:00-06:00,2025-01-15 15:45:00+00:00,SBEAN_BESS,29.39
2025-01-15T09:45:00-06:00,2025-01-15 15:45:00+00:00,2025-01-15T10:00:00-06:00,2025-01-15 16:00:00+00:00,SBEAN_BESS,28.08
2025-01-15T10:00:00-06:00,2025-01-15 16:00:00+00:00,2025-01-15T10:15:00-06:00,2025-01-15 16:15:00+00:00,SBEAN_BESS,30.69
2025-01-15T10:15:00-06:00,2025-01-15 16:15:00+00:00,2025-01-15T10:30:00-06:00,2025-01-15 16:30:00+00:00,SBEAN_BESS,31.01
2025-01-15T10:30:00-06:00,2025-01-15 16:30:00+00:00,2025-01-15T10:45:00-06:00,2025-01-15 16:45:00+00:00,SBEAN_BESS,30.83
2025-01-15T10:45:00-06:00,2025-01-15 16:45:00+00:00,2025-01-15T11:00:00-06:00,2025-01-15 17:00:00+00:00,SBEAN_BESS,28.65
2025-01-15T11:00:00-06:00,2025-01-15 17:00:00+00:00,2025-01-15T11:15:00-06:00,2025-01-15 17:15:00+00:00,SBEAN_BESS,27.24
2025-01-15T11:15:00-06:00,2025-01-15 17:15:00+00:00,2025-01-15T11:30:00-06:00,2025-01-15 17:30:00+00:00,SBEAN_BESS,27.6
2025-01-15T11:30:00-06:00,2025-01-15 17:30:00+00:00,2025-01-15T11:45:00-06:00,2025-01-15 17:45:00+00:00,SBEAN_BESS,25.99
2025-01-15T11:45:00-06:00,2025-01-15 17:45:00+00:00,2025-01-15T12:00:00-06:00,2025-01-15 18:00:00+00:00,SBEAN_BESS,26.27
2025-01-15T12:00:00-06:00,2025-01-15 18:00:00+00:00,2025-01-15T12:15:00-06:00,2025-01-15 18:15:00+00:00,SBEAN_BESS,26.87
2025-01-15T12:15:00-06:00,2025-01-15 18:15:00+00:00,2025-01-15T12:30:00-06:00,2025-01-15 18:30:00+00:00,SBEAN_BESS,24.94
2025-01-15T12:30:00-06:00,2025-01-15 18:30:00+00:00,2025-01-15T12:45:00-06:00,2025-01-15 18:45:00+00:00,SBEAN_BESS,23.94
2025-01-15T12:45:00-06:00,2025-01-15 18:45:00+00:00,2025-01-15T13:00:00-06:00,2025-01-15 19:00:00+00:00,SBEAN_BESS,23.33
2025-01-15T13:00:00-06:00,2025-01-15 19:00:00+00:00,2025-01-15T13:15:00-06:00,2025-01-15 19:15:00+00:00,SBEAN_BESS,24.85
2025-01-15T13:15:00-06:00,2025-01-15 19:15:00+00:00,2025-01-15T13:30:00-06:00,2025-01-15 19:30:00+00:00,SBEAN_BESS,27.12
2025-01-15T13:30:00-06:00,2025-01-15 19:30:00+00:00,2025-01-15T13:45:00-06:00,2025-01-15 19:45:00+00:00,SBEAN_BESS,24.13
2025-01-15T13:45:00-06:00,2025-01-15 19:45:00+00:00,2025-01-15T14:00:00-06:00,2025-01-15 20:00:00+00:00,SBEAN_BESS,22.44
2025-01-15T14:00:00-06:00,2025-01-15 20:00:00+00:00,2025-01-15T14:15:00-06:00,2025-01-15 20:15:00+00:00,SBEAN_BESS,22.04
2025-01-15T14:15:00-06:00,2025-01-15 20:15:00+00:00,2025-01-15T14:30:00-06:00,2025-01-15 20:30:00+00:00,SBEAN_BESS,22.15
2025-01-15T14:30:00-06:00,2025-01-15 20:30:00+00:00,2025-01-15T14:45:00-06:00,2025-01-15 20:45:00+00:00,SBEAN_BESS,21.77
2025-01-15T14:45:00-06:00,2025-01-15 20:45:00+00:00,2025-01-15T15:00:00-06:00,2025-01-15 21:00:00+00:00,SBEAN_BESS,21.4
2025-01-15T15:00:00-06:00,2025-01-15 21:00:00+00:00,2025-01-15T15:15:00-06:00,2025-01-15 21:15:00+00:00,SBEAN_BESS,21.7
2025-01-15T15:15:00-06:00,2025-01-15 21:15:00+00:00,2025-01-15T15:30:00-06:00,2025-01-15 21:30:00+00:00,SBEAN_BESS,21.92
2025-01-15T15:30:00-06:00,2025-01-15 21:30:00+00:00,2025-01-15T15:45:00-06:00,2025-01-15 21:45:00+00:00,SBEAN_BESS,22.66
2025-01-15T15:45:00-06:00,2025-01-15 21:45:00+00:00,2025-01-15T16:00:00-06:00,2025-01-15 22:00:00+00:00,SBEAN_BESS,24.46
2025-01-15T16:00:00-06:00,2025-01-15 22:00:00+00:00,2025-01-15T16:15:00-06:00,2025-01-15 22:15:00+00:00,SBEAN_BESS,24.33
2025-01-15T16:15:00-06:00,2025-01-15 22:15:00+00:00,2025-01-15T16:30:00-06:00,2025-01-15 22:30:00+00:00,SBEAN_BESS,27.77
2025-01-15T16:30:00-06:00,2025-01-15 22:30:00+00:00,2025-01-15T16:45:00-06:00,2025-01-15 22:45:00+00:00,SBEAN_BESS,32.53
2025-01-15T16:45:00-06:00,2025-01-15 22:45:00+00:00,2025-01-15T17:00:00-06:00,2025-01-15 23:00:00+00:00,SBEAN_BESS,45
2025-01-15T17:00:00-06:00,2025-01-15 23:00:00+00:00,2025-01-15T17:15:00-06:00,2025-01-15 23:15:00+00:00,SBEAN_BESS,87.53
2025-01-15T17:15:00-06:00,2025-01-15 23:15:00+00:00,2025-01-15T17:30:00-06:00,2025-01-15 23:30:00+00:00,SBEAN_BESS,157.77
2025-01-15T17:30:00-06:00,2025-01-15 23:30:00+00:00,2025-01-15T17:45:00-06:00,2025-01-15 23:45:00+00:00,SBEAN_BESS,200.97
2025-01-15T17:45:00-06:00,2025-01-15 23:45:00+00:00,2025-01-15T18:00:00-06:00,2025-01-16 00:00:00+00:00,SBEAN_BESS,164.81
2025-01-15T18:00:00-06:00,2025-01-16 00:00:00+00:00,2025-01-15T18:15:00-06:00,2025-01-16 00:15:00+00:00,SBEAN_BESS,119.53
2025-01-15T18:15:00-06:00,2025-01-16 00:15:00+00:00,2025-01-15T18:30:00-06:00,2025-01-16 00:30:00+00:00,SBEAN_BESS,94.52
2025-01-15T18:30:00-06:00,2025-01-16 00:30:00+00:00,2025-01-15T18:45:00-06:00,2025-01-16 00:45:00+00:00,SBEAN_BESS,89.15
2025-01-15T18:45:00-06:00,2025-01-16 00:45:00+00:00,2025-01-15T19:00:00-06:00,2025-01-16 01:00:00+00:00,SBEAN_BESS,140.29
2025-01-15T19:00:00-06:00,2025-01-16 01:00:00+00:00,2025-01-15T19:15:00-06:00,2025-01-16 01:15:00+00:00,SBEAN_BESS,152.42
2025-01-15T19:15:00-06:00,2025-01-16 01:15:00+00:00,2025-01-15T19:30:00-06:00,2025-01-16 01:30:00+00:00,SBEAN_BESS,146.98
2025-01-15T19:30:00-06:00,2025-01-16 01:30:00+00:00,2025-01-15T19:45:00-06:00,2025-01-16 01:45:00+00:00,SBEAN_BESS,144.56
2025-01-15T19:45:00-06:00,2025-01-16 01:45:00+00:00,2025-01-15T20:00:00-06:00,2025-01-16 02:00:00+00:00,SBEAN_BESS,161.45
2025-01-15T20:00:00-06:00,2025-01-16 02:00:00+00:00,2025-01-15T20:15:00-06:00,2025-01-16 02:15:00+00:00,SBEAN_BESS,201.86
2025-01-15T20:15:00-06:00,2025-01-16 02:15:00+00:00,2025-01-15T20:30:00-06:00,2025-01-16 02:30:00+00:00,SBEAN_BESS,205.52
2025-01-15T20:30:00-06:00,2025-01-16 02:30:00+00:00,2025-01-15T20:45:00-06:00,2025-01-16 02:45:00+00:00,SBEAN_BESS,213.34
2025-01-15T20:45:00-06:00,2025-01-16 02:45:00+00:00,2025-01-15T21:00:00-06:00,2025-01-16 03:00:00+00:00,SBEAN_BESS,172.44
2025-01-15T21:00:00-06:00,2025-01-16 03:00:00+00:00,2025-01-15T21:15:00-06:00,2025-01-16 03:15:00+00:00,SBEAN_BESS,129.66
2025-01-15T21:15:00-06:00,2025-01-16 03:15:00+00:00,2025-01-15T21:30:00-06:00,2025-01-16 03:30:00+00:00,SBEAN_BESS,122.04
2025-01-15T21:30:00-06:00,2025-01-16 03:30:00+00:00,2025-01-15T21:45:00-06:00,2025-01-16 03:45:00+00:00,SBEAN_BESS,207.91
2025-01-15T21:45:00-06:00,2025-01-16 03:45:00+00:00,2025-01-15T22:00:00-06:00,2025-01-16 04:00:00+00:00,SBEAN_BESS,206.97
2025-01-15T22:00:00-06:00,2025-01-16 04:00:00+00:00,2025-01-15T22:15:00-06:00,2025-01-16 04:15:00+00:00,SBEAN_BESS,190.7
2025-01-15T22:15:00-06:00,2025-01-16 04:15:00+00:00,2025-01-15T22:30:00-06:00,2025-01-16 04:30:00+00:00,SBEAN_BESS,222.65
2025-01-15T22:30:00-06:00,2025-01-16 04:30:00+00:00,2025-01-15T22:45:00-06:00,2025-01-16 04:45:00+00:00,SBEAN_BESS,183.33
2025-01-15T22:45:00-06:00,2025-01-16 04:45:00+00:00,2025-01-15T23:00:00-06:00,2025-01-16 05:00:00+00:00,SBEAN_BESS,143.28
2025-01-15T23:00:00-06:00,2025-01-16 05:00:00+00:00,2025-01-15T23:15:00-06:00,2025-01-16 05:15:00+00:00,SBEAN_BESS,136.5
2025-01-15T23:15:00-06:00,2025-01-16 05:15:00+00:00,2025-01-15T23:30:00-06:00,2025-01-16 05:30:00+00:00,SBEAN_BESS,108.26
2025-01-15T23:30:00-06:00,2025-01-16 05:30:00+00:00,2025-01-15T23:45:00-06:00,2025-01-16 05:45:00+00:00,SBEAN_BESS,128.27
2025-01-15T23:45:00-06:00,2025-01-16 05:45:00+00:00,2025-01-16T00:00:00-06:00,2025-01-16 06:00:00+00:00,SBEAN_BESS,158.22
2025-01-16T00:00:00-06:00,2025-01-16 06:00:00+00:00,2025-01-16T00:15:00-06:00,2025-01-16 06:15:00+00:00,SBEAN_BESS,247.02
2025-01-16T00:15:00-06:00,2025-01-16 06:15:00+00:00,2025-01-16T00:30:00-06:00,2025-01-16 06:30:00+00:00,SBEAN_BESS,252.89
2025-01-16T00:30:00-06:00,2025-01-16 06:30:00+00:00,2025-01-16T00:45:00-06:00,2025-01-16 06:45:00+00:00,SBEAN_BESS,287.5
2025-01-16T00:45:00-06:00,2025-01-16 06:45:00+00:00,2025-01-16T01:00:00-06:00,2025-01-16 07:00:00+00:00,SBEAN_BESS,277.51
2025-01-16T01:00:00-06:00,2025-01-16 07:00:00+00:00,2025-01-16T01:15:00-06:00,2025-01-16 07:15:00+00:00,SBEAN_BESS,274.55
2025-01-16T01:15:00-06:00,2025-01-16 07:15:00+00:00,2025-01-16T01:30:00-06:00,2025-01-16 07:30:00+00:00,SBEAN_BESS,280.47
2025-01-16T01:30:00-06:00,2025-01-16 07:30:00+00:00,2025-01-16T01:45:00-06:00,2025-01-16 07:45:00+00:00,SBEAN_BESS,287.06
2025-01-16T01:45:00-06:00,2025-01-16 07:45:00+00:00,2025-01-16T02:00:00-06:00,2025-01-16 08:00:00+00:00,SBEAN_BESS,293.38
2025-01-16T02:00:00-06:00,2025-01-16 08:00:00+00:00,2025-01-16T02:15:00-06:00,2025-01-16 08:15:00+00:00,SBEAN_BESS,197.01
2025-01-16T02:15:00-06:00,2025-01-16 08:15:00+00:00,2025-01-16T02:30:00-06:00,2025-01-16 08:30:00+00:00,SBEAN_BESS,176.13
2025-01-16T02:30:00-06:00,2025-01-16 08:30:00+00:00,2025-01-16T02:45:00-06:00,2025-01-16 08:45:00+00:00,SBEAN_BESS,201.16
2025-01-16T02:45:00-06:00,2025-01-16 08:45:00+00:00,2025-01-16T03:00:00-06:00,2025-01-16 09:00:00+00:00,SBEAN_BESS,188.25
2025-01-16T03:00:00-06:00,2025-01-16 09:00:00+00:00,2025-01-16T03:15:00-06:00,2025-01-16 09:15:00+00:00,SBEAN_BESS,214.42
2025-01-16T03:15:00-06:00,2025-01-16 09:15:00+00:00,2025-01-16T03:30:00-06:00,2025-01-16 09:30:00+00:00,SBEAN_BESS,224.76
2025-01-16T03:30:00-06:00,2025-01-16 09:30:00+00:00,2025-01-16T03:45:00-06:00,2025-01-16 09:45:00+00:00,SBEAN_BESS,299.93
2025-01-16T03:45:00-06:00,2025-01-16 09:45:00+00:00,2025-01-16T04:00:00-06:00,2025-01-16 10:00:00+00:00,SBEAN_BESS,315.54
2025-01-16T04:00:00-06:00,2025-01-16 10:00:00+00:00,2025-01-16T04:15:00-06:00,2025-01-16 10:15:00+00:00,SBEAN_BESS,361.95
2025-01-16T04:15:00-06:00,2025-01-16 10:15:00+00:00,2025-01-16T04:30:00-06:00,2025-01-16 10:30:00+00:00,SBEAN_BESS,404.01
2025-01-16T04:30:00-06:00,2025-01-16 10:30:00+00:00,2025-01-16T04:45:00-06:00,2025-01-16 10:45:00+00:00,SBEAN_BESS,350.42
2025-01-16T04:45:00-06:00,2025-01-16 10:45:00+00:00,2025-01-16T05:00:00-06:00,2025-01-16 11:00:00+00:00,SBEAN_BESS,311.82
2025-01-16T05:00:00-06:00,2025-01-16 11:00:00+00:00,2025-01-16T05:15:00-06:00,2025-01-16 11:15:00+00:00,SBEAN_BESS,428.1
2025-01-16T05:15:00-06:00,2025-01-16 11:15:00+00:00,2025-01-16T05:30:00-06:00,2025-01-16 11:30:00+00:00,SBEAN_BESS,322
2025-01-16T05:30:00-06:00,2025-01-16 11:30:00+00:00,2025-01-16T05:45:00-06:00,2025-01-16 11:45:00+00:00,SBEAN_BESS,327.31
2025-01-16T05:45:00-06:00,2025-01-16 11:45:00+00:00,2025-01-16T06:00:00-06:00,2025-01-16 12:00:00+00:00,SBEAN_BESS,328.39
2025-01-16T06:00:00-06:00,2025-01-16 12:00:00+00:00,2025-01-16T06:15:00-06:00,2025-01-16 12:15:00+00:00,SBEAN_BESS,300.82
2025-01-16T06:15:00-06:00,2025-01-16 12:15:00+00:00,2025-01-16T06:30:00-06:00,2025-01-16 12:30:00+00:00,SBEAN_BESS,346.3
2025-01-16T06:30:00-06:00,2025-01-16 12:30:00+00:00,2025-01-16T06:45:00-06:00,2025-01-16 12:45:00+00:00,SBEAN_BESS,340.44
2025-01-16T06:45:00-06:00,2025-01-16 12:45:00+00:00,2025-01-16T07:00:00-06:00,2025-01-16 13:00:00+00:00,SBEAN_BESS,283.89
2025-01-16T07:00:00-06:00,2025-01-16 13:00:00+00:00,2025-01-16T07:15:00-06:00,2025-01-16 13:15:00+00:00,SBEAN_BESS,166.52
2025-01-16T07:15:00-06:00,2025-01-16 13:15:00+00:00,2025-01-16T07:30:00-06:00,2025-01-16 13:30:00+00:00,SBEAN_BESS,103.99
2025-01-16T07:30:00-06:00,2025-01-16 13:30:00+00:00,2025-01-16T07:45:00-06:00,2025-01-16 13:45:00+00:00,SBEAN_BESS,94.13
2025-01-16T07:45:00-06:00,2025-01-16 13:45:00+00:00,2025-01-16T08:00:00-06:00,2025-01-16 14:00:00+00:00,SBEAN_BESS,104.32
2025-01-16T08:00:00-06:00,2025-01-16 14:00:00+00:00,2025-01-16T08:15:00-06:00,2025-01-16 14:15:00+00:00,SBEAN_BESS,271.56
2025-01-16T08:15:00-06:00,2025-01-16 14:15:00+00:00,2025-01-16T08:30:00-06:00,2025-01-16 14:30:00+00:00,SBEAN_BESS,117.4
2025-01-16T08:30:00-06:00,2025-01-16 14:30:00+00:00,2025-01-16T08:45:00-06:00,2025-01-16 14:45:00+00:00,SBEAN_BESS,50.38
2025-01-16T08:45:00-06:00,2025-01-16 14:45:00+00:00,2025-01-16T09:00:00-06:00,2025-01-16 15:00:00+00:00,SBEAN_BESS,45.57
2025-01-16T09:00:00-06:00,2025-01-16 15:00:00+00:00,2025-01-16T09:15:00-06:00,2025-01-16 15:15:00+00:00,SBEAN_BESS,32.51
2025-01-16T09:15:00-06:00,2025-01-16 15:15:00+00:00,2025-01-16T09:30:00-06:00,2025-01-16 15:30:00+00:00,SBEAN_BESS,35.22
2025-01-16T09:30:00-06:00,2025-01-16 15:30:00+00:00,2025-01-16T09:45:00-06:00,2025-01-16 15:45:00+00:00,SBEAN_BESS,30.27
2025-01-16T09:45:00-06:00,2025-01-16 15:45:00+00:00,2025-01-16T10:00:00-06:00,2025-01-16 16:00:00+00:00,SBEAN_BESS,29.68
2025-01-16T10:00:00-06:00,2025-01-16 16:00:00+00:00,2025-01-16T10:15:00-06:00,2025-01-16 16:15:00+00:00,SBEAN_BESS,29.11
2025-01-16T10:15:00-06:00,2025-01-16 16:15:00+00:00,2025-01-16T10:30:00-06:00,2025-01-16 16:30:00+00:00,SBEAN_BESS,32.51
2025-01-16T10:30:00-06:00,2025-01-16 16:30:00+00:00,2025-01-16T10:45:00-06:00,2025-01-16 16:45:00+00:00,SBEAN_BESS,43.67
2025-01-16T10:45:00-06:00,2025-01-16 16:45:00+00:00,2025-01-16T11:00:00-06:00,2025-01-16 17:00:00+00:00,SBEAN_BESS,26.81
2025-01-16T11:00:00-06:00,2025-01-16 17:00:00+00:00,2025-01-16T11:15:00-06:00,2025-01-16 17:15:00+00:00,SBEAN_BESS,25.64
2025-01-16T11:15:00-06:00,2025-01-16 17:15:00+00:00,2025-01-16T11:30:00-06:00,2025-01-16 17:30:00+00:00,SBEAN_BESS,24.61
2025-01-16T11:30:00-06:00,2025-01-16 17:30:00+00:00,2025-01-16T11:45:00-06:00,2025-01-16 17:45:00+00:00,SBEAN_BESS,23.36
2025-01-16T11:45:00-06:00,2025-01-16 17:45:00+00:00,2025-01-16T12:00:00-06:00,2025-01-16 18:00:00+00:00,SBEAN_BESS,22.98
2025-01-16T12:00:00-06:00,2025-01-16 18:00:00+00:00,2025-01-16T12:15:00-06:00,2025-01-16 18:15:00+00:00,SBEAN_BESS,24.79
2025-01-16T12:15:00-06:00,2025-01-16 18:15:00+00:00,2025-01-16T12:30:00-06:00,2025-01-16 18:30:00+00:00,SBEAN_BESS,25.77
2025-01-16T12:30:00-06:00,2025-01-16 18:30:00+00:00,2025-01-16T12:45:00-06:00,2025-01-16 18:45:00+00:00,SBEAN_BESS,22.92
2025-01-16T12:45:00-06:00,2025-01-16 18:45:00+00:00,2025-01-16T13:00:00-06:00,2025-01-16 19:00:00+00:00,SBEAN_BESS,22.42
2025-01-16T13:00:00-06:00,2025-01-16 19:00:00+00:00,2025-01-16T13:15:00-06:00,2025-01-16 19:15:00+00:00,SBEAN_BESS,24.1
2025-01-16T13:15:00-06:00,2025-01-16 19:15:00+00:00,2025-01-16T13:30:00-06:00,2025-01-16 19:30:00+00:00,SBEAN_BESS,23
2025-01-16T13:30:00-06:00,2025-01-16 19:30:00+00:00,2025-01-16T13:45:00-06:00,2025-01-16 19:45:00+00:00,SBEAN_BESS,23.34
2025-01-16T13:45:00-06:00,2025-01-16 19:45:00+00:00,2025-01-16T14:00:00-06:00,2025-01-16 20:00:00+00:00,SBEAN_BESS,28.37
2025-01-16T14:00:00-06:00,2025-01-16 20:00:00+00:00,2025-01-16T14:15:00-06:00,2025-01-16 20:15:00+00:00,SBEAN_BESS,21.87
2025-01-16T14:15:00-06:00,2025-01-16 20:15:00+00:00,2025-01-16T14:30:00-06:00,2025-01-16 20:30:00+00:00,SBEAN_BESS,18.04
2025-01-16T14:30:00-06:00,2025-01-16 20:30:00+00:00,2025-01-16T14:45:00-06:00,2025-01-16 20:45:00+00:00,SBEAN_BESS,15.33
2025-01-16T14:45:00-06:00,2025-01-16 20:45:00+00:00,2025-01-16T15:00:00-06:00,2025-01-16 21:00:00+00:00,SBEAN_BESS,19.78
2025-01-16T15:00:00-06:00,2025-01-16 21:00:00+00:00,2025-01-16T15:15:00-06:00,2025-01-16 21:15:00+00:00,SBEAN_BESS,17.78
2025-01-16T15:15:00-06:00,2025-01-16 21:15:00+00:00,2025-01-16T15:30:00-06:00,2025-01-16 21:30:00+00:00,SBEAN_BESS,16.94
2025-01-16T15:30:00-06:00,2025-01-16 21:30:00+00:00,2025-01-16T15:45:00-06:00,2025-01-16 21:45:00+00:00,SBEAN_BESS,7.76
2025-01-16T15:45:00-06:00,2025-01-16 21:45:00+00:00,2025-01-16T16:00:00-06:00,2025-01-16 22:00:00+00:00,SBEAN_BESS,10.91
2025-01-16T16:00:00-06:00,2025-01-16 22:00:00+00:00,2025-01-16T16:15:00-06:00,2025-01-16 22:15:00+00:00,SBEAN_BESS,16.66
2025-01-16T16:15:00-06:00,2025-01-16 22:15:00+00:00,2025-01-16T16:30:00-06:00,2025-01-16 22:30:00+00:00,SBEAN_BESS,21.43
2025-01-16T16:30:00-06:00,2025-01-16 22:30:00+00:00,2025-01-16T16:45:00-06:00,2025-01-16 22:45:00+00:00,SBEAN_BESS,25.81
2025-01-16T16:45:00-06:00,2025-01-16 22:45:00+00:00,2025-01-16T17:00:00-06:00,2025-01-16 23:00:00+00:00,SBEAN_BESS,31.7
2025-01-16T17:00:00-06:00,2025-01-16 23:00:00+00:00,2025-01-16T17:15:00-06:00,2025-01-16 23:15:00+00:00,SBEAN_BESS,32.1
2025-01-16T17:15:00-06:00,2025-01-16 23:15:00+00:00,2025-01-16T17:30:00-06:00,2025-01-16 23:30:00+00:00,SBEAN_BESS,72.42
2025-01-16T17:30:00-06:00,2025-01-16 23:30:00+00:00,2025-01-16T17:45:00-06:00,2025-01-16 23:45:00+00:00,SBEAN_BESS,99.33
2025-01-16T17:45:00-06:00,2025-01-16 23:45:00+00:00,2025-01-16T18:00:00-06:00,2025-01-17 00:00:00+00:00,SBEAN_BESS,125.28
2025-01-16T18:00:00-06:00,2025-01-17 00:00:00+00:00,2025-01-16T18:15:00-06:00,2025-01-17 00:15:00+00:00,SBEAN_BESS,68.13
2025-01-16T18:15:00-06:00,2025-01-17 00:15:00+00:00,2025-01-16T18:30:00-06:00,2025-01-17 00:30:00+00:00,SBEAN_BESS,81.53
2025-01-16T18:30:00-06:00,2025-01-17 00:30:00+00:00,2025-01-16T18:45:00-06:00,2025-01-17 00:45:00+00:00,SBEAN_BESS,87.59
2025-01-16T18:45:00-06:00,2025-01-17 00:45:00+00:00,2025-01-16T19:00:00-06:00,2025-01-17 01:00:00+00:00,SBEAN_BESS,80.74
2025-01-16T19:00:00-06:00,2025-01-17 01:00:00+00:00,2025-01-16T19:15:00-06:00,2025-01-17 01:15:00+00:00,SBEAN_BESS,69.05
2025-01-16T19:15:00-06:00,2025-01-17 01:15:00+00:00,2025-01-16T19:30:00-06:00,2025-01-17 01:30:00+00:00,SBEAN_BESS,70.95
2025-01-16T19:30:00-06:00,2025-01-17 01:30:00+00:00,2025-01-16T19:45:00-06:00,2025-01-17 01:45:00+00:00,SBEAN_BESS,56.68
2025-01-16T19:45:00-06:00,2025-01-17 01:45:00+00:00,2025-01-16T20:00:00-06:00,2025-01-17 02:00:00+00:00,SBEAN_BESS,56.32
2025-01-16T20:00:00-06:00,2025-01-17 02:00:00+00:00,2025-01-16T20:15:00-06:00,2025-01-17 02:15:00+00:00,SBEAN_BESS,60.02
2025-01-16T20:15:00-06:00,2025-01-17 02:15:00+00:00,2025-01-16T20:30:00-06:00,2025-01-17 02:30:00+00:00,SBEAN_BESS,52.19
2025-01-16T20:30:00-06:00,2025-01-17 02:30:00+00:00,2025-01-16T20:45:00-06:00,2025-01-17 02:45:00+00:00,SBEAN_BESS,40.23
2025-01-16T20:45:00-06:00,2025-01-17 02:45:00+00:00,2025-01-16T21:00:00-06:00,2025-01-17 03:00:00+00:00,SBEAN_BESS,100.62
2025-01-16T21:00:00-06:00,2025-01-17 03:00:00+00:00,2025-01-16T21:15:00-06:00,2025-01-17 03:15:00+00:00,SBEAN_BESS,186.14
2025-01-16T21:15:00-06:00,2025-01-17 03:15:00+00:00,2025-01-16T21:30:00-06:00,2025-01-17 03:30:00+00:00,SBEAN_BESS,52.85
2025-01-16T21:30:00-06:00,2025-01-17 03:30:00+00:00,2025-01-16T21:45:00-06:00,2025-01-17 03:45:00+00:00,SBEAN_BESS,134.91
2025-01-16T21:45:00-06:00,2025-01-17 03:45:00+00:00,2025-01-16T22:00:00-06:00,2025-01-17 04:00:00+00:00,SBEAN_BESS,85.23
2025-01-16T22:00:00-06:00,2025-01-17 04:00:00+00:00,2025-01-16T22:15:00-06:00,2025-01-17 04:15:00+00:00,SBEAN_BESS,91.98
2025-01-16T22:15:00-06:00,2025-01-17 04:15:00+00:00,2025-01-16T22:30:00-06:00,2025-01-17 04:30:00+00:00,SBEAN_BESS,112.7
2025-01-16T22:30:00-06:00,2025-01-17 04:30:00+00:00,2025-01-16T22:45:00-06:00,2025-01-17 04:45:00+00:00,SBEAN_BESS,59.67
2025-01-16T22:45:00-06:00,2025-01-17 04:45:00+00:00,2025-01-16T23:00:00-06:00,2025-01-17 05:00:00+00:00,SBEAN_BESS,72.33
2025-01-16T23:00:00-06:00,2025-01-17 05:00:00+00:00,2025-01-16T23:15:00-06:00,2025-01-17 05:15:00+00:00,SBEAN_BESS,87.73
2025-01-16T23:15:00-06:00,2025-01-17 05:15:00+00:00,2025-01-16T23:30:00-06:00,2025-01-17 05:30:00+00:00,SBEAN_BESS,87.8
2025-01-16T23:30:00-06:00,2025-01-17 05:30:00+00:00,2025-01-16T23:45:00-06:00,2025-01-17 05:45:00+00:00,SBEAN_BESS,69.1
2025-01-16T23:45:00-06:00,2025-01-17 05:45:00+00:00,2025-01-17T00:00:00-06:00,2025-01-17 06:00:00+00:00,SBEAN_BESS,71.44
2025-01-17T00:00:00-06:00,2025-01-17 06:00:00+00:00,2025-01-17T00:15:00-06:00,2025-01-17 06:15:00+00:00,SBEAN_BESS,90.67
2025-01-17T00:15:00-06:00,2025-01-17 06:15:00+00:00,2025-01-17T00:30:00-06:00,2025-01-17 06:30:00+00:00,SBEAN_BESS,103.21
2025-01-17T00:30:00-06:00,2025-01-17 06:30:00+00:00,2025-01-17T00:45:00-06:00,2025-01-17 06:45:00+00:00,SBEAN_BESS,76.67
2025-01-17T00:45:00-06:00,2025-01-17 06:45:00+00:00,2025-01-17T01:00:00-06:00,2025-01-17 07:00:00+00:00,SBEAN_BESS,78.01
2025-01-17T01:00:00-06:00,2025-01-17 07:00:00+00:00,2025-01-17T01:15:00-06:00,2025-01-17 07:15:00+00:00,SBEAN_BESS,91.69
2025-01-17T01:15:00-06:00,2025-01-17 07:15:00+00:00,2025-01-17T01:30:00-06:00,2025-01-17 07:30:00+00:00,SBEAN_BESS,112.62
2025-01-17T01:30:00-06:00,2025-01-17 07:30:00+00:00,2025-01-17T01:45:00-06:00,2025-01-17 07:45:00+00:00,SBEAN_BESS,75.01
2025-01-17T01:45:00-06:00,2025-01-17 07:45:00+00:00,2025-01-17T02:00:00-06:00,2025-01-17 08:00:00+00:00,SBEAN_BESS,116.09
2025-01-17T02:00:00-06:00,2025-01-17 08:00:00+00:00,2025-01-17T02:15:00-06:00,2025-01-17 08:15:00+00:00,SBEAN_BESS,114.86
2025-01-17T02:15:00-06:00,2025-01-17 08:15:00+00:00,2025-01-17T02:30:00-06:00,2025-01-17 08:30:00+00:00,SBEAN_BESS,85.25
2025-01-17T02:30:00-06:00,2025-01-17 08:30:00+00:00,2025-01-17T02:45:00-06:00,2025-01-17 08:45:00+00:00,SBEAN_BESS,128.77
2025-01-17T02:45:00-06:00,2025-01-17 08:45:00+00:00,2025-01-17T03:00:00-06:00,2025-01-17 09:00:00+00:00,SBEAN_BESS,111.45
2025-01-17T03:00:00-06:00,2025-01-17 09:00:00+00:00,2025-01-17T03:15:00-06:00,2025-01-17 09:15:00+00:00,SBEAN_BESS,88.15
2025-01-17T03:15:00-06:00,2025-01-17 09:15:00+00:00,2025-01-17T03:30:00-06:00,2025-01-17 09:30:00+00:00,SBEAN_BESS,111.74
2025-01-17T03:30:00-06:00,2025-01-17 09:30:00+00:00,2025-01-17T03:45:00-06:00,2025-01-17 09:45:00+00:00,SBEAN_BESS,97.38
2025-01-17T03:45:00-06:00,2025-01-17 09:45:00+00:00,2025-01-17T04:00:00-06:00,2025-01-17 10:00:00+00:00,SBEAN_BESS,99.17
2025-01-17T04:00:00-06:00,2025-01-17 10:00:00+00:00,2025-01-17T04:15:00-06:00,2025-01-17 10:15:00+00:00,SBEAN_BESS,125.93
2025-01-17T04:15:00-06:00,2025-01-17 10:15:00+00:00,2025-01-17T04:30:00-06:00,2025-01-17 10:30:00+00:00,SBEAN_BESS,69.81
2025-01-17T04:30:00-06:00,2025-01-17 10:30:00+00:00,2025-01-17T04:45:00-06:00,2025-01-17 10:45:00+00:00,SBEAN_BESS,134.48
2025-01-17T04:45:00-06:00,2025-01-17 10:45:00+00:00,2025-01-17T05:00:00-06:00,2025-01-17 11:00:00+00:00,SBEAN_BESS,102.37
2025-01-17T05:00:00-06:00,2025-01-17 11:00:00+00:00,2025-01-17T05:15:00-06:00,2025-01-17 11:15:00+00:00,SBEAN_BESS,103.39
2025-01-17T05:15:00-06:00,2025-01-17 11:15:00+00:00,2025-01-17T05:30:00-06:00,2025-01-17 11:30:00+00:00,SBEAN_BESS,109.95
2025-01-17T05:30:00-06:00,2025-01-17 11:30:00+00:00,2025-01-17T05:45:00-06:00,2025-01-17 11:45:00+00:00,SBEAN_BESS,96.91
2025-01-17T05:45:00-06:00,2025-01-17 11:45:00+00:00,2025-01-17T06:00:00-06:00,2025-01-17 12:00:00+00:00,SBEAN_BESS,109.39
2025-01-17T06:00:00-06:00,2025-01-17 12:00:00+00:00,2025-01-17T06:15:00-06:00,2025-01-17 12:15:00+00:00,SBEAN_BESS,103.31
2025-01-17T06:15:00-06:00,2025-01-17 12:15:00+00:00,2025-01-17T06:30:00-06:00,2025-01-17 12:30:00+00:00,SBEAN_BESS,113.95
2025-01-17T06:30:00-06:00,2025-01-17 12:30:00+00:00,2025-01-17T06:45:00-06:00,2025-01-17 12:45:00+00:00,SBEAN_BESS,125.09
2025-01-17T06:45:00-06:00,2025-01-17 12:45:00+00:00,2025-01-17T07:00:00-06:00,2025-01-17 13:00:00+00:00,SBEAN_BESS,140.79
2025-01-17T07:00:00-06:00,2025-01-17 13:00:00+00:00,2025-01-17T07:15:00-06:00,2025-01-17 13:15:00+00:00,SBEAN_BESS,98.24
2025-01-17T07:15:00-06:00,2025-01-17 13:15:00+00:00,2025-01-17T07:30:00-06:00,2025-01-17 13:30:00+00:00,SBEAN_BESS,102.31
2025-01-17T07:30:00-06:00,2025-01-17 13:30:00+00:00,2025-01-17T07:45:00-06:00,2025-01-17 13:45:00+00:00,SBEAN_BESS,104.9
2025-01-17T07:45:00-06:00,2025-01-17 13:45:00+00:00,2025-01-17T08:00:00-06:00,2025-01-17 14:00:00+00:00,SBEAN_BESS,103.58
2025-01-17T08:00:00-06:00,2025-01-17 14:00:00+00:00,2025-01-17T08:15:00-06:00,2025-01-17 14:15:00+00:00,SBEAN_BESS,166.52
2025-01-17T08:15:00-06:00,2025-01-17 14:15:00+00:00,2025-01-17T08:30:00-06:00,2025-01-17 14:30:00+00:00,SBEAN_BESS,122.03
2025-01-17T08:30:00-06:00,2025-01-17 14:30:00+00:00,2025-01-17T08:45:00-06:00,2025-01-17 14:45:00+00:00,SBEAN_BESS,78.05
2025-01-17T08:45:00-06:00,2025-01-17 14:45:00+00:00,2025-01-17T09:00:00-06:00,2025-01-17 15:00:00+00:00,SBEAN_BESS,148.83
2025-01-17T09:00:00-06:00,2025-01-17 15:00:00+00:00,2025-01-17T09:15:00-06:00,2025-01-17 15:15:00+00:00,SBEAN_BESS,39.65
2025-01-17T09:15:00-06:00,2025-01-17 15:15:00+00:00,2025-01-17T09:30:00-06:00,2025-01-17 15:30:00+00:00,SBEAN_BESS,82.11
2025-01-17T09:30:00-06:00,2025-01-17 15:30:00+00:00,2025-01-17T09:45:00-06:00,2025-01-17 15:45:00+00:00,SBEAN_BESS,41.38
2025-01-17T09:45:00-06:00,2025-01-17 15:45:00+00:00,2025-01-17T10:00:00-06:00,2025-01-17 16:00:00+00:00,SBEAN_BESS,30.15
2025-01-17T10:00:00-06:00,2025-01-17 16:00:00+00:00,2025-01-17T10:15:00-06:00,2025-01-17 16:15:00+00:00,SBEAN_BESS,52.68
2025-01-17T10:15:00-06:00,2025-01-17 16:15:00+00:00,2025-01-17T10:30:00-06:00,2025-01-17 16:30:00+00:00,SBEAN_BESS,26.36
2025-01-17T10:30:00-06:00,2025-01-17 16:30:00+00:00,2025-01-17T10:45:00-06:00,2025-01-17 16:45:00+00:00,SBEAN_BESS,38.52
2025-01-17T10:45:00-06:00,2025-01-17 16:45:00+00:00,2025-01-17T11:00:00-06:00,2025-01-17 17:00:00+00:00,SBEAN_BESS,42.69
2025-01-17T11:00:00-06:00,2025-01-17 17:00:00+00:00,2025-01-17T11:15:00-06:00,2025-01-17 17:15:00+00:00,SBEAN_BESS,12.62
2025-01-17T11:15:00-06:00,2025-01-17 17:15:00+00:00,2025-01-17T11:30:00-06:00,2025-01-17 17:30:00+00:00,SBEAN_BESS,24.38
2025-01-17T11:30:00-06:00,2025-01-17 17:30:00+00:00,2025-01-17T11:45:00-06:00,2025-01-17 17:45:00+00:00,SBEAN_BESS,25.91
2025-01-17T11:45:00-06:00,2025-01-17 17:45:00+00:00,2025-01-17T12:00:00-06:00,2025-01-17 18:00:00+00:00,SBEAN_BESS,16.94
2025-01-17T12:00:00-06:00,2025-01-17 18:00:00+00:00,2025-01-17T12:15:00-06:00,2025-01-17 18:15:00+00:00,SBEAN_BESS,15.62
2025-01-17T12:15:00-06:00,2025-01-17 18:15:00+00:00,2025-01-17T12:30:00-06:00,2025-01-17 18:30:00+00:00,SBEAN_BESS,17.51
2025-01-17T12:30:00-06:00,2025-01-17 18:30:00+00:00,2025-01-17T12:45:00-06:00,2025-01-17 18:45:00+00:00,SBEAN_BESS,8.96
2025-01-17T12:45:00-06:00,2025-01-17 18:45:00+00:00,2025-01-17T13:00:00-06:00,2025-01-17 19:00:00+00:00,SBEAN_BESS,2.72
2025-01-17T13:00:00-06:00,2025-01-17 19:00:00+00:00,2025-01-17T13:15:00-06:00,2025-01-17 19:15:00+00:00,SBEAN_BESS,0.9
2025-01-17T13:15:00-06:00,2025-01-17 19:15:00+00:00,2025-01-17T13:30:00-06:00,2025-01-17 19:30:00+00:00,SBEAN_BESS,-0.15
2025-01-17T13:30:00-06:00,2025-01-17 19:30:00+00:00,2025-01-17T13:45:00-06:00,2025-01-17 19:45:00+00:00,SBEAN_BESS,-0.44
2025-01-17T13:45:00-06:00,2025-01-17 19:45:00+00:00,2025-01-17T14:00:00-06:00,2025-01-17 20:00:00+00:00,SBEAN_BESS,-0.28
2025-01-17T14:00:00-06:00,2025-01-17 20:00:00+00:00,2025-01-17T14:15:00-06:00,2025-01-17 20:15:00+00:00,SBEAN_BESS,-0.47
2025-01-17T14:15:00-06:00,2025-01-17 20:15:00+00:00,2025-01-17T14:30:00-06:00,2025-01-17 20:30:00+00:00,SBEAN_BESS,-0.44
2025-01-17T14:30:00-06:00,2025-01-17 20:30:00+00:00,2025-01-17T14:45:00-06:00,2025-01-17 20:45:00+00:00,SBEAN_BESS,-0.04
2025-01-17T14:45:00-06:00,2025-01-17 20:45:00+00:00,2025-01-17T15:00:00-06:00,2025-01-17 21:00:00+00:00,SBEAN_BESS,-0.01
2025-01-17T15:00:00-06:00,2025-01-17 21:00:00+00:00,2025-01-17T15:15:00-06:00,2025-01-17 21:15:00+00:00,SBEAN_BESS,0
2025-01-17T15:15:00-06:00,2025-01-17 21:15:00+00:00,2025-01-17T15:30:00-06:00,2025-01-17 21:30:00+00:00,SBEAN_BESS,-0.11
2025-01-17T15:30:00-06:00,2025-01-17 21:30:00+00:00,2025-01-17T15:45:00-06:00,2025-01-17 21:45:00+00:00,SBEAN_BESS,-0.19
2025-01-17T15:45:00-06:00,2025-01-17 21:45:00+00:00,2025-01-17T16:00:00-06:00,2025-01-17 22:00:00+00:00,SBEAN_BESS,-0.02
2025-01-17T16:00:00-06:00,2025-01-17 22:00:00+00:00,2025-01-17T16:15:00-06:00,2025-01-17 22:15:00+00:00,SBEAN_BESS,-0.03
2025-01-17T16:15:00-06:00,2025-01-17 22:15:00+00:00,2025-01-17T16:30:00-06:00,2025-01-17 22:30:00+00:00,SBEAN_BESS,0
2025-01-17T16:30:00-06:00,2025-01-17 22:30:00+00:00,2025-01-17T16:45:00-06:00,2025-01-17 22:45:00+00:00,SBEAN_BESS,0.11
2025-01-17T16:45:00-06:00,2025-01-17 22:45:00+00:00,2025-01-17T17:00:00-06:00,2025-01-17 23:00:00+00:00,SBEAN_BESS,0.3
2025-01-17T17:00:00-06:00,2025-01-17 23:00:00+00:00,2025-01-17T17:15:00-06:00,2025-01-17 23:15:00+00:00,SBEAN_BESS,-0.24
2025-01-17T17:15:00-06:00,2025-01-17 23:15:00+00:00,2025-01-17T17:30:00-06:00,2025-01-17 23:30:00+00:00,SBEAN_BESS,-0.68
2025-01-17T17:30:00-06:00,2025-01-17 23:30:00+00:00,2025-01-17T17:45:00-06:00,2025-01-17 23:45:00+00:00,SBEAN_BESS,0.4
2025-01-17T17:45:00-06:00,2025-01-17 23:45:00+00:00,2025-01-17T18:00:00-06:00,2025-01-18 00:00:00+00:00,SBEAN_BESS,18.13
2025-01-17T18:00:00-06:00,2025-01-18 00:00:00+00:00,2025-01-17T18:15:00-06:00,2025-01-18 00:15:00+00:00,SBEAN_BESS,33.77
2025-01-17T18:15:00-06:00,2025-01-18 00:15:00+00:00,2025-01-17T18:30:00-06:00,2025-01-18 00:30:00+00:00,SBEAN_BESS,31.87
2025-01-17T18:30:00-06:00,2025-01-18 00:30:00+00:00,2025-01-17T18:45:00-06:00,2025-01-18 00:45:00+00:00,SBEAN_BESS,30.25
2025-01-17T18:45:00-06:00,2025-01-18 00:45:00+00:00,2025-01-17T19:00:00-06:00,2025-01-18 01:00:00+00:00,SBEAN_BESS,30.83
2025-01-17T19:00:00-06:00,2025-01-18 01:00:00+00:00,2025-01-17T19:15:00-06:00,2025-01-18 01:15:00+00:00,SBEAN_BESS,59.32
2025-01-17T19:15:00-06:00,2025-01-18 01:15:00+00:00,2025-01-17T19:30:00-06:00,2025-01-18 01:30:00+00:00,SBEAN_BESS,43.13
2025-01-17T19:30:00-06:00,2025-01-18 01:30:00+00:00,2025-01-17T19:45:00-06:00,2025-01-18 01:45:00+00:00,SBEAN_BESS,42.44
2025-01-17T19:45:00-06:00,2025-01-18 01:45:00+00:00,2025-01-17T20:00:00-06:00,2025-01-18 02:00:00+00:00,SBEAN_BESS,53.12
2025-01-17T20:00:00-06:00,2025-01-18 02:00:00+00:00,2025-01-17T20:15:00-06:00,2025-01-18 02:15:00+00:00,SBEAN_BESS,54.28
2025-01-17T20:15:00-06:00,2025-01-18 02:15:00+00:00,2025-01-17T20:30:00-06:00,2025-01-18 02:30:00+00:00,SBEAN_BESS,54.78
2025-01-17T20:30:00-06:00,2025-01-18 02:30:00+00:00,2025-01-17T20:45:00-06:00,2025-01-18 02:45:00+00:00,SBEAN_BESS,61.92
2025-01-17T20:45:00-06:00,2025-01-18 02:45:00+00:00,2025-01-17T21:00:00-06:00,2025-01-18 03:00:00+00:00,SBEAN_BESS,62.04
2025-01-17T21:00:00-06:00,2025-01-18 03:00:00+00:00,2025-01-17T21:15:00-06:00,2025-01-18 03:15:00+00:00,SBEAN_BESS,59.24
2025-01-17T21:15:00-06:00,2025-01-18 03:15:00+00:00,2025-01-17T21:30:00-06:00,2025-01-18 03:30:00+00:00,SBEAN_BESS,60.35
2025-01-17T21:30:00-06:00,2025-01-18 03:30:00+00:00,2025-01-17T21:45:00-06:00,2025-01-18 03:45:00+00:00,SBEAN_BESS,66.35
2025-01-17T21:45:00-06:00,2025-01-18 03:45:00+00:00,2025-01-17T22:00:00-06:00,2025-01-18 04:00:00+00:00,SBEAN_BESS,69.57
2025-01-17T22:00:00-06:00,2025-01-18 04:00:00+00:00,2025-01-17T22:15:00-06:00,2025-01-18 04:15:00+00:00,SBEAN_BESS,65.81
2025-01-17T22:15:00-06:00,2025-01-18 04:15:00+00:00,2025-01-17T22:30:00-06:00,2025-01-18 04:30:00+00:00,SBEAN_BESS,64.12
2025-01-17T22:30:00-06:00,2025-01-18 04:30:00+00:00,2025-01-17T22:45:00-06:00,2025-01-18 04:45:00+00:00,SBEAN_BESS,60.57
2025-01-17T22:45:00-06:00,2025-01-18 04:45:00+00:00,2025-01-17T23:00:00-06:00,2025-01-18 05:00:00+00:00,SBEAN_BESS,59.07
2025-01-17T23:00:00-06:00,2025-01-18 05:00:00+00:00,2025-01-17T23:15:00-06:00,2025-01-18 05:15:00+00:00,SBEAN_BESS,65.25
2025-01-17T23:15:00-06:00,2025-01-18 05:15:00+00:00,2025-01-17T23:30:00-06:00,2025-01-18 05:30:00+00:00,SBEAN_BESS,70.24
2025-01-17T23:30:00-06:00,2025-01-18 05:30:00+00:00,2025-01-17T23:45:00-06:00,2025-01-18 05:45:00+00:00,SBEAN_BESS,72.08
2025-01-17T23:45:00-06:00,2025-01-18 05:45:00+00:00,2025-01-18T00:00:00-06:00,2025-01-18 06:00:00+00:00,SBEAN_BESS,85.89
2025-01-18T00:00:00-06:00,2025-01-18 06:00:00+00:00,2025-01-18T00:15:00-06:00,2025-01-18 06:15:00+00:00,SBEAN_BESS,63.21
2025-01-18T00:15:00-06:00,2025-01-18 06:15:00+00:00,2025-01-18T00:30:00-06:00,2025-01-18 06:30:00+00:00,SBEAN_BESS,65.2
2025-01-18T00:30:00-06:00,2025-01-18 06:30:00+00:00,2025-01-18T00:45:00-06:00,2025-01-18 06:45:00+00:00,SBEAN_BESS,55.59
2025-01-18T00:45:00-06:00,2025-01-18 06:45:00+00:00,2025-01-18T01:00:00-06:00,2025-01-18 07:00:00+00:00,SBEAN_BESS,73.74
2025-01-18T01:00:00-06:00,2025-01-18 07:00:00+00:00,2025-01-18T01:15:00-06:00,2025-01-18 07:15:00+00:00,SBEAN_BESS,84.01
2025-01-18T01:15:00-06:00,2025-01-18 07:15:00+00:00,2025-01-18T01:30:00-06:00,2025-01-18 07:30:00+00:00,SBEAN_BESS,81.95
2025-01-18T01:30:00-06:00,2025-01-18 07:30:00+00:00,2025-01-18T01:45:00-06:00,2025-01-18 07:45:00+00:00,SBEAN_BESS,78.55
2025-01-18T01:45:00-06:00,2025-01-18 07:45:00+00:00,2025-01-18T02:00:00-06:00,2025-01-18 08:00:00+00:00,SBEAN_BESS,79.97
2025-01-18T02:00:00-06:00,2025-01-18 08:00:00+00:00,2025-01-18T02:15:00-06:00,2025-01-18 08:15:00+00:00,SBEAN_BESS,78.87
2025-01-18T02:15:00-06:00,2025-01-18 08:15:00+00:00,2025-01-18T02:30:00-06:00,2025-01-18 08:30:00+00:00,SBEAN_BESS,78.05
2025-01-18T02:30:00-06:00,2025-01-18 08:30:00+00:00,2025-01-18T02:45:00-06:00,2025-01-18 08:45:00+00:00,SBEAN_BESS,80.79
2025-01-18T02:45:00-06:00,2025-01-18 08:45:00+00:00,2025-01-18T03:00:00-06:00,2025-01-18 09:00:00+00:00,SBEAN_BESS,81.49
2025-01-18T03:00:00-06:00,2025-01-18 09:00:00+00:00,2025-01-18T03:15:00-06:00,2025-01-18 09:15:00+00:00,SBEAN_BESS,79.19
2025-01-18T03:15:00-06:00,2025-01-18 09:15:00+00:00,2025-01-18T03:30:00-06:00,2025-01-18 09:30:00+00:00,SBEAN_BESS,79.56
2025-01-18T03:30:00-06:00,2025-01-18 09:30:00+00:00,2025-01-18T03:45:00-06:00,2025-01-18 09:45:00+00:00,SBEAN_BESS,87.05
2025-01-18T03:45:00-06:00,2025-01-18 09:45:00+00:00,2025-01-18T04:00:00-06:00,2025-01-18 10:00:00+00:00,SBEAN_BESS,83.39
2025-01-18T04:00:00-06:00,2025-01-18 10:00:00+00:00,2025-01-18T04:15:00-06:00,2025-01-18 10:15:00+00:00,SBEAN_BESS,88.51
2025-01-18T04:15:00-06:00,2025-01-18 10:15:00+00:00,2025-01-18T04:30:00-06:00,2025-01-18 10:30:00+00:00,SBEAN_BESS,83.92
2025-01-18T04:30:00-06:00,2025-01-18 10:30:00+00:00,2025-01-18T04:45:00-06:00,2025-01-18 10:45:00+00:00,SBEAN_BESS,87.49
2025-01-18T04:45:00-06:00,2025-01-18 10:45:00+00:00,2025-01-18T05:00:00-06:00,2025-01-18 11:00:00+00:00,SBEAN_BESS,91.5
2025-01-18T05:00:00-06:00,2025-01-18 11:00:00+00:00,2025-01-18T05:15:00-06:00,2025-01-18 11:15:00+00:00,SBEAN_BESS,82.81
2025-01-18T05:15:00-06:00,2025-01-18 11:15:00+00:00,2025-01-18T05:30:00-06:00,2025-01-18 11:30:00+00:00,SBEAN_BESS,84.68
2025-01-18T05:30:00-06:00,2025-01-18 11:30:00+00:00,2025-01-18T05:45:00-06:00,2025-01-18 11:45:00+00:00,SBEAN_BESS,93.12
2025-01-18T05:45:00-06:00,2025-01-18 11:45:00+00:00,2025-01-18T06:00:00-06:00,2025-01-18 12:00:00+00:00,SBEAN_BESS,93.11
2025-01-18T06:00:00-06:00,2025-01-18 12:00:00+00:00,2025-01-18T06:15:00-06:00,2025-01-18 12:15:00+00:00,SBEAN_BESS,79.27
2025-01-18T06:15:00-06:00,2025-01-18 12:15:00+00:00,2025-01-18T06:30:00-06:00,2025-01-18 12:30:00+00:00,SBEAN_BESS,76.69
2025-01-18T06:30:00-06:00,2025-01-18 12:30:00+00:00,2025-01-18T06:45:00-06:00,2025-01-18 12:45:00+00:00,SBEAN_BESS,83.56
2025-01-18T06:45:00-06:00,2025-01-18 12:45:00+00:00,2025-01-18T07:00:00-06:00,2025-01-18 13:00:00+00:00,SBEAN_BESS,87.57
2025-01-18T07:00:00-06:00,2025-01-18 13:00:00+00:00,2025-01-18T07:15:00-06:00,2025-01-18 13:15:00+00:00,SBEAN_BESS,65.4
2025-01-18T07:15:00-06:00,2025-01-18 13:15:00+00:00,2025-01-18T07:30:00-06:00,2025-01-18 13:30:00+00:00,SBEAN_BESS,58.77
2025-01-18T07:30:00-06:00,2025-01-18 13:30:00+00:00,2025-01-18T07:45:00-06:00,2025-01-18 13:45:00+00:00,SBEAN_BESS,51.81
2025-01-18T07:45:00-06:00,2025-01-18 13:45:00+00:00,2025-01-18T08:00:00-06:00,2025-01-18 14:00:00+00:00,SBEAN_BESS,47.94
2025-01-18T08:00:00-06:00,2025-01-18 14:00:00+00:00,2025-01-18T08:15:00-06:00,2025-01-18 14:15:00+00:00,SBEAN_BESS,38.1
2025-01-18T08:15:00-06:00,2025-01-18 14:15:00+00:00,2025-01-18T08:30:00-06:00,2025-01-18 14:30:00+00:00,SBEAN_BESS,17.78
2025-01-18T08:30:00-06:00,2025-01-18 14:30:00+00:00,2025-01-18T08:45:00-06:00,2025-01-18 14:45:00+00:00,SBEAN_BESS,5.18
2025-01-18T08:45:00-06:00,2025-01-18 14:45:00+00:00,2025-01-18T09:00:00-06:00,2025-01-18 15:00:00+00:00,SBEAN_BESS,0
2025-01-18T09:00:00-06:00,2025-01-18 15:00:00+00:00,2025-01-18T09:15:00-06:00,2025-01-18 15:15:00+00:00,SBEAN_BESS,0
2025-01-18T09:15:00-06:00,2025-01-18 15:15:00+00:00,2025-01-18T09:30:00-06:00,2025-01-18 15:30:00+00:00,SBEAN_BESS,0
2025-01-18T09:30:00-06:00,2025-01-18 15:30:00+00:00,2025-01-18T09:45:00-06:00,2025-01-18 15:45:00+00:00,SBEAN_BESS,-0.16
2025-01-18T09:45:00-06:00,2025-01-18 15:45:00+00:00,2025-01-18T10:00:00-06:00,2025-01-18 16:00:00+00:00,SBEAN_BESS,-0.53
2025-01-18T10:00:00-06:00,2025-01-18 16:00:00+00:00,2025-01-18T10:15:00-06:00,2025-01-18 16:15:00+00:00,SBEAN_BESS,-0.42
2025-01-18T10:15:00-06:00,2025-01-18 16:15:00+00:00,2025-01-18T10:30:00-06:00,2025-01-18 16:30:00+00:00,SBEAN_BESS,-0.21
2025-01-18T10:30:00-06:00,2025-01-18 16:30:00+00:00,2025-01-18T10:45:00-06:00,2025-01-18 16:45:00+00:00,SBEAN_BESS,-0.07
2025-01-18T10:45:00-06:00,2025-01-18 16:45:00+00:00,2025-01-18T11:00:00-06:00,2025-01-18 17:00:00+00:00,SBEAN_BESS,-0.01
2025-01-18T11:00:00-06:00,2025-01-18 17:00:00+00:00,2025-01-18T11:15:00-06:00,2025-01-18 17:15:00+00:00,SBEAN_BESS,-0.09
2025-01-18T11:15:00-06:00,2025-01-18 17:15:00+00:00,2025-01-18T11:30:00-06:00,2025-01-18 17:30:00+00:00,SBEAN_BESS,0.01
2025-01-18T11:30:00-06:00,2025-01-18 17:30:00+00:00,2025-01-18T11:45:00-06:00,2025-01-18 17:45:00+00:00,SBEAN_BESS,0.01
2025-01-18T11:45:00-06:00,2025-01-18 17:45:00+00:00,2025-01-18T12:00:00-06:00,2025-01-18 18:00:00+00:00,SBEAN_BESS,0.02
2025-01-18T12:00:00-06:00,2025-01-18 18:00:00+00:00,2025-01-18T12:15:00-06:00,2025-01-18 18:15:00+00:00,SBEAN_BESS,0.04
2025-01-18T12:15:00-06:00,2025-01-18 18:15:00+00:00,2025-01-18T12:30:00-06:00,2025-01-18 18:30:00+00:00,SBEAN_BESS,0.02
2025-01-18T12:30:00-06:00,2025-01-18 18:30:00+00:00,2025-01-18T12:45:00-06:00,2025-01-18 18:45:00+00:00,SBEAN_BESS,0
2025-01-18T12:45:00-06:00,2025-01-18 18:45:00+00:00,2025-01-18T13:00:00-06:00,2025-01-18 19:00:00+00:00,SBEAN_BESS,-0.01
2025-01-18T13:00:00-06:00,2025-01-18 19:00:00+00:00,2025-01-18T13:15:00-06:00,2025-01-18 19:15:00+00:00,SBEAN_BESS,-0.1
2025-01-18T13:15:00-06:00,2025-01-18 19:15:00+00:00,2025-01-18T13:30:00-06:00,2025-01-18 19:30:00+00:00,SBEAN_BESS,-0.51
2025-01-18T13:30:00-06:00,2025-01-18 19:30:00+00:00,2025-01-18T13:45:00-06:00,2025-01-18 19:45:00+00:00,SBEAN_BESS,-0.4
2025-01-18T13:45:00-06:00,2025-01-18 19:45:00+00:00,2025-01-18T14:00:00-06:00,2025-01-18 20:00:00+00:00,SBEAN_BESS,-0.62
2025-01-18T14:00:00-06:00,2025-01-18 20:00:00+00:00,2025-01-18T14:15:00-06:00,2025-01-18 20:15:00+00:00,SBEAN_BESS,-0.5
2025-01-18T14:15:00-06:00,2025-01-18 20:15:00+00:00,2025-01-18T14:30:00-06:00,2025-01-18 20:30:00+00:00,SBEAN_BESS,-0.72
2025-01-18T14:30:00-06:00,2025-01-18 20:30:00+00:00,2025-01-18T14:45:00-06:00,2025-01-18 20:45:00+00:00,SBEAN_BESS,-0.74
2025-01-18T14:45:00-06:00,2025-01-18 20:45:00+00:00,2025-01-18T15:00:00-06:00,2025-01-18 21:00:00+00:00,SBEAN_BESS,-0.98
2025-01-18T15:00:00-06:00,2025-01-18 21:00:00+00:00,2025-01-18T15:15:00-06:00,2025-01-18 21:15:00+00:00,SBEAN_BESS,-1.56
2025-01-18T15:15:00-06:00,2025-01-18 21:15:00+00:00,2025-01-18T15:30:00-06:00,2025-01-18 21:30:00+00:00,SBEAN_BESS,-1.72
2025-01-18T15:30:00-06:00,2025-01-18 21:30:00+00:00,2025-01-18T15:45:00-06:00,2025-01-18 21:45:00+00:00,SBEAN_BESS,-1.83
2025-01-18T15:45:00-06:00,2025-01-18 21:45:00+00:00,2025-01-18T16:00:00-06:00,2025-01-18 22:00:00+00:00,SBEAN_BESS,-0.87
2025-01-18T16:00:00-06:00,2025-01-18 22:00:00+00:00,2025-01-18T16:15:00-06:00,2025-01-18 22:15:00+00:00,SBEAN_BESS,-0.64
2025-01-18T16:15:00-06:00,2025-01-18 22:15:00+00:00,2025-01-18T16:30:00-06:00,2025-01-18 22:30:00+00:00,SBEAN_BESS,-0.37
2025-01-18T16:30:00-06:00,2025-01-18 22:30:00+00:00,2025-01-18T16:45:00-06:00,2025-01-18 22:45:00+00:00,SBEAN_BESS,-0.13
2025-01-18T16:45:00-06:00,2025-01-18 22:45:00+00:00,2025-01-18T17:00:00-06:00,2025-01-18 23:00:00+00:00,SBEAN_BESS,0.63
2025-01-18T17:00:00-06:00,2025-01-18 23:00:00+00:00,2025-01-18T17:15:00-06:00,2025-01-18 23:15:00+00:00,SBEAN_BESS,27.54
2025-01-18T17:15:00-06:00,2025-01-18 23:15:00+00:00,2025-01-18T17:30:00-06:00,2025-01-18 23:30:00+00:00,SBEAN_BESS,65.89
2025-01-18T17:30:00-06:00,2025-01-18 23:30:00+00:00,2025-01-18T17:45:00-06:00,2025-01-18 23:45:00+00:00,SBEAN_BESS,67.65
2025-01-18T17:45:00-06:00,2025-01-18 23:45:00+00:00,2025-01-18T18:00:00-06:00,2025-01-19 00:00:00+00:00,SBEAN_BESS,99.37
2025-01-18T18:00:00-06:00,2025-01-19 00:00:00+00:00,2025-01-18T18:15:00-06:00,2025-01-19 00:15:00+00:00,SBEAN_BESS,132.71
2025-01-18T18:15:00-06:00,2025-01-19 00:15:00+00:00,2025-01-18T18:30:00-06:00,2025-01-19 00:30:00+00:00,SBEAN_BESS,99.29
2025-01-18T18:30:00-06:00,2025-01-19 00:30:00+00:00,2025-01-18T18:45:00-06:00,2025-01-19 00:45:00+00:00,SBEAN_BESS,104.86
2025-01-18T18:45:00-06:00,2025-01-19 00:45:00+00:00,2025-01-18T19:00:00-06:00,2025-01-19 01:00:00+00:00,SBEAN_BESS,66.04
2025-01-18T19:00:00-06:00,2025-01-19 01:00:00+00:00,2025-01-18T19:15:00-06:00,2025-01-19 01:15:00+00:00,SBEAN_BESS,114.47
2025-01-18T19:15:00-06:00,2025-01-19 01:15:00+00:00,2025-01-18T19:30:00-06:00,2025-01-19 01:30:00+00:00,SBEAN_BESS,130.84
2025-01-18T19:30:00-06:00,2025-01-19 01:30:00+00:00,2025-01-18T19:45:00-06:00,2025-01-19 01:45:00+00:00,SBEAN_BESS,142.51
2025-01-18T19:45:00-06:00,2025-01-19 01:45:00+00:00,2025-01-18T20:00:00-06:00,2025-01-19 02:00:00+00:00,SBEAN_BESS,153.22
2025-01-18T20:00:00-06:00,2025-01-19 02:00:00+00:00,2025-01-18T20:15:00-06:00,2025-01-19 02:15:00+00:00,SBEAN_BESS,151.27
2025-01-18T20:15:00-06:00,2025-01-19 02:15:00+00:00,2025-01-18T20:30:00-06:00,2025-01-19 02:30:00+00:00,SBEAN_BESS,149.48
2025-01-18T20:30:00-06:00,2025-01-19 02:30:00+00:00,2025-01-18T20:45:00-06:00,2025-01-19 02:45:00+00:00,SBEAN_BESS,130.79
2025-01-18T20:45:00-06:00,2025-01-19 02:45:00+00:00,2025-01-18T21:00:00-06:00,2025-01-19 03:00:00+00:00,SBEAN_BESS,130.67
2025-01-18T21:00:00-06:00,2025-01-19 03:00:00+00:00,2025-01-18T21:15:00-06:00,2025-01-19 03:15:00+00:00,SBEAN_BESS,129.08
2025-01-18T21:15:00-06:00,2025-01-19 03:15:00+00:00,2025-01-18T21:30:00-06:00,2025-01-19 03:30:00+00:00,SBEAN_BESS,119.06
2025-01-18T21:30:00-06:00,2025-01-19 03:30:00+00:00,2025-01-18T21:45:00-06:00,2025-01-19 03:45:00+00:00,SBEAN_BESS,109.32
2025-01-18T21:45:00-06:00,2025-01-19 03:45:00+00:00,2025-01-18T22:00:00-06:00,2025-01-19 04:00:00+00:00,SBEAN_BESS,106.36
2025-01-18T22:00:00-06:00,2025-01-19 04:00:00+00:00,2025-01-18T22:15:00-06:00,2025-01-19 04:15:00+00:00,SBEAN_BESS,93.1
2025-01-18T22:15:00-06:00,2025-01-19 04:15:00+00:00,2025-01-18T22:30:00-06:00,2025-01-19 04:30:00+00:00,SBEAN_BESS,87.94
2025-01-18T22:30:00-06:00,2025-01-19 04:30:00+00:00,2025-01-18T22:45:00-06:00,2025-01-19 04:45:00+00:00,SBEAN_BESS,91.12
2025-01-18T22:45:00-06:00,2025-01-19 04:45:00+00:00,2025-01-18T23:00:00-06:00,2025-01-19 05:00:00+00:00,SBEAN_BESS,98.83
2025-01-18T23:00:00-06:00,2025-01-19 05:00:00+00:00,2025-01-18T23:15:00-06:00,2025-01-19 05:15:00+00:00,SBEAN_BESS,90.49
2025-01-18T23:15:00-06:00,2025-01-19 05:15:00+00:00,2025-01-18T23:30:00-06:00,2025-01-19 05:30:00+00:00,SBEAN_BESS,93.36
2025-01-18T23:30:00-06:00,2025-01-19 05:30:00+00:00,2025-01-18T23:45:00-06:00,2025-01-19 05:45:00+00:00,SBEAN_BESS,81.9
2025-01-18T23:45:00-06:00,2025-01-19 05:45:00+00:00,2025-01-19T00:00:00-06:00,2025-01-19 06:00:00+00:00,SBEAN_BESS,89.79
